address,name,country,Latitude,Longitude
Bypass Road Zankutu,Mtendere Medicine Store,KENYA,-1.1937988,36.7488686
Gitrose,Gitrose Pharmacy,KENYA,-1.2552408,36.6943718
Roysambu,Pecan medical center ,KENYA,-1.2185531,36.8884166
Kasarani ,Transfern pharmacy ,KENYA,-1.2203453,36.8945136
Kasarani arcade,TYMED PHARMACY ,KENYA,-1.218034,36.8968239
KASARANI,MOBICARE PHARMACY,KENYA,-1.2181221,36.899384
Pathway ngong road ,Jimstar pharmacy ,KENYA,-1.3042811,36.7420526
Seasons Lane,Romac Pharmacy ,KENYA,-1.2706834,36.8466657
Luqmman Petrol Station Kawangware ,Blue Ocean Pharmaceuticals ,KENYA,-1.2874717,36.74187810000001
Leribe Hlotse,Bophelo Pele Pharmacy,KENYA,-28.8742772,28.048548
Kibera DC,Amanda chemist,KENYA,-1.3069521,36.7871723
Wasafiri Rd,Nyano Chemist,KENYA,-1.2765299,36.8753942
COOPERATION UTHIRU ,TIBAZONE PHARMACEUTICALS ,KENYA,-1.2894046,36.7264492
Kinoo ,Aigle pharmacy,KENYA,-1.2548543,36.6933205
Adjacent to modern butchery next to electrical world mama ngina primary ,Lynce chemist kinoo,KENYA,-1.2556842,36.6939606
Jackmil supermarket kinoo,Careland pharmacy ,KENYA,-1.2555753,36.693623
supermetro morning stage at the tunnel,KINOO PHARMACY,KENYA,-1.2513265,36.6926342
"JUJA,ALONG WAY TO GATE C",JUBILEE CHEMIST,KENYA,-1.1003338,37.0129017
"Juja,orion",Alpha prestige,KENYA,-1.1028141,37.0095957
Ruiru Biashara Ward ,Benpeny Chemist,KENYA,-1.1469238,36.9587031
"Gataka road, behind maasai mall",MERPS PHARMACY,KENYA,-1.3946438,36.7632746
Rongai,De Agaro's pharmacy ,KENYA,-1.3930215,36.76122
Kiserian,St John medical centre ,KENYA,-1.42474,36.6944977
Nalepo ,Sunvalley Medical Centre,KENYA,-1.4200965,36.7037618
Mutindwa road ,Shukran Chemist ,KENYA,-1.2868387,36.8892662
umoja one,Healstarchem PHARMACY,KENYA,-1.2841847,36.8877447
Peacock ,Hightone pharmacy ,KENYA,-1.2783164,36.8908708
Near deliverance church Umoja ,Makaja pharmacy ,KENYA,-1.2808826,36.8912832
Spine road komarock,Brown's pharmacy komarock,KENYA,-1.2769031,36.9083541
"Opposite Mystic Bakers,Off Nderi Road,Kikuyu,Kenya, Kiambu",Begat chemist,KENYA,-1.2450938,36.66344000000001
None Provided,Ridges chemist,KENYA,-1.2182594,36.899377
Kinyanjui Road Kabiro Dagoreti North,Two Drops Chemist,KENYA,-1.2919492,36.7481629
Not provided,Maina Phamarcy,KENYA,-1.2959204,36.8050647
Nairobi,West Point Pharmacy Ltd,KENYA,-1.1898673,36.8963196
"Lilongwe City Mall, Nico center.
Shop no. GF 9",Churmad Retail Pharmacy ,KENYA,-1.3319206,36.8571633
"Northagate Arcade, 
Opp. MUBAS (formerly the Polytechnic) University
Ginnery Corner
Blantyre",Liberty Pharmacy,KENYA,-15.800489,35.0262205
"209 Kabiria
Kabiria rd, Kivuli Studios",Care Point Medical Center,KENYA,-1.2907135,36.7281831
Nyakinyua road,Hobel pharmacy,KENYA,-1.2917191,36.744436
P. O Box 1125 Lilongwe Malawi,Z+Plus Pharmacy,KENYA,-13.981972,33.7682437
,Royal Pharmacy,KENYA,-1.2775228,36.8502312
Liwonde,K&A Pharmacy,KENYA,,
Kawangware,Wakwa pharmacy,KENYA,-1.2873048,36.7416265
Junction Plaza Naivasha Rd,DocLine Pharmacy,KENYA,-1.275358,36.7340013
Kawangware,Philmed pharmacy,KENYA,-1.2860961,36.7453161
Kawangware,Cleophas,KENYA,-1.2341267,36.7484265
Across St John the Baptist Catholic Church,Makel Pharmacy,KENYA,-1.2819812,36.7367403
waithaka stage,Late night Pharmacy,KENYA,-1.2810689,36.714587
Kawangware,Cetamol pharmacy,KENYA,-1.2883611,36.7431511
Kabiria,Ibiza pharmacy,KENYA,-1.2902985,36.7271387
pathenois,gladys nkirote,KENYA,-1.2604112,36.7861987
Kabiria,Wakwa pharmacy,KENYA,-1.2873048,36.7416265
waithaka,Medipark Chemist,KENYA,-1.2999611,36.8132277
Kabiria,Yeti pharmacy,KENYA,-1.2902639,36.7270145
opposite St Pathenious church,Ibiza Dispensary,KENYA,-1.2860736,36.7052765
Kabiria,Juben pharmacy,KENYA,-1.2899716,36.724668
Kabiria,Alpha pharmacy,KENYA,-1.2833329,36.7473553
Kinyanjui road,Vince chemist,KENYA,-1.2933756,36.7457588
Opposite st John the baptist church naivasha road,Halisi chemist,KENYA,-1.2807669,36.7363625
Salim road,Trina pharmacy,KENYA,-1.2859995,36.7455585
Malawi,Ziweto Enterprise,KENYA,-13.907482,33.7871197
Kihunguro,Abisham Pharmacy,KENYA,-1.2592767,36.8670398
Kinyanjui,Zappa pharmacy,KENYA,-1.2917038,36.74727420000001
Lifestyle building thogoto,Thogoto Medical Center,KENYA,-1.2656816,36.6686043
Nyakinyua road,Vinnyl pharmacy,KENYA,-1.2917191,36.744436
Kabiria,Telaviv pharmacy,KENYA,-1.2907335,36.7282532
El-Elyon Building,Beavers Pharmacy,KENYA,-1.3541617,36.6575244
Nsungwi,Blaise Pharmacy,KENYA,-1.2870053,36.8812646
Gatundu opp law court,St Claire Chemist,KENYA,-1.0133967,36.9058388
Gatundu town opposite Gate B,Mk Chemist,KENYA,-1.2161489,36.8459559
Gatundu south opp hospital gate A,Ituru Chemist,KENYA,-1.0133967,36.9058388
Kilimani,Georgiolani,KENYA,-1.2950277,36.7865919
Wood Avenue Kilimani,Dial pharmacy,KENYA,-1.2849714,36.7929833
Paris lounge mirema,Noshmed,KENYA,-1.2109062,36.887089
Lumumba Drive,Mariwa Chemist,KENYA,-1.215894,36.88669160000001
TRM DRIVE,Pecan medical center,KENYA,-1.2185531,36.8884166
Roysambu,Monet Pharmacy,KENYA,-1.2160397,36.888378
Lumumba drive,Mediera pharma limited,KENYA,-1.2167102,36.8909762
Lumumba drive,Sphere pharmacy,KENYA,-1.2159632,36.8892676
Lumumba drive,Flo Dispensing Chemist,KENYA,-1.2158392,36.8870812
Utawala,Alvamed pharmacy,KENYA,-1.2880388,36.972539
Utawala,Gelna pharmacy,KENYA,-1.2800979,36.9646119
"Utawala/Githunguri Road,Bamuri Annex",Nollan Pharmaceuticals,KENYA,,
Utawala,Portico pharmacy,KENYA,-1.2880388,36.972539
Kasarani,Andron Chemist,KENYA,-1.2185276,36.9025676
Kasarani,Thika Drug Suppliers,KENYA,-1.2182814,36.90317
Kasarani,Kasa pharmacy,KENYA,-1.2175498,36.8999314
Kasarani,Kerich pharmaceuticals,KENYA,-1.2177565,36.9010854
Kasarani,Pharmapill,KENYA,-1.2172564,36.9030657
"Kassarani, Hunters Stage",Suncop Guardian Pharmacy,KENYA,-1.2274234,36.9181524
Kasarani,Mobicare,KENYA,-1.2181221,36.899384
Kasarani Hunters opp Mawega plaza,Nelard Pharmaceuticals,KENYA,-1.2266561,36.9187202
Kasarani,Jophycare pharmacy,KENYA,-1.2185332,36.8992969
"cetamol pharmacy utawala,plot no 6845.40",Cetamol pharmacy,KENYA,-1.2883611,36.7431511
Kasarani,Taalamu pharmacy,KENYA,-1.2177184,36.8972675
Kasarani,Taalamu,KENYA,-1.2177184,36.8972675
Kasarani,Tymed pharmacy,KENYA,-1.218034,36.8968239
Catholic rd,Beceran pharmaceutical,KENYA,-1.2352466,36.9344439
Kasarani,Magik pharmacy,KENYA,-1.2174564,36.89684099999999
Kasarani,Utugi Eldad pharmacy,KENYA,-1.2193784,36.8950757
"Mwiki Center Shop, A. C. K. Road, Nairobi, Kenya 9th strt",Mwiki Modern Maternity,KENYA,-1.2374702,36.9303829
Homeland,All health chemist,KENYA,-1.2639715,36.8055808
Mwiki ACK rd Baraka appartments,Uzima bann pharmacy,KENYA,-1.2213263,36.9404267
Buruburu,Hakati pharmacy,KENYA,-1.2846338,36.879465
Buruburu,Medcoza pharmacy,KENYA,-1.2905816,36.8825463
Buruburu phase 3,Ushirika Martian chemist,KENYA,-1.2857393,36.8805009
Umoja,Doc plus pharmacy,KENYA,-1.2844719,36.8863978
Umoja,Doc plus pharmacy,KENYA,-1.2844719,36.8863978
Umoja 125419,Bahati hospital,KENYA,-1.2789745,36.8878536
Umoja,Shukran pharmacy,KENYA,-1.2868387,36.8892662
Umoja Peacock,Dawatone Pharmacy,KENYA,-1.2821462,36.8965375
Umoja,Flawless pharmacy,KENYA,-1.28446,36.8852803
Peacock Umoja,Githimu pharmacy,KENYA,-1.2779878,36.8913308
Umoja,Goldlite pharmacy,KENYA,-1.2801063,36.8994287
142,Cadah,KENYA,,
Umoja 3,Farnharm Chemist,KENYA,-1.2986394,36.8114842
Umoja,Smashchem pharmacy,KENYA,-1.2789879,36.8885698
Opp salfo house komarocks,LC Pharmacy,KENYA,-1.278083,36.9081685
Donholm,Ruby pharmacy,KENYA,-1.2771184,36.915898
Donholm,Rofam pharmacy,KENYA,-1.3032147,36.88943829999999
Kayole,Chaste Pharmacy,KENYA,-1.2778832,36.9079116
Across Shujaa mall,Tenilla Dispensing Chemist,KENYA,-1.2810141,36.9059128
Donholm,Late night chemist,KENYA,-1.3021765,36.8881104
Donholm,Cela pharmacy,KENYA,-1.299483,36.8900842
DONHOLM,MOSAPO,KENYA,-1.2939161,36.8971181
Umoja 2 manyanja road opposite Berean fellowship church,Healthgiving Chemist,KENYA,-1.2840655,36.9003632
Mombasa Road,Cadila,KENYA,-1.3283452,36.8544379
Mkoma Rd,HillyChem,KENYA,-1.3044564,36.8624653
SouthC muhoho road,Niche pharmacy,KENYA,-1.3246911,36.8260391
South c,Bluevalley pharmacy,KENYA,-1.2085918,36.895987
south c,carol pharmacy,KENYA,,
South c five star road,Malkia pharmacy,KENYA,-1.3211449,36.8246014
Thiong'o road,Uzima chemist,KENYA,-1.2561907,36.886177
Thiongo road opposite st Joseph's,Bethany chemist,KENYA,-1.2842674,36.8251474
South c,Primo pharmacy,KENYA,-1.3260965,36.8306457
Amana,Yuzkidahi pharmacy,KENYA,-1.3264112,36.8280327
Lote tree medical center,Late chemist,KENYA,-1.3247989,36.8253472
Sourth C,Amist,KENYA,-1.3152957,36.823283
Madaraka shopping center,Meads pharmacy,KENYA,-1.3071758,36.8188149
Birongo square,Martpharma pharmaceuticals,KENYA,-1.3083725,36.8225792
Langata,Dosefield Chemist,KENYA,-1.3646402,36.7557993
Langata,Ellysad pharmacy,KENYA,-1.3411583,36.7538528
muhoho av,Royale Ruby Chemist,KENYA,-1.3257911,36.8255231
Kahawa wendani,Health Alone pharmacy,KENYA,-1.1895176,36.9330718
"Mawari building, Kahawa wendani",Allium Pharmacy,KENYA,-1.1960351,36.924853
kahawa wendani,Instant Healthcare,KENYA,-1.2729645,36.8198937
"Mwihoko, Githurai",Mwihoko Chemist,KENYA,-1.2069156,36.9206073
Baringo road kahawa sukari,Brimbond chemist,KENYA,-1.1908017,36.9322434
MATHIGU ROAD RUIRU TOWN,MATHIGU ROAD CHEMIST,KENYA,-1.1458857,36.9575814
Ruiru,Stage care phamarcy,KENYA,-1.1471559,36.9598375
Ruiru shopping center,Safari chemist,KENYA,-1.147016,36.9584749
Ruiru,Mzeemoja,KENYA,-1.149004,36.9545488
Ruiru wataalam,St Mary's mother&child hospital/pharmacy,KENYA,-1.1500272,36.9487051
Juja muchatha,Alliance Pharmacy,KENYA,-1.1034773,37.0133129
Along Gate C Street On Rising Cock Hostel Building.,Jubilee-Care Chemist,KENYA,-1.1003338,37.0129017
Green field Juja,Beta care,KENYA,-1.10149,37.0074973
Greenfield Juja,Mosya Chemist,KENYA,-1.3202664,36.8279014
Jkuat gate A,Johdenlife chemist,KENYA,-1.2932365,36.8069317
Kangemi,PHARMATRANS PHARMACY,KENYA,-1.2679455,36.7347859
Marenga road kangemi,Charki wellness chemist,KENYA,-1.2666057,36.7490562
Kangemi,Shangilia Pharmacy,KENYA,-1.269911,36.7537081
Kangemi,Medistry,KENYA,-1.267144,36.7492217
Kangemi,Genesis Pharmacy,KENYA,-1.2679455,36.7347859
Uthiru,Nam pharmacy,KENYA,-1.2619795,36.7183299
Uthiru,Apec pharmacy,KENYA,-1.2636877,36.7198391
Muthua,Zackii2,KENYA,,
Uthiru,Xtraspace pharmacy,KENYA,-1.2636877,36.7198391
Uthiru,Medhealth chemist,KENYA,-1.2618212,36.716945
Rongai,Mwananchi Pharmacy,KENYA,-1.2839381,36.7565275
"Rongai, Kware Market",Maclouds Pharmacy,KENYA,-1.3941255,36.7640763
Kware Rd Rongai,Home Based Medical Point,KENYA,-1.3957459,36.7641564
Rongai,Biostream pharmacy,KENYA,-1.392421,36.7661192
Rongai church road,Lecet pharmacy,KENYA,-1.3926833,36.7565075
"Pbag B516
Lilongwe",Mtendere medicine store,KENYA,-14.0611021,33.8024477
Rongai,Palmed pharmaceuticals,KENYA,-1.3969743,36.7522596
Masaai Lounge Rd,Agonist Pharmacy,KENYA,-1.3905669,36.769985
Maasai Lodge Rd,Messianic Medical center,KENYA,-1.3911108,36.772511
Rongai Maasai lodge,The maasai-lodge chemist,KENYA,-1.390658,36.7698455
Kiambu main stage,Jumalan pharmaceuticals,KENYA,-1.1702655,36.8281975
Kiambu town,Glamic pharmacy,KENYA,-1.170617,36.8278027
Wanjo Business center kiambu town,Narotana Healthcare limited (Gazania),KENYA,-1.1722347,36.8297306
Kiambu opp level 5 hosp,Daniil Chemist,KENYA,-1.1725889,36.830405
Joy arcade opp Kiambu law court,St James Healthcare Kiambu,KENYA,-1.1730482,36.8310179
"Kirigiti, Kamiti Rd",Alzapol Pharmacy,KENYA,-1.1718326,36.8430795
Kirigiti,Vikamed Pharmacy,KENYA,-1.171754,36.8423488
Kabuku,Doran Pharmacy,KENYA,-1.2819111,36.9015256
Githunguri,Hezran pharmacy,KENYA,-1.0569399,36.7791366
Githunguri,Miele pharmacy,KENYA,-1.0569399,36.7791366
Embakasi,Entallos,KENYA,-1.3277841,36.8992458
Imara Daima,Afyamax pharmacy,KENYA,-1.3249655,36.881545
pipeline,Afya Plus Chemist,KENYA,-1.2876736,36.8277787
Wangige Opp Makumi Rd house,Lowland Chemist,KENYA,-1.2205751,36.7128614
near Smarthome supermarket Wangige,Wellright chemist,KENYA,-1.2205128,36.7125344
Wangige center,Jaskiman pharmacy,KENYA,-1.2205207,36.7136889
Gachie Stage,Late Night Gachei Chemist,KENYA,-1.2202898,36.777428
Gachie,NIRA pharmacy,KENYA,-1.2859934,36.8270674
Gachie,Gachie health care centre,KENYA,-1.2148853,36.7675495
Thika town kisii road,Bright springs Pharmacy,KENYA,-1.0367898,37.0755555
Thika town Uhuru strt opp G4S,Executive Care Pharmacy,KENYA,-1.0367428,37.0751811
Thika Stadium Rd,Menya Chemist,KENYA,-1.0358438,37.0766735
Kenyatta highway thika,Metumi chemist,KENYA,-1.0385968,37.0833728
406,Pharmcare,KENYA,-1.2057254,36.9196765
Muthiga,Annointed Pharmacy,KENYA,-1.2493027,36.6845007
Kinoo,Westpark pharmacy,KENYA,-1.2920659,36.8219462
"Wambaa Rd, Muthiga",Health and Vibe Pharmacy,KENYA,-1.2536105,36.6851584
"Kinoo market, ACK rd",Tymar Pharmacy,KENYA,-1.252626,36.693025
MUHURI ROAD,BRISUN PHARMACY,KENYA,-1.2622175,36.7018788
Lucky summer,Falopeace chemist,KENYA,-1.2345294,36.9038803
"1191022 Ruaraka, Alsops",True Life Medical Center,KENYA,-1.2481694,36.8727812
"Standard Drive, Fedha Nyayo Gate B rd",Winston Medical Center,KENYA,-1.3112613,36.8993695
Fedha road,Enclave pharmaceuticals,KENYA,-1.3087658,36.9026882
Across Nyayo Estate gate B,Rosden Chemist,KENYA,-1.3136275,36.8955563
Tassia behind sda central,Mtaragon chemist,KENYA,-1.305929,36.8017079
"makuti kwa ndege, opp nyayo estate",EllaChem Pharmacy,KENYA,-1.3069791,36.9034575
Tassia Embakasi,Bettermed pharmacy,KENYA,-1.3066424,36.8936774
Tassia makuti,Afya pharmacy,KENYA,-1.2920659,36.8219462
Ruaka business center,Quickpharm pharmacy,KENYA,-1.2060097,36.7793977
Ngumo,Milele alpha health care,KENYA,-1.3113378,36.8000697
Ruaka business center,Joeton clinic,KENYA,-1.2076772,36.786096
Ngumo,Senba chemist,KENYA,-1.3195563,36.8371411
Magiwa Estate,A-Life Pharmacy,KENYA,-1.4074515,36.7081014
Ngumo,KER pharmaceuticals,KENYA,-1.3073614,36.8026179
Kapsoya eldoret,Arwet pharmacy,KENYA,-1.2547985,36.7973402
Kenyatta market,Accra Chemist,KENYA,-1.2217569,36.9080716
Kenyatta market,Sage pharmacy,KENYA,-1.2846606,36.8180869
Highrise,Hope health pharmacy,KENYA,-1.325314,36.8970779
Line Saba,Pioneer chemist,KENYA,-1.2713876,36.8204658
Mashimoni,Favour chemist,KENYA,-1.2800182,36.9102202
Maina kibra,JC chemist,KENYA,-1.3080949,36.7834376
Ngina road,Stanas chemist,KENYA,-1.2857,36.81984
"Rounda, Kasarani",Pharmtech Global,KENYA,-1.2588556,36.822989
"Huruma, Mathare",Fairchem Pharmacy,KENYA,-1.2621509,36.8657644
Mathare north road,Sidehill Pharmacy,KENYA,-1.2522439,36.8674089
Huruma,Minton pharmacy,KENYA,-1.2597254,36.8268476
Huruma,Rabkem Pharmaceuticals,KENYA,-1.2609826,36.8777461
Mathare Area 3,Vision Chemist,KENYA,-0.7964785999999999,37.1297872
Kahawa West,Norlac Chemist,KENYA,-1.1863264,36.9079538
Kahawa west,Gleam Pharmacy,KENYA,-1.1862664,36.9077891
Bima road opposite bima medical,Wellion pharmacy,KENYA,-1.2927715,36.8992003
Kahawa west,West Town chemist,KENYA,-1.1852196,36.9068288
Kahawa west,Azera pharmacy,KENYA,-1.1835554,36.9005074
Car wash,Vincom chemist,KENYA,-1.2370383,36.8105896
Chokaa,Marthana pharmacy,KENYA,-1.2490291,36.9528807
Dagoretti Market,Tamalaki Pharmacy,KENYA,-1.2862627,36.6871254
Mukiriti thika,Muscat pharmacy,KENYA,-1.0384145,37.0797569
Kiserian,Lanet Hills chemist,KENYA,-1.4319607,36.6860109
Kiserian,High Breeze Pharmacy,KENYA,-1.4267078,36.6898759
Kiserian stage,Wink pharmacy,KENYA,-1.429409,36.6859081
63 Ngong hills,Defepe what,KENYA,-1.4,36.6380556
Baricuba street California Eastleigh,NEXUSLIFE PHARMACY,KENYA,-1.2799103,36.8524891
Lumumba drive,Monet pharmacy Lumumba,KENYA,-1.2160397,36.888378
Opposite Shujaa Mall Kayole,Tenilla pharmacy ,KENYA,-1.2810141,36.9059128
Jogoo Rd,Beviemma Chemist,KENYA,-1.2937096,36.8613239
Donholm savannah,Medjens Savannah Pharmacy ,KENYA,-1.2971964,36.8940226
Utawala,Humane Pharmacy ,KENYA,-1.3162221,36.8989695
Tassia police post Embakasi,Chrismata pharmacy ,KENYA,-1.3100566,36.9004455
Tassia,Porters pharmacy ,KENYA,-1.3096937,36.8925159
Mooshee,Mooshee,KENYA,-1.2654113,36.99062380000001
Nyakinyua road,Hotel pharmacy ,KENYA,-1.2903664,36.74212929999999
Ts'enola Moreneng ,Homecare Pharmacy ,KENYA,-6.805663,39.2849569
Tradorrete complex ,Ether pharmacy,KENYA,-1.5336,36.7826
"NUL Campus Mzalas Complex Roma, Maseru ",Campus Wellness Pharmacy ,KENYA,-29.4512856,27.7206302
Naivasha road kawangware,Ninalink ,KENYA,-1.2904915,36.7455707
"Opposite MCC primary school,along Catherine dereva road",Sulda chemist,KENYA,-1.3445731,36.6660137
Ruaka town,Quickpharm pharmacy ,KENYA,-1.2060097,36.7793977
Zimmerman base road,Neighborcare chemist ,KENYA,-1.2869045,36.8897774
Zimmerman opposite sohan medical center,Naya Chemist,KENYA,-1.2056004,36.8968523
"Lower tunners ,off kamiti road",Zimmerange pharmacy,KENYA,-1.2087167,36.896422
Roysambu ,Danchly pharmacy ,KENYA,-1.2184133,36.8864857
Zimmerman base,MargPoint Chemist,KENYA,-1.2088443,36.8942172
quickmart,pharmilymed,KENYA,-1.2982701,36.7832207
Green 2,Primo pharmacy ,KENYA,-1.2684709,36.7483516
"Zimmerman Home depo, near mirema",The Maverick's Pharmacy ,KENYA,-1.2132114,36.8941331
Ngumba road ,Waniala chemist ,KENYA,-1.2000161,36.906549
Rurii Road soni,Mwamba chemist ,KENYA,-1.2838269,36.8266216
Githurai 44 opp naivas,Mwethia and company,KENYA,-1.1988382,36.9003649
Ngumba Road ,Waniela chemist ,KENYA,-1.2336062,36.8845344
Nairobi ,NAVIN PHARMACY ,KENYA,-1.1993282,36.9027997
"Kahawa West, Bima Road",Lanipharm ,KENYA,-1.1848684,36.9042414
Next to naivas kahawa west Station road betcam plaza ground floor,Westy pharmacy,KENYA,-1.1850146,36.9054398
K west karura road,Safechem Pharmacy ,KENYA,-1.263844,36.807778
Mlolongo ,Mesh plus  pharmacy ,KENYA,-1.374064,36.9231444
Golden medical clinic ,Golden medical clinic ,KENYA,-1.3943972,36.9419602
Mlolongo impala road,Kwa Hope Chemist,KENYA,-1.3951472,36.9417751
Embakasi athi river,Abby chemist,KENYA,-1.4522902,36.974174
"AthiRiver ,Mbwesen Business centre building. ",Contract Pharmaceutocals-Kenya,KENYA,-1.4582262,36.9770502
Arusha meat den kitengela,Adonai pharmacy,KENYA,-1.4761648,36.95818939999999
"Old namanga ,Old Coca Cola Kitengela ",BENICE ,KENYA,-1.4823212,36.9546342
Mirema drive Nairobi ,Epsilon ,KENYA,-1.3186397,36.8351987
kaira,kokuuu,KENYA,-1.2913603,36.7339344
Deliverance road kitengela,Nimomed Pharmacy ,KENYA,-1.4818884,36.9583585
Kahawa Wendani,Allium Pharmacy,KENYA,-1.1960351,36.924853
Kahawa Wendani,Allium Pharmacy,KENYA,-1.1960351,36.924853
kangemi,Obare Pharmacy,KENYA,-1.2679455,36.7347859
There,Trial,KENYA,-1.2920659,36.8219462
Wanyee Road,Eloc pharmacy ,KENYA,-1.2953742,36.7455442
Wanyee rd ,BONIS CHEMIST ,KENYA,-1.2949474,36.7478597
Kabiria Road ,Fast Health Pharmacy ,KENYA,-1.2908275,36.7327734
South B,Ark Digital,KENYA,-1.2608164,36.87744
Zimmerman center,Domain Care Pharmacy,KENYA,-1.2085276,36.8997757
Zimmerman Canopy,Nolan pharmacy ,KENYA,-1.2059489,36.8952592
Zimmerman near canopy club,Hallion medical center ,KENYA,-1.2063005,36.8948593
Liwonde next to national bank,K&A pharmacy ,KENYA,-15.0694115,35.2270731
420 Boulevard ,BetterHerbPharm(Test),KENYA,-1.2885807,36.7434526
Greenspot,The marshchem pharmacy,KENYA,-1.2047323,36.8959688
Kamakis,Jufan Pharmacy,KENYA,-1.1650403,36.9696471
Buruburu phase 5 sportpharm,Sportpharm chemist,KENYA,-1.2937908,36.8797927
Ngumba road,Blueline pharmacy ,KENYA,-1.2085918,36.895987
Githurai 45 gumba road,Jobbs chemist,KENYA,-1.2033456,36.9152292
Roundabout kahawa west ,Meditrade Pharmacy ,KENYA,-1.1851495,36.9069121
"Telegram Mall, Mlolongo",Dejan Pharmacy ,KENYA,-1.3916977,36.9405783
LIBERTY centre- Lang'ata Road ,Care-Plan Pharmacy ,KENYA,-1.3246697,36.7833155
Kabiria stage ,Lenmed pharmacy ,KENYA,-1.290656,36.7320028
Mlolongo police line,Jovi Pharmaceuticals ,KENYA,-1.3685031,36.9401517
Mlolonngo capstatiin lane,Gallys pharmacy,KENYA,-1.3319206,36.8571633
Mlolongo next to Family bank,Bujagali pharmacy ,KENYA,-1.3909593,36.9403984
Behind 3D's ,Maxwell chemist ,KENYA,,
Rpahta,Rapta Pharmacy,KENYA,-1.2611605,36.80197769999999
,Ultra Care Pharma,KENYA,-1.3272867,36.8915077
Archives,Lylide,KENYA,-1.2848354,36.8260022
National oil,Saaynex pharmacy ,KENYA,-1.2778042,36.9001114
Next Rubis Petro station opposite Powerstar Super market,Highcare pharmaceuticals ltd,KENYA,-1.2779609,36.8913474
"Kitengela, Deliverance Rd, Newton House",Kasrut pharmacy,KENYA,-1.4928076,37.2463473
Balozi road,Chiron Mediplus pharmacy ,KENYA,-1.4871967,36.9572101
Donhlom cartex ,M&M Westbrook Chemist,KENYA,-1.2897651,36.8971625
Donholm phase 5,Emmanuel Medical Center ,KENYA,-1.2925546,36.8998552
Donholm ,Sawalink pharmacy ,KENYA,-1.3018248,36.8901475
Donholm ,Bonmed healthcare services ,KENYA,-1.3016847,36.888386
Kahawa Sukari,Sukari Chemist,KENYA,-1.1894764,36.93286459999999
"Umoja,mtindwa",Goldlite pharmacy ,KENYA,-1.2846423,36.8848093
Dimples Supermarket Mutindwa Stage Umoja,Citation pharmacy ,KENYA,-1.2847919,36.884249
Umoja 1 SDA,ANGELLIC STAR PHARMACY ,KENYA,-1.2844625,36.885289
Deliverance Umoja,Sportmeds pharmacy ,KENYA,-1.2825103,36.902564
Umoja1 next to images guest house ,Fairdeal chemist,KENYA,-1.2820254,36.8969438
Umoja 1 Moi drive,Barnos Medicare ,KENYA,-1.2832919,36.8884715
Ruiru ,Benpeny Chemist,KENYA,-1.1469238,36.9587031
Kimbo ,Minimall pharmacy ,KENYA,-1.2075997,36.9289285
Kimbo Stage,Pharmatrans Ltd Pharmacy,KENYA,-1.14825,36.9604534
Kingajo bypass ,MEGAWELL PHARMACY,KENYA,-1.0734595,37.0952195
Conner 3 kiganjo,Jannice  chemist ,KENYA,-1.2864807,36.8229751
Utawala AP,Transit Pharmacy ,KENYA,-1.2807586,36.9642067
muthiga,wastpak,KENYA,-1.2289065,36.8418067
Maxima pharmaceuticals ,Maxima pharmaceuticals ,KENYA,-1.2891915,36.7535798
alexisjorge44@gmail.com,Galex pharmaceutical ,KENYA,-1.2884033,36.75050090000001
Kawangware soko mjinga,Fred chemist,KENYA,-1.2859995,36.7455585
ngumba road,blueline medical centre,KENYA,-1.2002097,36.9087252
Opposite Juja City Mall Maua,FIG TREE MEDICAL CENTRE,KENYA,-1.1254835,37.0034246
Witethie ,Witethie One Afyacare Chemist,KENYA,-1.2530089,36.8883399
Witeithie,Kernan life hospital ,KENYA,-1.235154,36.6750586
Witeithie,Peace chemist,KENYA,-1.3923534,36.7485674
WIEITHIE,MEDIZONE PHARMACY ,KENYA,-1.066585,37.0524759
Cross road thika,Dawasawa,KENYA,-1.0352467,37.07526
Vismed Medical Centre ,Vismed Healthcare Services ,KENYA,-1.0400151,37.0418154
THIKA CBD WHITELINE,MEDICRAFT PHARMACY,KENYA,-1.0534198,37.0729118
Unique supermarket Ngoingwa ,New Ngoingwa pharmacy ,KENYA,-1.0397071,37.04070859999999
"Syokimau ,Syokimart Buiding, Katani rd",Badge Pharmacy ,KENYA,-1.3647519,36.9454922
Syokimau katani rd,Rejona chemist,KENYA,-1.3687156,36.9169863
Thika. makongeni ,PANDE pharmacy ,KENYA,-1.0569879,37.1106545
"Syokimau,Syokimart Building",Badge Pharmacy,KENYA,-1.3647519,36.9454922
Imara daima kwa chief,Sapphire Pharmacy,KENYA,-1.3220917,36.8448685
KM,Hopepharm ,KENYA,-1.3956224,36.7641454
Matasia ,ENOOMAT ,KENYA,-1.2827439,36.8160566
Deliverance church ,Emunyani Medical Chemist,KENYA,-1.3898858,36.6812463
Matasia Deliverance church,Emunyani Medical Centre ,KENYA,-1.3069176,36.8021955
Kitengela ,Kyle Pharmacy,KENYA,-1.4823349,36.9601443
"Kirima, Njiru",Brievana Chemist,KENYA,-1.2497358,36.9528599
kitengela Deliverance road,Kyle Pharmacy Ltd,KENYA,-1.4823349,36.9601443
mwereri rd,floram pharmacy,KENYA,-1.4756257,36.957177
Syokimau,LIFE-CHEK PHARMACY,KENYA,-1.3767998,36.925761
mlolongo phase 3,Baraka ,KENYA,-1.3888707,36.952836
CBD,Mtaji Pharm,KENYA,-1.2861647,36.8271534
Nyayo Stadium,TryAccount,KENYA,-1.3039177,36.8236887
KAYOLE JUNCTION BEHIND DOVENEST RESTAURANT,UNICURE PHARMACY,KENYA,-1.278353,36.9077715
Kiserian ,MEDPLEX CHEMIST,KENYA,-1.4293031,36.6872005
kahawa west,joyline chemist,KENYA,-1.1972005,36.9024524
ngong ,space race,KENYA,-1.311053,36.745584
Kinganjo ,Nisamed pharmacy ,KENYA,-1.072757,37.0954027
Thika jomoko,Pure Life Pharmacy ,KENYA,-1.2198705,36.8890484
Thiks,Meditex pharmacy,KENYA,-1.2876736,36.8277787
KUTRH ,Salt and Light Pharmacy ,KENYA,-1.3037812,36.8103395
KUTRH ,Salt and Light Pharmacy ,KENYA,-1.3037812,36.8103395
Thika Ngoingwa,The Lords Chemist,KENYA,-1.2610085,36.8019247
"Golden Peacock, Lilongwe",D-tree,KENYA,-13.9610582,33.7990791
Posta Nairobi Ngong Road,Flavia Pharmacy,KENYA,-1.3001971,36.7738976
Kinyanjui Road,Gladema pharmacy ,KENYA,-1.2937274,36.7449832
ongata rongai,Napema pharmacy,KENYA,-1.392421,36.7661192
Nairobi CBD,Cray Pharma,KENYA,-1.3068231,36.8771554
Zimmerman ,Sohan Medical Centre,KENYA,-1.2140954,36.8957636
Githurai mwihoko,Cosmos medical centre,KENYA,-1.20599,36.9196685
Fedha road,Tesfa pharmacy ,KENYA,-1.3147787,36.8964428
"No100, Negombo Road.Kandana ",Family Clinic ,KENYA,7.044590500000001,79.8972367
Chokaa,Carlmuko Chemist,KENYA,-1.2498215,36.9514526
Sunton kasarani,Mwiki Road hospital/pharmacy,KENYA,-1.2297266,36.9215115
Makadara railway station ,Bwina pharmaceuticals ,KENYA,-1.2960273,36.8705727
Near Roseline Academy,Sinka Pharmacy ,KENYA,-1.2161518,36.7994133
Imara daima,Cetamol chemist imara,KENYA,-1.3253519,36.8802548
Santon road ,CELLY pharmacy ,KENYA,-1.2784218,36.8504755
NAIROBI,ELSHAMA LTD,KENYA,-1.2635472,36.8402287
LUMUMBA DRIVE ROYSAMBU,CHARLIK PHARMACY,KENYA,-1.215894,36.88669160000001
Athi river sokoni,Update chemists,KENYA,-1.4522902,36.974174
Athi River Nyambura,Pharmrob chemist,KENYA,-1.4571853,36.9751665
Zimmerman ,RADWAYS DISPENSING PHARMACY ,KENYA,-1.2098763,36.8995761
"Zimmerman Base Road, Nairobi, Kenya",Afueni chemist ,KENYA,-1.2093294,36.8949438
Athi river,Genevision pharmacy,KENYA,-1.4532496,36.971792
Zimmerman ACK Road opposite chiefs office ,Bonaim pharmacy ,KENYA,-1.2062072,36.89570200000001
"Kasarani Mwiki Road, Nairobi, Kenya",Abrapharma pharmaceuticals,KENYA,-1.2172469,36.8959913
Kitengela mwireri rd,Rofaplus Pharmacy ,KENYA,-1.4791361,36.95836
AR Campus,Best Care Pharmacy(Test),KENYA,-1.2852251,36.7531963
Karura 2 wamakumi,KARURA CHEMIST II  TILL 8073490,KENYA,-1.2196352,36.7128582
Kiambu town,Tamanji homes,KENYA,-1.1988598,36.9101749
"Argwings Kodhek Road, Nairobi, Kenya",Discovery Pharmacy,KENYA,-1.2946673,36.7971519
Lucky Summer ,HildaBensill,KENYA,-1.2386044,36.899007
babago,falo peac,KENYA,-1.2891239,36.949921
Ruiru land registry ,Fine living pharmacy ,KENYA,-1.145788,36.96005359999999
Mlolongo ,Lifemed 3ds mlolongo ,KENYA,-1.3940237,36.9390723
Mombasa,Braeghton ,KENYA,-4.023535,39.6304668
Saika,ONLINE ,KENYA,-1.2528969,36.913794
"Saika, Mwangenya",SABED PHARMACY ,KENYA,-1.2573158,36.9162208
"Kangundo Road, Umoja, Nairobi, Kenya",RANASE MEDICARE ,KENYA,-1.2789667,36.9072976
Chokaa,Tumaini Pharmacy ,KENYA,-1.2635376,36.9173265
Embul bul,Leevalchem pharmacy,KENYA,-1.3347861,36.673981
Embulbul ,Jomed chemist ,KENYA,-0.5433125,37.4566875
Pipeline,Malick Chemist,KENYA,-1.3204513,36.8962741
Olympic,Miliecare,KENYA,,
Kibera near Shofco Distributors ,Lynnacare Chemist ,KENYA,-1.306949,36.7871773
Along Gatwikira ,LakeSide Chemist ,KENYA,-1.3157648,36.7837175
Nairobi,City Kamar,KENYA,-1.213486,36.910767
1184,Tylenek ,KENYA,-1.2986566,36.7782771
Next to tosha kitengela west,Aceso pharmacy,KENYA,-1.4915684,36.9551409
,Davros pharmacy ,KENYA,-1.3205309,36.70374049999999
RONGAI,CARDINAL CHEMIST,KENYA,-1.3958137,36.7638655
Near Deliverance church Kariobangi South,Disanjo Chemist ,KENYA,-1.2650867,36.8826178
"516 Ruiru Entry Off Thika Road, Ruiru, Kenya",Jochamu Chemist Ruiru,KENYA,-1.147016,36.9584749
Kariobangi South civil ,Fima pharmacy ,KENYA,-1.2620109,36.8887916
Mutarakwa Road,Manfred medcare,KENYA,-1.265639,36.750018
Ruiru wataalam,Leewina Drug Stores,KENYA,-1.1463798,36.9578111
"Ruiru Kamiti Road, Kenya",Pentagon chemist ,KENYA,-1.147113,36.9594663
Ruiru wataalam,Family care hospital/chemist ,KENYA,-1.1720505,36.8423168
"Ruai,opp Fastmartt supermarket ",PATAN CHEMIST ,KENYA,-1.2693533,36.9930205
Thiongo road,PIO Pharmacy ,KENYA,-1.2728879,36.744336
Thiongo rd kangemi,Diabetic center,KENYA,-1.2674105,36.7349649
Ngong Kenya,Crowmed pharmaceuticals ,KENYA,-1.3621855,36.6555867
Kangemi ,Sunshine Chemist,KENYA,-1.2705263,36.7454636
Redsoil ,Pesh chemist,KENYA,-1.2563775,36.9241304
GITHURAI,GRITCARRE PHARMACY,KENYA,-1.2028974,36.9169883
Mwihoko ,Jollychem,KENYA,-1.206885,36.9205694
MIGORI TOWN,AFYA NZURI PHARMACEUTICALS,KENYA,-1.0615576,34.4743038
Mlolongo ,Mercilin Afya services ,KENYA,-1.3921923,36.9407301
Kayole spine rd,George Pharmacy,KENYA,-1.278353,36.9077715
"Kware,Rongai ",Barbie's chem ,KENYA,-1.2827303,36.82766
Ngong ,Lukamu chemist ,KENYA,-1.3630685,36.65592470000001
Ongata Rongai ,Cafran pharm chemist ,KENYA,-1.3967573,36.7480242
Nkoroi ,Heilen pharmacy ,KENYA,-1.3972098,36.7528888
ATHIRIVER,MANGAPHARM ATHI CHEMIST,KENYA,-1.457513,36.9745436
Kasarani ,Chemworld pharmacy ,KENYA,-1.2214489,36.9142962
Kasarani,Regenta chemist,KENYA,-1.2185628,36.8955596
kiwaki Ndumbuini,JOMOPHARM & MEDICAL SERVICES,KENYA,-1.2544496,36.7183104
Kasarani Hunters ,Alison Hospital/ Pharmacy ,KENYA,-1.2244633,36.920095
Sunton,Teshamed chemist ,KENYA,-1.2309656,36.91913960000001
Uthiru,Nam pharmacy,KENYA,-1.2619795,36.7183299
"Chokaa, near Catholic Church",Domain Healthcare ,KENYA,-1.2560561,36.9500303
,Kinka Stage Pharmacy ,KENYA,-1.2755418,36.8240373
Co-op bank Juja,Sanaa pharmaceutical,KENYA,-1.1062175,37.0146583
"DAVRUT COMPLEX, JUJA",EMAJENT CARE,KENYA,-1.1055519,37.0139047
KASARANI,MEDWIN PHARMACEUTICALS,KENYA,-1.233292,36.9294633
On Rising cock Hostel Building ,Jubiliee-Care Chemist ,KENYA,-1.1003338,37.0129017
"Ngong Road, Nairobi, Kenya",Elpason Chemist,Kenya,-1.3485312,36.66102679999999
kangemi,B-sons pharmacy,KENYA,-1.2673667,36.7509204
Kiambaa,Royal heathcare ,KENYA,-1.2146742,36.903498
"Kawangware Road, Nairobi, Kenya",polle pharmacy,Kenya,-1.2889561,36.7468204
Nairobi,Pro Star,KENYA,-1.2997966,36.7843403
"Kiganjo - British American Tobacco Road, Thika, Kenya",Lifechem kiganjo,Kenya,-1.0739425,37.09809010000001
Luckysummer ,Davisha Healthcare ,KENYA,-1.2374075,36.8986594
Lucky Summer,Lucky Summer Chemist ltd,KENYA,-1.2345294,36.9038803
"C19, Homa Bay, Kenya",E-mol pharmaceutical Ltd,Kenya,-0.5417508,34.4553829
Kibera,Tree Top Pharmacy ,KENYA,-1.2853715,36.8190588
"Ruiru Flyover, Ruiru, Kenya",MODERN HEALTH CHEMIST ,Kenya,-1.1528136,36.9730637
Pipeline ,Bripamu Medical Stores,KENYA,-1.3111251,36.8939304
MWIKI NEAR RONGAI SUPERMARKET,SKYLINE HEALTH,KENYA,-1.2350035,36.9323831
Ngumba Estate,Adonis Chemist,KENYA,-1.2336062,36.8845344
Satelite imara,Lilex Pharmaceuticals ,KENYA,-1.3268955,36.8526944
"Pipeline Estate Road, Nairobi, Kenya",the mopris pharmacy ,Kenya,-1.3219575,36.89737179999999
NGONG ,Africure pharmaceuticals ,KENYA,-1.3345815,36.67355939999999
garden city  mall,PINMARK   CHEMIST,KENYA,-1.2323323,36.8787058
"Garissa Road, Kenya",Shining ,Kenya,-1.2800424,36.8518946
"Oginga Odinga Road, Kisumu, Kenya",Kentons ,Kenya,-0.1015029,34.7519468
"Thika Road, Nairobi, Kenya",allpharm pharmacy ,Kenya,-1.2499146,36.8612924
Bee Center,Umoja base Clinic,KENYA,-1.2821248,36.8879083
"Juja Square Building, Ground Floor",Greenbay Pharmacy,KENYA,-1.1049818,37.0138051
"Nairobi, CBD",leo Pharmacy,KENYA,-1.2543259,36.720774
"Nairobi, CBD",Leo Pharmacy,KENYA,-1.2543259,36.720774
Red plate resturant,Talic pharmacy,KENYA,-1.2184806,36.8861218
ruiru,test,KENYA,-1.1443588,36.9485775
"Ghourian - Zendeh Jan - Herat Road, Zendeh Jan, Afghanistan",Edris-NaviD,Afghanistan,34.3455593,61.7414904
Davekon Palace,Davekon Pharmaceutical LTD,KENYA,-1.1722626,36.7580587
"Mombasa Road, Mlolongo, Kenya",Ndalani chemist,Kenya,-1.3915372,36.9404248
"Nairobi, CBD",Lilo,KENYA,-1.3106691,36.8250274
Nairobi ,shifaa chemist,KENYA,-1.2737878,36.845224
Imara Daima opposite Pefa Church,Mannah Healthcare ,KENYA,-1.3241918,36.8890776
njenga,falcon,KENYA,-1.3151019,36.8835772
Transami NorthAirport road,Emyrald Healthcare ,KENYA,-1.2950765,36.7981293
Thika,lifechem kiganjo,KENYA,-1.2645893,36.895604
Thika,kiganjo lifechem,KENYA,-1.0903718,37.1070416
Lavington,Jogevk,KENYA,-1.2829819,36.76666050000001
Matasia,Mongolia chemist,KENYA,-1.391753,36.6832653
NOOR HOUSE,ELLACARE PHARMACY,KENYA,-1.2634138,36.8036779
"Gandhinagar Road, Kolhapur, Maharashtra, India",Radheshyam medical ,India,22.7273365,88.33218629999999
"Bombolulu, Kibra",KIBRA CHEMIST,KENYA,-1.3120734,36.775065
Rosters ,Drughub Pharmacy ,KENYA,-1.2318004,36.8725528
Kamakis,Superfine Pharmacy,KENYA,-1.1705212,36.9703222
"Thika, Makongeni",JOWAMED CARE PHARMACEUTICAL LTD,KENYA,-1.0367264,37.0762971
P.O 32 MUMIAS,REMMY COSMETIC ,KENYA,-0.1004884,34.7537051
"Rising cock, Juja",Jubilee care,KENYA,-1.1003338,37.0129017
Molo Hse ,Nakuru Afya Chemist,KENYA,-0.2841077,36.0733805
Chairman road Kitengela,SIDAI CHEMIST,KENYA,-1.4779526,36.9577694
Eastern bypass,Tikvah Valley Pharmaceuticlas,KENYA,-1.1581624,36.9371627
Mountain View Mall,D.O pharmacy,KENYA,-1.2655861,36.7409511
Ruiru ,Faraja Chemist,KENYA,-1.1481922,36.9594771
Utawala Lakewood,Barbara Pharmacy,KENYA,,
Canopy Zimmerman.,Larrymed pharmaceuticals ,KENYA,-1.2127018,36.8954307
Dimples Pharmacy Ltd,Dimples Pharmacy Ltd,KENYA,-1.2153329,36.895116
CBD Nakuru ,Zen pharmaceuticals ltd,KENYA,-0.2852888,36.0706984
4,JESUSTAR  PHARMACY ,KENYA,-1.3111015,36.8010383
"Catherine Ndereba Road,Imara Daima",CareFirst ,KENYA,-1.3241918,36.8890776
Makina ,Tikotiko Chemist ,KENYA,-1.3080828,36.7819929
"Roasters,",SETIA KIARA PHARMACY,KENYA,-1.2333258,36.87290309999999
jjj,CareForte Pharmacy Ltd,KENYA,-1.3220062,36.8272554
Tassia,Ciref,KENYA,-1.310957,36.8925061
naivasha rd,Tomikol,KENYA,-1.2879038,36.7417115
"Lamu Road, Malindi ",Pine Court ,KENYA,-3.2087572,40.1172619
Merchant square Nairobi,testFFa1,KENYA,,
Kitengela,Loipan Pharmacy,KENYA,-1.4766794,36.9597949
72,Halleluyah chemist ,KENYA,-1.2698582,36.8990098
Uthiru stage,Tarapharm ,KENYA,-1.26445,36.721303
Rubis Gikambura,Holo Pharmacy ,KENYA,-1.3635143,36.6562294
42267 00100,VANIEZ ,KENYA,-1.2842387,36.7875052
Kikuyu Town,Betamed Chemist,KENYA,-1.2445352,36.662571
Maili 10,Mipani pharmacy ,KENYA,-1.4044871,36.7178531
"Jeda plaza, Lumumba drive, Roysambu ",Glanver ,KENYA,-1.2167602,36.8911789
kenyatta road,skynix medical,KENYA,-1.1280983,37.0066552
Komarock sector 3B opposite komarock modern hospital,EMIR HEALTH CENTER ,KENYA,-1.266125,36.910522
Rongai,Stemu pharmacy ,KENYA,-1.3925554,36.7510924
Rongai,Msamaria pharmaceuticals,KENYA,-1.3958255,36.763838
Rongai,Changu pharmacy ,KENYA,-1.3973904,36.7561417
Magadi Rd. opposite Church road ,Andre Pharmaceuticals ,KENYA,-1.3954461,36.7313557
"Trm drive, behind redplate",Vitalmeds,KENYA,-1.2189312,36.8861527
MOI DRIVE ,GRASTEL PHARMACY,KENYA,-1.287671,36.8918716
Rosters ,Hychem pharmacy ,KENYA,-1.2340801,36.8723291
LATEMA ROAD,MTALIANO PHARMACEUTICALS LIMITED (Nairobi),KENYA,-1.2823307,36.8251521
38 MUTHANGARI ROAD,SAINARD PHARMACEUTICALS LIMITED (Nairobi),KENYA,-1.2875861,36.7718006
KAMITI ROAD,WEST CONGO PHARMACY LIMITED (Nairobi),KENYA,-1.1898673,36.8963196
WANYEE ROAD,ABIJO PHARMACY- WANYEE (Nairobi),KENYA,-1.2953742,36.7455442
00206-176,ABM PHARMACY (NGARA STAGE) (Nairobi),KENYA,-1.2757621,36.8290212
MACHARIA ROAD,ABM PHARMACY LIMITED (Nairobi),KENYA,-1.2848129,36.7530976
SANTON STREET,ABRAPHARMA PHARMACEUTICALS KASARANI (Nairobi),KENYA,-1.2172469,36.8959913
KOMAROCK ROAD,ACCIPITRIDAE CHEMIST (Nairobi),KENYA,-1.2575249,36.9120257
SPINE RD,ACCRA PHARMACY LTD - OPPOSITE MLK HOSP (Nairobi),KENYA,-1.2755888,36.9109491
HAKATI ROAD,ACCRA PHARMACY LTD HAKATI (Nairobi),KENYA,-1.3066383,36.8024294
ACCRA ROAD,ACCRA-MED CHEMISTS LIMITED (Nairobi),KENYA,-1.2832624,36.8266431
NAIVASHA ROAD,ACE CARE PHARMACEUTICALS  (Nairobi),KENYA,-1.2829416,36.7369557
MWIKI ROAD,ACESO PHARMACY WELLNESS PHARMACY KASARANI (Nairobi),KENYA,-1.2333266,36.9294375
BREWERIES,ADONISI PHARMACEUTICALS (Nairobi),KENYA,-1.2688065,36.8093088
MUMIAS,AFRILIFE CHEMIST LTD (BURUBURU) (Nairobi),KENYA,-1.2688065,36.8093088
OUTERING ROAD,AFYACARE PHARMA (Nairobi),KENYA,-1.3089651,36.8936368
KANGUNDO,"AGA KHAN HEALTH  SERVICES,KENYA-RUAI (Nairobi)",KENYA,-1.2616578,36.9759005
,"AGA KHAN HEALTH SERVICES,KENYA - HOMA BAY (Nairobi)",KENYA,-1.2618776,36.8237412
SPINE ROAD,AGAROSE PHARMACY (Nairobi),KENYA,-1.2831312,36.9029929
MUHOHO AVENUE,AGMART PHARMACEUTICALS-MUHOHO AVENUE (Nairobi),KENYA,-1.323767,36.843886
3RD PARKLANDS AVENUE,AHWAN PHARMACEUTICALS LIMITED (Nairobi),KENYA,-1.2589182,36.8142488
MAJOR MURIITHI STREET,AHZAAB PHARMACY (Nairobi),KENYA,-1.2717589,36.8480778
AGOI RD PANGANI,AJWA PHARMACEUTICALS LIMITED (Nairobi),KENYA,-1.2647119,36.8389479
KAMITI ROAD,AKIMA PHARMACY (Nairobi),KENYA,-1.2059489,36.8952592
2ND AVENUE,AL-AQSA DISPENSING CHEMIST (Nairobi),KENYA,-1.2715424,36.8478688
HOMBE RD,AL-HANAF PHARMACY (Nairobi),KENYA,-1.2721321,36.8424626
7TH STREET,AL-HARAMAIN PHARMACEUTICAL COMPANY LIMITED (Nairobi),KENYA,-1.2744794,36.8506309
MUGO KIARIE PARKROAD,ALANE PHARMACY LTD (Nairobi),KENYA,-1.276733,36.8307703
5TH STREET,ALIF MEDICAL SERVICES LIMITED (Nairobi),KENYA,-1.2731049,36.8512824
HUNTERS,ALISON AGROCHEM CHEMISTS LIMITED (Nairobi),KENYA,-1.2253857,36.9210154
BAHATI ROAD,ALKEN PHARMACEUTICAL LTD (Nairobi),KENYA,-1.2880112,36.8620558
MANYAJA ROAD,ALKEN PHARMACEUTICAL LTD - B-CENTRE (Nairobi),KENYA,-1.2880112,36.8620558
HAMZA RD,ALKEN PHARMACEUTICALS LTD (Nairobi),KENYA,-1.2958752,36.86992360000001
JOGOO RD,ALKEN PHARMACEUTICALS-JOGOO RD (Nairobi),KENYA,-1.2958752,36.86992360000001
PIPELINE NEAR KENYA BUILDERS,ALLAMED PHARMACEUTICALS LIMITED (Nairobi),KENYA,-1.3128673,36.889599
OFF MUTARAKWA ROAD,ALLGREEN PHARMACEUTICALS (Nairobi),KENYA,-1.2460403,36.87666979999999
TENA ESTATE,ALLIUM PHARMACY (Nairobi),KENYA,-1.284749,36.9000191
BIMA ROAD,ALLOPHARM PHARMACY (Nairobi),KENYA,-1.2172469,36.8959913
GLADYS GIRLS HIGH SCHOOL,ALLPHARM CHEMIST (Nairobi),KENYA,-1.1990686,36.9031977
KANGUNDO ROAD,ALLYWOOD PHARMACY & DISPENSING CHEMIST (Nairobi),KENYA,-1.2579931,36.921258
KIRONGOTHI STREET,ALMIS PHARMACEUTICAL LIMITED (Nairobi),KENYA,-1.2705845,36.84557
KABIRIA,ALMOND PHARMACY KABIRIA (Nairobi),KENYA,-1.2913585,36.7339325
UMOJA THREE STREET,ALPHADOSE PHARMACY (Nairobi),KENYA,-1.2715203,36.89315819999999
UTAWALA-GITHUNGURI RD,ALPHAMED DESPENSING CHEMIST (Nairobi),KENYA,-1.2849625,36.987496
MOI DRIVE,ALPRECO DISPENSING CHEMIST (Nairobi),KENYA,-1.2869817,36.8945577
NAIROBI KARATINA HIGHWAY,ALTITUDE PHARMACY,KENYA,-1.2597254,36.8268476
,ALUMIX HEALTHCARE LIMITED - (Nairobi),KENYA,-1.2849438,36.9861242
MARKET ROAD,ALVODEV PHARMACEUTICALS LIMITED (Nairobi),KENYA,-1.2469388,36.8686616
CHURCH ROAD,AMARANDA PHARMACY (Nairobi),KENYA,-1.3139741,36.9012134
SPINE ROAD,AMICARE CHEMISTS (Nairobi),KENYA,-1.2752485,36.910138
OLE SHAPARA ROAD,AMIST CHEMISTS LIMITED (Nairobi),KENYA,-1.3152957,36.823283
KASARANI MWIKI ROAD,ANDRON CHEMIST (Nairobi),KENYA,-1.2185276,36.9025676
MOI DRIVE,ANGELIC STAR PHARMACY (Nairobi),KENYA,-1.2834847,36.889222
KIAMBU ROAD,ANGRAC COMPANY LIMITED (Nairobi),KENYA,-1.2773221,36.8158265
OUTERING ROAD,ANISAH CHEMIST (Nairobi),KENYA,-1.3210273,36.8974843
MANYANJA STREET,ANIVCARE HEALTH PHARMACY (Nairobi),KENYA,-1.3211336,36.8006868
KIBIKU,ANMARC CHEMIST (Nairobi),KENYA,-1.2735173,36.96363580000001
UHURU ROAD,ANNOINTED PHARMACEUTICALS LTD-MUTHIGA STAGE (Nairobi),KENYA,-1.2493027,36.6845007
MOI DRIVE,ANTOCHEM PHARMACY (Nairobi),KENYA,-1.2786587,36.88855
MUTUINI,ANTONIO MEMZCHEMIST (Nairobi),KENYA,-1.2953175,36.6984177
THIRD PARKLANDS AVENUE,APOCARE PHARMACY LIMITED (Nairobi),KENYA,-1.2624961,36.8222835
MARKET ROAD,Eliss Medical Center,KENYA,0.4190794,34.4267571
KIPKAPUS  ROAD,APOLO HEALTHCARE-NAIROBI (Nairobi),KENYA,-1.2575724,36.8117362
LANGATA RD,APPLEGENE PHARMACY LTD (Nairobi),KENYA,-1.32349,36.70831
MONROVIA STREET,APPLETON PHARMACEUTICALS LIMITED (Nairobi),KENYA,-1.2816014,36.818184
MATHARE NORTH ROAD,ARABICA CHEMISTS-KASARANI (Nairobi),KENYA,-1.2522439,36.8674089
LUCKY SUMMER ROAD,ARABICA CHEMISTS-LUCKY SUMMER ROAD (Nairobi),KENYA,-1.2345294,36.9038803
AL-HIDAYA AREA,ARFAAT PHARMACY- EASTLEIGH (Nairobi),KENYA,-1.2736832,36.8511881
RIVERSIDE DRIVE,ARNICA PHARMACEUTICALS LTD (Nairobi),KENYA,-1.2694513,36.7998296
FEDHA ROAD TASSIA,ARYA PHARMACEUTICALS (Nairobi),KENYA,-1.3068667,36.8969262
LANGATA SOUTH ROAD,ASCENT MEDMART (Nairobi),KENYA,-1.3590694,36.7468779
,ASHBRIDGE PHARMACEUTICALS (Nairobi),KENYA,-1.271185,36.8493086
GINGURI UTAWALA ROAD,ASHOKEM PHARMACEUTICALS (Nairobi),KENYA,-1.2857603,36.984962
FEDHA AVENUE,ASMIT PHARMACEUTICALS - FEDHA (Nairobi),KENYA,-1.3138776,36.8951043
GICHUGU ROAD,ASMIT PHARMACEUTICALS LTD (Nairobi),KENYA,-1.2774177,36.7917285
MUNYU ROAD,ASSURED PHARMACEUTICALS LTD (Nairobi),KENYA,-1.2844938,36.828068
OLE SANGALE ROAD,ASTRAVALE PHARMACEE LTD (Nairobi),KENYA,-1.2920658,36.8219462
GENERAL MATHENGE DRIVE,AURA HEALTHCARE LIMITED (Nairobi),KENYA,-1.2520284,36.7946567
KAREN-NGONG,AVA PHARMACY LIMITED (Nairobi),KENYA,-1.3205309,36.70374049999999
12 TH,AWALE II PHARMACEUTICALS LTD (Nairobi),KENYA,-1.2706834,36.8466657
"2ND AVENUE,5TH STREET",AWALE PHARMACEUTICALS LTD (Nairobi),KENYA,-1.2706834,36.8466657
NAIROBI ROAD,AWASICARE PHARMACY,KENYA,-1.3205309,36.70374049999999
KAMITI ROAD,AZERA PHARMACY (Nairobi),KENYA,-1.1835554,36.9005074
11TH STREET,AZRAH MEDICAL CENTRE LIMITED (Nairobi),KENYA,-1.2774587,36.85141
KATANI ROAD,BADGE PHARMACY (Nairobi),KENYA,-1.3647519,36.9454922
FIFTH STREET,BAHRAIN PHARMA LIMITED (Nairobi),KENYA,-1.2607843,36.8082989
,BALKAM PHARMACEUTICALS (Nairobi),KENYA,-1.2964585,36.7995443
WAWERU ROAD,BAMCHEM PHARMACY-NAIROBI (Nairobi),KENYA,-1.2856445,36.8297902
KAMITI ROAD,BANADOZ PHARMACEUTICALS (Nairobi),KENYA,-1.2004353,36.9005796
JAM STREET,BARAKAAT CHEMIST LIMITED- USHIRIKA (Nairobi),KENYA,-1.2742434,36.8435388
KIPANGA ATHUMANI ROAD,BARAKAAT CHEMIST LTD (Nairobi),KENYA,-1.2742434,36.8435388
KIPANDE ATHUMANI,BARIYOW MEDICAL CENTRE LTD (Nairobi),KENYA,-1.2741186,36.844201
OUTERING ROAD,BARTON PHAMACY (Nairobi),KENYA,-1.317058,36.8959223
KAMITI ROAD,BASE DRUG PHARMACY (Nairobi),KENYA,-1.1852458,36.9068067
BIMA ROAD,BASE PHARMACEUTICALS (Nairobi),KENYA,-1.1852458,36.9068067
,BEALLARA PHARMACY (Nairobi),KENYA,-1.3244384,36.8984997
MOMBASA ROAD,BEKY HOLDING PHARMACY LTD (Nairobi),KENYA,-1.3127776,36.8295928
LIMURU ROAD,BEKY HOLDINGS PHARMACY (Nairobi),KENYA,-1.2323179,36.8035009
5TH AVENUE,BEN-AMMI PHARMACIES LTD (Nairobi),KENYA,-1.272905,36.851265
RAGATI,BEN-AMMI PHARMCIES- NHIF (Nairobi),KENYA,-1.2959953,36.8082191
KANGUNDO RD,BENAMED PHARMACY (Nairobi),KENYA,-1.2525589,36.927833
KANGUNDO ROAD,BENCHMARK PHARMACY (Nairobi),KENYA,-1.2523093,36.9497128
NGONG\' ROAD,BERRIES PHARMACY (Nairobi),KENYA,-1.277364,36.8760519
KAMITI RD,BETTAN PHARMACY (Nairobi),KENYA,-1.1975121,36.9025748
KANGUNDO ROAD,BEVCO PHARMACEUTICAL (Nairobi),KENYA,-1.3244384,36.8984997
MANYANJA ROAD,BEVEL CHEMIST-UMOJA II (Nairobi),KENYA,-1.284504,36.9002232
FIRST AVENUE,BEYOND PHARMACEUTICALS-EASTLEIGH (Nairobi),KENYA,-1.2837102,36.7586288
NGARA ROAD,BHAVESH CHEMIST (MAIN) (Nairobi),KENYA,-1.275237,36.8219406
NGARA ROAD,BHAVESH CHEMIST (TOMFRANK) (Nairobi),KENYA,-1.275237,36.8219406
MFANGANO ST,BIBO PHARMACEUTICALS LTD-MFANGANO (Nairobi),KENYA,-1.2763955,36.8268934
JOGOO ROAD,BIG BROTHERS CHEMIST (Nairobi),KENYA,-1.291999,36.8458016
MANYANJA ROAD,BIGSTAR PHARMACY (Nairobi),KENYA,-1.2906482,36.9029842
OFF KANGUNDO RD,BILLY\'S CHEMISTS (Nairobi),KENYA,-1.2871746,36.89397
MFUBUNDU RD,BINGWA PHARMCARE (Nairobi),KENYA,-1.2846548,36.8572037
JUAKALI RD,BIOLIVE CHEMIST (Nairobi),KENYA,-1.2931221,36.7897254
NYAYO,BITAB PHARMACY (Nairobi),KENYA,-1.3082142,36.9118572
KLARIE HIHU ROAD 8,BIYON HEALTH CARE LIMITED (Nairobi),KENYA,-1.260093,36.8026754
MUGUMONI ST.,BIZET PHARMA LTD (Nairobi),KENYA,-1.2828012,36.8160691
ELDORET ROAD,BLESSED JAB (Nairobi),KENYA,-1.2868487,36.862608
NGARA,BLIXEN PHARMA LTD (Nairobi),KENYA,-1.2710617,36.8325956
OFF KANGUNDO ROAD,BLOOMMED PHARMACY (Nairobi),KENYA,-1.2569541,36.9215126
KAMUNDE RD,BLOSSOM PHARMACEUTICALS (Nairobi),KENYA,-1.2803592,36.82219449999999
NAIVASHA ROAD,BLUE OCEAN PHARMACEUTICALS (Nairobi),KENYA,-1.2808859,36.825352
KAMUNDE RD,BLURACE CHEMIST (Nairobi),KENYA,-1.2531156,36.885908
KANGUNDO ROAD,BOMA PHARMACEUTICAL LIMITED (Nairobi),KENYA,-1.2515793,36.954872
CDF ROAD OFF MANYAJA ROAD,BON SANTE PHARMACEUTICALS LTD  (Nairobi),KENYA,-1.265401,36.802428
THIKA RD,BOND PHARMACEUTICALS (Nairobi),KENYA,-1.2316361,36.8838508
EASTERN BYPASS,BONFAITH HEALTHCARE LIMITED-HURUMA (Nairobi),KENYA,-1.2782375,36.9475655
OUTERING ROAD,BONGO PHARMACEUTICALS-TARSIA (Nairobi),KENYA,-1.3093441,36.8936934
WANYEE ROAD,BONIS CHEMIST (Nairobi),KENYA,-1.2949474,36.7478597
IGIRIAKURUI ROAD,BRANSTONE PHARMACY (Nairobi),KENYA,-1.300208,36.7826062
METAMETA ROAD,BREAMS PHARMACARE (Nairobi),KENYA,-1.2582779,36.8665201
KARADINI,BRETT PHARMACY  (Nairobi),KENYA,-1.2656313,36.807071
WANYEE ROAD,BRIGHT HOPE PHARMACEUTICAL (Nairobi),KENYA,-1.2890034,36.752599
6THSTREET,BRIXTONES PHARMACEUTICALS (Nairobi),KENYA,-1.2843713,36.8263292
OFF OUTER RING RD,BROMS CHEMIST (Nairobi),KENYA,-1.2365235,36.7929938
BROOKSIDE DRIVE,BROOKLANE PHARMACEUTICALS LTD (Nairobi),KENYA,-1.2569785,36.7872909
THIGIRI RIDGE RD,BROSH PHARMACEUTICALS LTD (Nairobi),KENYA,-1.2365235,36.7929938
THIKA ROAD,BRUTAX PHARMACY (Nairobi),KENYA,-1.2308892,36.8763224
MIRIAMS RD,BUDGET PHARMACEUTICAL LTD (Nairobi),KENYA,-1.2607843,36.8082989
ELDORET-NAIROBI ROAD,BUDGET PHARMACEUTICALS LIMITED-(JAMBONI),KENYA,,
MUINAMI STREET,BULALE MEDICAL AND PHARMACY (Nairobi),KENYA,-1.2825207,36.84702830000001
,BWINA PHARMACEUTICALS (Nairobi),KENYA,-1.2960273,36.8705727
MOMBASA ROAD,BYPASS PHARM CHEMIST (Nairobi),KENYA,-1.3221998,36.8444688
CROSS RD,CABEN PHARMACY (Nairobi),KENYA,-1.2844627,36.8233367
8TH STREET,CALIFORNIA MEDICAL POINT LTD (Nairobi),KENYA,-1.279892,36.8494999
MUMIAS SOUTH-MUTINDWA JUNCTION,CANAAN PHARMACEUTICALS LTD (Nairobi),KENYA,-1.2869377,36.8808047
MUMIAS SOUTH SOUTH ROAD,CANAAN PHARMACEUTICALS LTD -PETOSAM HOUSE (Nairobi),KENYA,-1.2869377,36.8808047
UTAWALA BYPASS,CANTONS CHEMIST (Nairobi),KENYA,-1.2814774,36.9591757
SAIKA ESTATE OFF KANGUNDO ROAD,CAPERNAUM CHEMIST (Nairobi),KENYA,-1.2520922,36.9155645
FLATS ROAD,CARE MORE PHARMACY (Nairobi),KENYA,-1.2817009,36.816972
PIPELINE ROAD NAIROBI,CAREWELL PHARMACY (Nairobi),KENYA,-1.3204513,36.8962741
LUMUMBA DRIVE,CARIS PHARMACY (Nairobi),KENYA,-1.215894,36.88669160000001
LIMURU ROAD,CARLTONS CHEMIST LTD-LIMURU RD (Nairobi),KENYA,-1.201146,36.7633877
WOODVALE GROOVE,CATERWELL  PHARM (Nairobi),KENYA,-1.263327,36.8033246
FOURWAYS JUNCTION,CEDAR PHARMACARE LIMITED - FOURWAYS JUNCTION (Nairobi),KENYA,-1.1307381,36.7648591
TOM MBOYA STREET,CEDAR PHARMCARE LTD - TOM MBOYA STREET (Nairobi),KENYA,-1.2820164,36.8229131
MWIKI ROAD,CEFACHEM PHARMACY (Nairobi),KENYA,-1.2342558,36.9308481
SAVANNAH ROAD,CELA LIMITED (Nairobi),KENYA,-1.30609,36.834669
JOGOO ROAD,CELMAR CHEMIST (Nairobi),KENYA,-1.2969764,36.874708
OUTERING RD,CELYDA PHARMACY (Nairobi),KENYA,-1.286747,36.8956525
MTONGWE ROAD - NGUMO,CENBA CHEMISTRY (Nairobi),KENYA,-1.3085265,36.7988324
LIMURU,CENTURION PHARMACY (Nairobi),KENYA,-1.2104966,36.7953836
OUTERING ROAD,CESSCHEM PHARMACEUTICALS- EMBAKASI (Nairobi),KENYA,-1.3219849,36.896581
UTAWALA GITUNGULI,CETAMOL PHARMACY (Nairobi),KENYA,-1.2886762,36.9740433
SPINE ROAD,CETAMOL PHARMACY CHOKAA (Nairobi),KENYA,-1.2498215,36.9514526
UMOJA 2,CHALEMWAS PHARMACY LTD (Nairobi),KENYA,-1.2800748,36.8959532
LUMUMBA DRIVE,CHARLIK PHARMACY (Nairobi),KENYA,-1.215894,36.88669160000001
KIAMBU ROAD,CHARLIZE PHARMACY  (Nairobi),KENYA,-1.2126462,36.83673820000001
LANGATA ROAD,CHARZEL HEALTH CHEMIST (Nairobi),KENYA,-1.3218752,36.8014583
TOM MBOYA,CHASTED CHEMIST (Nairobi),KENYA,-1.2884231,36.8277974
MWIKI ROAD,CHEDOC PHARMACY (Nairobi),KENYA,-1.2334749,36.93146710000001
OUTERING,CHEMFAM PHARMACEUTICAL LTD (Nairobi),KENYA,-1.3044564,36.8624653
MUMIAS SOUTH ROAD,CHEMMART PHARMACY (Nairobi),KENYA,-1.2929039,36.8823835
OFF MWIKI RD,CHEMWORLD PHARMACY - MWIKI RD (Nairobi),KENYA,-1.2214489,36.9142962
OFF KAMITI ROAD,CHEMWORLD PHARMACY -ZIMMERMAN (Nairobi),KENYA,-1.2214489,36.9142962
KASARANI MWIKI ROAD,CHEMWORLD PHARMACY-KASARANI (Nairobi),KENYA,-1.2214489,36.9142962
MURADI ROAD,CHIEKO  CHEMIST  (Nairobi),KENYA,-1.2346828,36.9178284
KIGWATHI STREET,CHLOE-PHARM PHARMACY (Nairobi),KENYA,-1.2871194,36.9513925
KISUMU /NAIROBI STREAT,Palmcare Center,KENYA,-0.0873308,34.7814815
1ST AVENUE,CISTEIN PHARMACEUTICALS LTD (Nairobi),KENYA,-1.2705665,36.8487931
"RHAPTA ROAD, WESTLANDS",CITY GATE PHARMACY LTD (Nairobi),KENYA,-1.264401,36.7904291
3RD PARKLANDS AVENUE,CITY MED PHARMACY LIMITED-RIDGE COURT  (Nairobi),KENYA,-1.2590695,36.8159301
KARIOBANGI SOUTH,CITY VIEW CHEMIST (Nairobi),KENYA,-1.2655613,36.8817053
WARUINGE STREET,CITYLINK PHARMACY-BRANCH (Nairobi),KENYA,-1.2799759,36.8472507
LIMURU ROAD,CITYMED PHARMACY LTD-NAIROBI (Nairobi),KENYA,-1.2597254,36.8268476
BURUBURU,CKS DIALYSIS CENTRE LTD-BURUBURU (Nairobi),KENYA,-1.2922992,36.88155649999999
OFF JUJA ROAD CHAI ROAD AT THE JUNCTION,CKS DIALYSIS CENTRE LTD-PANGANI (Nairobi),KENYA,-1.2695712,36.8389762
MOI DRIVE,CLARIPHARM PHARMACEUTICALS LTD -UMOJA (Nairobi),KENYA,-1.2868704,36.8943195
KILOME  ROAD,CLINMED CHEMIST (Nairobi),KENYA,-1.2946424,36.797018
LANG\\\'ATA ROAD,COLMED PHARMACEUTICALS LIMITED-LANGATA (Nairobi),KENYA,-1.3259731,36.7779941
OFF OUTERING RD,CONNECTIONS DESPENSING CHEMIST LTD (Nairobi),KENYA,-1.3204293,36.8993222
STREET PARKLANDS ROAD,CORNER PHARMACY LIMITED (Nairobi),KENYA,-1.262398,36.8036676
AOKO ROAD,COSBY AND HEIRS PHARMACY  (Nairobi),KENYA,-1.3145452,36.8480869
KIKUYU ROAD,COSIGN CHEMIST (Nairobi),KENYA,-1.2837402,36.7270337
KAREN NGONG ROAD,CROSSAL CHEMICAL SERVICES (Nairobi),KENYA,-1.3661316,36.7429681
MWANGAZA RD,D-CHEM PHARMACEUTICAL LIMITED (Nairobi),KENYA,-1.2678189,36.9119659
NGONG ROAD,DAHLIA PHARMACY LIMITED (Nairobi),KENYA,-1.3001971,36.7738976
NAIVASHA ROAD,DAJIM PHARMACY (Nairobi),KENYA,-1.2636775,36.7189075
OUTER RING ROAD,DALCAMED LIMITED - DONHOLM BRANCH (Nairobi),KENYA,-1.3021765,36.8881104
COSMAS NDETEI ROAD,DALCAMED LIMITED - IMARA DAIMA BRANCH (Nairobi),KENYA,-1.3249655,36.881545
MWANGAZA ROAD,DAM CARE PHARMACEUTICALS LIMITED (Nairobi),KENYA,-1.267852,36.9119967
KOINANGE STREET,DAMCO PHARMA LIMITED (Nairobi),KENYA,-1.2833857,36.8182686
KANGUNDO RD,DAMUKU PHARMACEUTICALS LTD (Nairobi),KENYA,-1.2681795,36.9198863
WAIYAKI WAY,DAN PHARMACIE LIMITED-KANGEMI (Nairobi),KENYA,-1.2639124,36.7639638
DURUMA ROAD,DANCHEM PHARMACY LIMITED - NAIROBI CBD (Nairobi),KENYA,-1.282181,36.8278998
UTAWALA RD,DANNES PHARMACY LTD - UTAWALA (Nairobi),KENYA,-1.3117215,36.9136669
EMBAKASI ROAD/BY PASS,DANTON PHARMACY LTD  (Nairobi),KENYA,-1.1881111,36.8918669
THOME MARURUI ROAD,DARLHA PHARMACY (Nairobi),KENYA,-1.2285438,36.8703937
KAMUNDE ROAD,DARNOPHARM CHEMIST (Nairobi),KENYA,-1.2523661,36.881902
LANDHIES ROAD,DAROMA CHEMIST (Nairobi),KENYA,-1.2523661,36.881902
KIKUYU,DASAE CHEMIST (Nairobi),KENYA,-1.2809205,36.719906
SAVANNA ROAD,DATCHE PHARMACEUTICALS (Nairobi),KENYA,-1.2923713,36.8997514
GITANGA ROAD,DAVRY PHARMACEUTICALS (Nairobi),KENYA,-1.2872743,36.7484908
WOOD STREET,DAYAH PHARMACEUTICALS LTD (Nairobi),KENYA,-1.2741491,36.8440512
OFF JUJA ROAD,DEFINO PHARMACY (Nairobi),KENYA,-1.2650778,36.8454546
NAIROBI KISERIAN ROAD,DELAM CHEMIST,KENYA,-1.4293031,36.6872005
KIBARAGE,DELCHEM PHARMACY (Nairobi),KENYA,-1.2867589,36.9120408
RABAI ROAD,DELTON PHARMACEUTICAL LIMITED (Nairobi),KENYA,-1.2952756,36.8768021
VILLAGE STREET,DENSON CHEMIST (Nairobi),KENYA,-1.3193216,36.9016436
MONDLANE STREET,DEVAS EXPRESS CHEMIST (Nairobi),KENYA,,
BYPASS,DEVINS PHARMACY (Nairobi),KENYA,-1.2793102,36.9683445
OUTERING ROAD,DEWMED KENYA LIMITED (Nairobi),KENYA,-1.3003774,36.8195105
NGARA,DIABETES MANAGEMENT RESOURCE CENTRE KENYA LIMITED (Nairobi),KENYA,-1.2758943,36.8239233
WAUDO,DIAMED PHARMACEUTICALS (Nairobi),KENYA,-1.2469249,36.8740883
KIRONGOTHI,DIGFER PHARMACY (Nairobi),KENYA,-1.2723255,36.8451887
OUTERING,DILABIT PHARMACY LTD-MLOLONGO (Nairobi),KENYA,-1.3193704,36.8965269
KANISANI ROAD,DINE PHARMACEUTICALS (Nairobi),KENYA,-1.3817405,36.928929
NEW KCC,DINGA PHARMACY (Nairobi),KENYA,-1.303666,36.8404826
TSAVO ROAD,DIPLOMAT MEDICAL SUPPLIES (Nairobi),KENYA,-1.2847388,36.8266171
SABA SABA RD,DISHCHEM PHARMACY (Nairobi),KENYA,-1.2729928,36.9180752
MERU/NAIROBI HIGHWAY,DIVINE GRACE PHARMACY,KENYA,-1.243425,36.9055591
RONALD NGARA,DOC-CARE  VILLE PHARMACY LIMITED (Nairobi),KENYA,-1.2855306,36.828581
NAIVASHA ROAD,DOCLINE PHARMACY LIMITED (Nairobi),KENYA,-1.275358,36.7340013
3RD PARKLAND AVENUE,DOCPHARMA LIMITED (Nairobi),KENYA,-1.261293,36.821649
KIPANGA ATHUMANI ROAD,DOLLAR PHARMACY (Nairobi),KENYA,-1.2638674,36.8244743
BUTECHI ROAD,DOLMARK CHEMIST (Nairobi),KENYA,-1.2897748,36.8443645
KAMITI ROAD,DOMAIN CARE PHARMACY (Nairobi),KENYA,-1.2085276,36.8997757
EMBAKASI ROAD,DOMIL PHARMACEUTICALS (Nairobi),KENYA,-1.3283452,36.8544379
OFF OUTERING ROAD,DONHOLM POLEPOLE PHARMACY (Nairobi),KENYA,-1.3013129,36.8895063
KISUMU-NAIROBI ROAD,DORADAWA PHARMACY,KENYA,-0.1033474,34.7558319
RINGROAD,DOVEY  PHARMA LTD-WESTLANDS (Nairobi),KENYA,-1.2638654,36.8032699
MAMA NGINA,DOVEY PHARMA LIMITED - CITY HALL (Nairobi),KENYA,-1.286329,36.8214982
RINGROAD,DOVEY PHARMA LTD-KAREN (Nairobi),KENYA,-1.3220982,36.7073819
LANGATA SHOPPING CENTRE,DOVEYPHARMA LIMITED -LANGATA (Nairobi),KENYA,-1.3241792,36.7828237
DENNIS PRITT,DOVEYPHARMA LIMITED-DENNIS PRITT (Nairobi),KENYA,-1.2849714,36.7929833
"ARGWINGS KODHEK RD, NAIROBI",DOVEYPHARMA LTD-JF CENTER LTD (Nairobi),KENYA,-1.2952714,36.8063976
KIMATHI STREET,DOVEYPHARMA LTD-KIMATHI HOUSE (Nairobi),KENYA,-1.2838091,36.8232736
HOSPITAL ROAD,DOVEYPHARMA-HOSPICE (Nairobi),KENYA,-1.2989717,36.8085635
RIVER SIDE DRIVE,DOVEYPHARMA-RIVER SIDE (Nairobi),KENYA,-1.268942,36.7892443
GITATHURU ROAD,DRAKE PHARMACEUTICALS-LOWER KABETE (Nairobi),KENYA,-1.261238,36.802007
NAKURU NAIROBI HIGHWAY,DRUG 'N' DRIVE PHARMACY,KENYA,-1.2573038,36.7006311
THOME ROAD,DRUG HUB CHEMIST (Nairobi),KENYA,-1.2318004,36.8725528
OFF THIKA ROAD,DRUGHILL PHARMACY (Nairobi),KENYA,-1.2522439,36.8674089
SECOND AVENUE,DUNISH SONKOR PHARMACEUTICAL LIMITED  (Nairobi),KENYA,-1.2746939,36.8507645
SECOND AVENUE,DURAHEAL CHEMIST (Nairobi),KENYA,-1.2673375,36.8499828
AGA KHAN WALK,EAST STAR PHARMACY (Nairobi),KENYA,-1.286915,36.825276
KASARANI-MWIKI,EASTLINE PHARMACY  (Nairobi),KENYA,-1.2179791,36.8987186
MOMBASA RD,EASTON PHARMACEUTICALS LTD-MSA ROAD (Nairobi),KENYA,-1.316591,36.834185
MOI DRIVE ROAD,EBEN PHARMACEUTICALS LTD - MOI S DRIVE (Nairobi),KENYA,-1.2866481,36.8887057
OUTERING ROAD,EBEN PHARMACEUTICALS LTD -OUTERING ROAD (Nairobi),KENYA,-1.2909692,36.8856163
OFF OUTERING ROAD,ECODRUGS PHARMACY LTD-OUTERING RD (Nairobi),KENYA,-1.3179005,36.8966806
NGARA,EDDIKAN PHARMACY LIMITED (Nairobi),KENYA,-1.2771214,36.829752
KANGUNDO RD,EDGE PHARMACY (Nairobi),KENYA,-1.2505122,36.9529733
SOKONI ROAD,EDIPHARM PHARMACEUTICALS (Nairobi),KENYA,-1.2683878,36.9221248
ZIMMERMAN,EDMA CHEMIST (Nairobi),KENYA,-1.2093294,36.8949438
RACE COURSE RDQ,EDTON PHARMA LTD (Nairobi),KENYA,-1.284716,36.8312526
MANYANJA ROAD,EDWEL CHEMIST (Nairobi),KENYA,-1.284504,36.9002232
UMOJA 3 STREET,EFAMA CHEMIST (Nairobi),KENYA,-1.2800182,36.9102202
KAMITI ROAD,EFFICIENCY PHARMACY (Nairobi),KENYA,-1.2130737,36.8935126
12TH STREET,EGYPTIAN SPECIALIST MEDICAL CENTRE LIMITED (Nairobi),KENYA,-1.278875,36.850814
KIBERA DRIVE,EKERO CHEMIST (Nairobi),KENYA,-1.3111344,36.7754057
GITANGA ROAD,ELIANA PHARMACY (Nairobi),KENYA,-1.2902635,36.7707329
NGINA ROAD,ELIEZER CHEMIST (Nairobi),KENYA,-1.2852919,36.7383687
OFF OUTERING ROAD,ELIKIM CHEMIST (Nairobi),KENYA,-1.3204513,36.8962741
OUTERING,ELIKIM PHARMACEUTICAL SERVICES (Nairobi),KENYA,-1.3206367,36.8649883
,ELIKIN CHEMISTS (Nairobi),KENYA,-1.3204513,36.8962741
"KITENGELA ROAD, LANGATA",ELLYSSAD PHARMA (Nairobi),KENYA,-1.3206367,36.8649883
WANYEE ROAD,ELOC PHARMACY (Nairobi),KENYA,-1.2953742,36.7455442
KAMITI  ROAD,ELYKIBS PHARMACY (Nairobi),KENYA,-1.2184133,36.8864857
KIRIGU ROAD,EMALA CHEMIST LIMITED-DAGORETTI (Nairobi),KENYA,-1.2990845,36.7037175
POPO ROAD,EMARA PHARMACEUTICALS LIMITED (Nairobi),KENYA,-1.3320239,36.8805892
KIKUYU ROAD,EMCE CHEMIST (Nairobi),KENYA,-1.2848853,36.7372438
MPAKA ROAD,EMERIC PHARMACEUTICALS LIMITED-WESTLANDS (Nairobi),KENYA,-1.2654808,36.7972806
 3b opposite komarock modern hospital ,EMIR HEALTH CENTRE (Nairobi),KENYA,-1.266125,36.910522
 3b opposite komarock modern hospital ,EMIR PHARMA (Nairobi),KENYA,-1.3235655,36.8891965
MARURUI,EMMANUCARE CHEMIST (Nairobi),KENYA,-1.2072003,36.8746795
MOI DRIVE,EMMARK CHEMIST (Nairobi),KENYA,-1.2868396,36.8892692
NOTHERN BYPASS,EMON CARE LIMITED (Nairobi),KENYA,-1.311496,36.836076
"SEC 3, EASTLEIGH",EMYPHARM CHEMIST EASTLEIGH (Nairobi),KENYA,-1.2838854,36.859013
HAILE SELASSIE AVENUE,ENAI PHARMACY (Nairobi),KENYA,-1.2870382,36.8316765
KWARE STREET,ENTALLOS PHARMACY (Nairobi),KENYA,-1.283385,36.784354
POPO ROAD,EPLUS PHARMACY (Nairobi),KENYA,-1.3221739,36.8335308
KASARANI MWIKI RD,EQUIHEALTH PHARMACY (Nairobi),KENYA,-1.2297266,36.9215115
GITHURAI 44,EREHCON PHARMACEUTICALS LTD (Nairobi),KENYA,-1.2003695,36.9007342
NAKURU/NAIROBI HIGHWAY,ERIE PHARMACEUTICALS,KENYA,-0.4796085,36.2980273
JOGOO RD,ERIMED PHARMACEUTICALS (Nairobi),KENYA,-1.2893101,36.8876053
NAIROBI MURANGA HIGHWAY,ESKIM CHEMIST,KENYA,-1.2838269,36.8266216
GITANGA ROAD,ESTEEM CHEMIST (Nairobi),KENYA,-1.2902635,36.7707329
OUTERING ROAD,ETHAVANS CHEMIST-KIJOS BLDG (Nairobi),KENYA,-1.2940359,36.8868273
EASTERN BYPASS,EVANMED PHARMACY (Nairobi),KENYA,-1.2931631,36.9461567
NYERI NAIROBI HIGHWAY,EVERSERVE CHEMISTS,KENYA,-0.4248546,36.95628689999999
OUTERING RD,EXCEL PHARMACY  (Nairobi),KENYA,-1.3164366,36.9115727
DAGORETTI MARKET,EXPRESS SEVEN CHEMIST LIMITED (Nairobi),KENYA,-1.2232837,36.6035111
KENYATTA MARKET ST.,F K PHARMACEUTICALS CO  LIMITED (Nairobi),KENYA,-1.3102718,36.8573044
KOMAROCK INFILL B,FADHIRACHEM PHARMACEUTICALS  (Nairobi),KENYA,-1.2774035,36.9158461
JUJA ROAD,FAIRCHEM PHARMACEUTICALS (Nairobi),KENYA,-1.2621509,36.8657644
NAIROBI,FAMGEN PHARMACEUTICALS LTD (Nairobi),KENYA,-1.2870186,36.8269619
KANGUNDO ROAD,FAMICHEM CHEMISTS (Nairobi),KENYA,-1.2564392,36.9235582
KWA MAJI OFF KANGUNDO ROAD,FAMILY FARE PHARMACY (Nairobi),KENYA,-1.2564392,36.9235582
EASTERN BYPASS,FANMACARE PHARMACY LIMITED (Nairobi),KENYA,-1.1672381,36.9632662
KANGUNDO ROAD,FASTMART PHARMACY-OTHAYA (Nairobi),KENYA,-0.4254021,36.9570514
MUTINDWA ROAD,FASTMEDD PHARMACEUTICALS-UMOJA (Nairobi),KENYA,-1.2835321,36.88853110000001
NORTHVIEW ROAD,FAWAPHARM CHEMIST -PANGANI (Nairobi),KENYA,-1.2652958,36.8393114
EASTERN BYPASS,FEVA CHEMIST (Nairobi),KENYA,-1.2829978,36.9592948
OUTERING ROAD,FEWAPE CHEMISTS (Nairobi),KENYA,-1.3186141,36.8960952
OFF MUTARAKWA ROAD,FIMA PHARMACY (Nairobi),KENYA,-1.2620109,36.8887916
ZANZIBAR ROAD,FIX CHEM PHARMACEUTICAL LTD (Nairobi),KENYA,-1.3153274,36.83642529999999
PLAINSVIEW ROAD,FIX CHEM PHARMACEUTICAL LTD- BALOZI (Nairobi),KENYA,-1.3153274,36.83642529999999
RING RD,FLAME TREE PHARMACY LTD (Nairobi),KENYA,-1.2644623,36.8028125
MUTINDWA RD UMOJA 1,FLAWLESS CHEMIST (Nairobi),KENYA,-1.28446,36.8852803
LUMUMBA DRIVE,FLO DISPENSING CHEMIST (Nairobi),KENYA,-1.2158392,36.8870812
KATANI ROAD,FLOSYVIA PHARMACEUTICALS LTD (Nairobi),KENYA,-1.3685031,36.9401517
HOSPITAL ROAD,FORT HILL PHARMACY (Nairobi),KENYA,-1.2986041,36.81135829999999
KANGUNDO ROAD,FORTAY PHARMACEUTICALS (Nairobi),KENYA,-1.2682009,36.9910567
DANIEL COMBONI ROAD,FOURWAY CHEMIST (Nairobi),KENYA,-1.2533577,36.873573
OFF SPINE ROAD,FREBCARE LIMITED (Nairobi),KENYA,-1.2737517,36.9114836
KWA NDEGE NYAYO GATE B,FRENAMOL CHEMIST (Nairobi),KENYA,-1.3082887,36.9112045
PARKROAD,FRIKAM CHEMISTS (Nairobi),KENYA,-1.2745944,36.8312951
ROAD KANGUNDO KANGUNDO,FUTURISTIC PHARMACY (Nairobi),KENYA,-1.2669061,36.9893598
MANYANJA ROAD,GALLANT PHARMCARE (Nairobi),KENYA,-1.2831731,36.8993222
MERU- NAIROBI HIGHWAY,GALLY'S PHARMACY,KENYA,0.0477199,37.6533387
TUSHAURIANE/MARKET  ROAD,GAMBE CHEMIST (Nairobi),KENYA,-1.279432,36.826318
LIMURU ROAD,GARNET PHARMACY LIMITED (Nairobi),KENYA,-1.2294517,36.8048317
2ND AVENUE,GEEL PHARMACY LTD (Nairobi),KENYA,-1.2706834,36.8466657
,GELNA PHARMACY  (Nairobi),KENYA,-1.2800979,36.9646119
NGONG ROAD,GENTEEL CHEMIST LIMITED-JAMHURI (Nairobi),KENYA,-1.2344832,36.8084219
CHANIA AVENUE,GEORGIOLANI LTD (Nairobi),KENYA,-1.2950277,36.7865919
MUHOHO AVENUE,GEROMED PHARMACEUTICALS LTD (Nairobi),KENYA,-1.313913,36.827558
KAGUNDO ROAD,GERUCHAH PHARMACY (Nairobi),KENYA,-1.2579686,36.9163504
OFF MAJANJA,GERY PHARMACEUTICALS - DALANI (Nairobi),KENYA,-1.2924777,36.8894215
SPINE,GEWAPHARM PHARMACY (Nairobi),KENYA,-1.2836348,36.9027697
KARIOBANGI RD,GHEMS CHEMIST-KARIOBANGI (Nairobi),KENYA,-1.2489474,36.9492534
FAHARI ROAD,GHEMS PHARMACEUTICALS LIMITED (Nairobi),KENYA,-1.3281132,36.8925246
MFANGANO STREET,GIANT CHEMIST (Nairobi),KENYA,-1.282221,36.828634
EASTERN BYPASS ROAD,GIDD PHARMACY LIMITED (Nairobi),KENYA,-1.2793792,36.9658658
UTAWALA ROAD OFF EASTERN BYPASS,GIDD PHARMACY LTD (Nairobi),KENYA,-1.2793792,36.9658658
KAMITI ROAD,GIFTED-HANDS PHARMACY (Nairobi),KENYA,-1.1994617,36.90167599999999
NEW PUMWANI RD,GIKOPHARM PHARMACY (Nairobi),KENYA,-1.2847371,36.8386676
MUMIAS SOUTH ROAD,GILLS PHARMACY (Nairobi),KENYA,-1.2879437,36.88161789999999
JOGOO ROAD,GITA PHARMACY (Nairobi),KENYA,-1.2953137,36.8608384
GITHURAI,GITHA PLUS PHARMACY (Nairobi),KENYA,-1.2021699,36.913551
MOI DRIVE,GITHIMU PHARMACEUTICALS -SAIKA (Nairobi),KENYA,-1.2865362,36.8884399
GITHURAI 44,GITHURA AIRPORT CHEMIST (Nairobi),KENYA,-1.2021699,36.913551
THIKA RD,GITHURAI CHEMISTS (Nairobi),KENYA,-1.2028974,36.9169883
WAIYAKI WAY,GITOKA PHARMACY (Nairobi),KENYA,-1.2637692,36.7543446
KAWAIDA ALONG NAIROBI NAZARETH ROAD,GIWA RAPHA SPRINGING OVER VIEW PHARMACY,KENYA,-1.2875247,36.7491512
JUAKALI-MARURUI ROAD,GLADEM PHARMACY-MARURUI (Nairobi),KENYA,-1.2104837,36.87343320000001
OFF KAMITI RD,GLEAM PHARMACY (Nairobi),KENYA,-1.1862664,36.9077891
AIRPORT NORTH ROAD,GOCATE CHEMIST (Nairobi),KENYA,-1.3282663,36.8827077
JOGOO ROAD,GOLAN PHARMACEUTICAL LTD JOGOO ROAD BRANCH (Nairobi),KENYA,-1.2976451,36.8711364
CHIRIKU LANE- BEHIDE EQUITY BANK,GOLD-CHEM PHARMACY-GIKOMBAA (Nairobi),KENYA,-1.2852052,36.8370355
MUTINDWA ROAD,GOLDLITE PHARMACY LIMITED,KENYA,-1.2846423,36.8848093
BIASHARA STREET,GOLDMED PHARMACY LTD-BAZAAR PLAZA (Nairobi),KENYA,-1.2820506,36.8212113
GANDHI AVENUE,GOLDMED PHARMACY LTD-NAIROBI WEST (Nairobi),KENYA,-1.3072287,36.82297
KINYANJUI ROAD,GOLDPHARM HEALTHCARE SERVICES LTD (Nairobi),KENYA,-1.2920659,36.8219462
MUHUYU ROAD,GOOD SPRINGS PHARMACY (Nairobi),KENYA,-1.254293,36.7921984
LANGATA,GOODLIFE  PHARMACY LTD-KAREN (Nairobi),KENYA,-1.3230793,36.7068165
LIMURU,GOODLIFE  PHARMACY LTD-ROSSLYN RIVIERA (Nairobi),KENYA,-1.2161518,36.7994133
DONHOLM ROAD,GOODLIFE PHARMACY  LTD- GREENSPAN (Nairobi),KENYA,-1.2888641,36.8988562
HARAMBEE AVENUE,GOODLIFE PHARMACY LIMITED - CITY SQUARE (Nairobi),KENYA,-1.2882571,36.8261507
MANYANJA ROAD,GOODLIFE PHARMACY LIMITED - EASTGATE MALL (Nairobi),KENYA,-1.2957264,36.8871224
GENERAL MATHENGE,GOODLIFE PHARMACY LIMITED - GENERAL MATHENGE (WESTLANDS) (Nairobi),KENYA,-1.2561026,36.8063142
ARGWINGS KODHEK,GOODLIFE PHARMACY LIMITED - HURLINGHAM PLAZA (Nairobi),KENYA,-1.2951463,36.7997626
LORESHO RIDGE,GOODLIFE PHARMACY LIMITED - KENOL LORESHO (Nairobi),KENYA,-1.2516098,36.7572917
KENYATTA AVENUE,GOODLIFE PHARMACY LIMITED - KENYATTA AVENUE (Nairobi),KENYA,-1.2853715,36.8190588
ARGWINGS KODHEK RD,GOODLIFE PHARMACY LIMITED - KILIMANI (Nairobi),KENYA,-1.2957291,36.8022981
NAIROBI ROAD,GOODLIFE PHARMACY LIMITED - KISUMU MEGA CITY MALL,KENYA,-0.0924097,34.7645665
NAIROBI ROAD,GOODLIFE PHARMACY LIMITED - KISUMU MEGA CITY MALL (KISUMU),KENYA,-0.0924097,34.7645665
JAMES GICHURU,GOODLIFE PHARMACY LIMITED - LAVINGTON (NAIROBI) (Nairobi),KENYA,-1.2799343,36.7705292
LIMURU ROAD,GOODLIFE PHARMACY LIMITED - MUTHAIGA (Nairobi),KENYA,-1.249956,36.8206753
UHURU HIGHWAY,GOODLIFE PHARMACY LIMITED - NAIROBI MEGA (UHURU HIGHWAY) (Nairobi),KENYA,-1.3023937,36.8256938
MUTHAITI ROAD NAIROBI WEST,GOODLIFE PHARMACY LIMITED - NAIROBI WEST,KENYA,-1.3069827,36.8241349
MUMIAS ROAD,GOODLIFE PHARMACY LIMITED - RHAPTA ROAD (Nairobi),KENYA,-1.2643913,36.78740579999999
KARUNA ROAD,GOODLIFE PHARMACY LIMITED - SARIT CENTRE (Nairobi),KENYA,-1.2611605,36.80197769999999
KIMATHI STREET,GOODLIFE PHARMACY LIMITED - SAROVA STANLEY (KIMATHI STREET) (Nairobi),KENYA,-1.2843654,36.8232126
ARWINGS KODHEK ROAD,GOODLIFE PHARMACY LIMITED - SHELL HURLINGHAM (Nairobi),KENYA,-1.2951463,36.7997626
KIAMBU ROAD,GOODLIFE PHARMACY LIMITED - SHELL RIDGEWAYS (Nairobi),KENYA,-1.2271506,36.8380466
WIAYAKI WAY,GOODLIFE PHARMACY LIMITED - SHELL TEGEMEO (Nairobi),KENYA,-1.2651636,36.7413125
LANGATA ROAD,GOODLIFE PHARMACY LIMITED - TOTAL LANGATA RD (KAREN)  (Nairobi),KENYA,-1.3382444,36.7396838
LIMURU ROAD,GOODLIFE PHARMACY LIMITED - VILLAGE MARKET (Nairobi),KENYA,-1.2301843,36.80452590000001
LANGATA ROAD,GOODLIFE PHARMACY LIMITED - WATERFRONT (Nairobi),KENYA,-1.3305536,36.7151
PARKLANDS RING ROAD,GOODLIFE PHARMACY LIMITED - WESTLANDS ARCADE (Nairobi),KENYA,-1.2639951,36.8022085
WAIYAKI WAY,GOODLIFE PHARMACY LIMITED - WESTLANDS SQUARE (Nairobi),KENYA,-1.2639102,36.8022871
NEW GARDEN ESTASTE ROAD,GOODLIFE PHARMACY LIMITED- GARDEN ESTATE (Nairobi),KENYA,-1.2279138,36.8700815
KARUNA ROAD,GOODLIFE PHARMACY LIMITED- NEW SARIT (Nairobi),KENYA,-1.2611605,36.80197769999999
KIAMBU ROAD,GOODLIFE PHARMACY LIMITED-RIDGEWAYS (Nairobi),KENYA,-1.2252041,36.8399893
THIKA HIGHWAY,GOODLIFE PHARMACY LTD -GARDEN CITY (Nairobi),KENYA,-1.2323323,36.8787058
LANGATA ROAD,GOODLIFE PHARMACY LTD -LANGATA (Nairobi),KENYA,-1.3411583,36.7538528
NGONG ROAD,GOODLIFE PHARMACY LTD -NGONG ROAD (Nairobi),KENYA,-1.3380006,36.66977
NGONG ROAD/LANGATA SOUTH ROAD,GOODLIFE PHARMACY LTD SHELL KAREN (Nairobi),KENYA,-1.3224018,36.7080687
THIKA ROAD,GOODLIFE PHARMACY LTD THOME SHELL (Nairobi),KENYA,-1.2324688,36.8752115
GITANGA ROAD,GOODLIFE PHARMACY LTD VALLEY ARCADE (Nairobi),KENYA,-1.291197,36.7704999
LANGATA ROAD,GOODLIFE PHARMACY LTD- SHELL MADARAKA (Nairobi),KENYA,-1.3108125,36.8176875
ARWINGS KODHEK,GOODLIFE PHARMACY LTD-HURLINGAM (Nairobi),KENYA,-1.2957291,36.8022981
NGONG ROAD,GOODLIFE PHARMACY LTD-JUNCTION BRANCH (Nairobi),KENYA,-1.3224018,36.7080687
MWANZI ROAD,GOODLIFE PHARMACY LTD-WESTGATE (Nairobi),KENYA,-1.2572275,36.80229320000001
SHIVACHI ROAD,GOODSTART PHARMACY LIMITED  (Nairobi),KENYA,-1.265058,36.804397
GATHURU ROAD,GOODWILL CHEMIST (Nairobi),KENYA,-1.2932669,36.7385972
OKOTH AURA RD,GRAMARK PHARMACY (Nairobi),KENYA,-1.279432,36.826318
,GRAND CHEMIST (Nairobi),KENYA,-1.3275346,36.7890921
OFF MFANGANO STREET,GRASHA PHARMA (Nairobi),KENYA,-1.2851774,36.82692590000001
"EASTERN BYPASS,MIHANGO ROAD",GREAT TIMES CHEMIST (Nairobi),KENYA,-1.3281132,36.8925246
BAGAMOYO RD,GREEN COUNTY PHARMACY LTD (Nairobi),KENYA,-1.3080902,36.8009902
NASRA ESTATE,GREENDAM PHARMACY  (Nairobi),KENYA,-1.2755357,36.9009185
RING ROAD KILIMANI,GREENSPAN CHEMISTS (Nairobi),KENYA,-1.3000019,36.7736086
SPINE ROAD PLAZA,GRIFFINS PHARMACEUTICAL LTD (Nairobi),KENYA,-1.2831178,36.9029986
MCHUMBI ROAD,GUARDMANN CHEMIST (Nairobi),KENYA,-1.3115171,36.8358035
OFF DONHOLM ROAD,GUD PHARMACY (Nairobi),KENYA,-1.2934886,36.9016171
SAVANNAH ROAD,GUDTONS PHARMACY (Nairobi),KENYA,-1.2883696,36.9010511
OUTERING,GUIDE PHARMACEUTICAL  (Nairobi),KENYA,-1.3184981,36.8947096
MOYALE -NAIROBI HIGHWAY,GUMMI PHARMACY,KENYA,-1.2697558,36.7464551
ITESYO LANE,GURUKRUPA PHARMACY LIMITED (Nairobi),KENYA,-1.2739238,36.8188581
JUJA ROAD,GY-VIPHARM PHARMACY (Nairobi),KENYA,-1.2673502,36.8444388
MUTARAKWA RD,HABEMUS PHARMACY (Nairobi),KENYA,-1.2633647,36.8866087
SECOND AVENUE,HAJAR PHARMACY LIMITED (Nairobi),KENYA,-1.2715406,36.8478782
,HAKATI CHEMISTS (Nairobi),KENYA,-1.2846338,36.879465
JAM STREET,HALANE PHARMACEUTICALS LIMITED (Nairobi),KENYA,-1.2808244,36.852082
OFF KAMITI ROAD ZIMMERMAN,HALLION PHARMACY (Nairobi),KENYA,-1.2063005,36.8948593
"5TH AVENUE, NGONG ROAD",HALTONS LIMITED - BISHOP GATE (Nairobi),KENYA,-1.2932365,36.8069317
EAST AFRICA BREWERIES ROAD,HALTONS LIMITED - NGUMBA (Nairobi),KENYA,-1.2254805,36.9000407
TASSIA FEDHA ROAD,HALTONS LIMITED - TASSIA (Nairobi),KENYA,-1.3089556,36.9021022
NGONG ROAD,HALTONS LTD - KAREN (Nairobi),KENYA,-1.3234424,36.7077693
MWIKI ROAD,HALTONS LTD - KASARANI (Nairobi),KENYA,-1.2185628,36.8955596
OUTER-RING ROAD,HALTONS LTD - PIPELINE (Nairobi),KENYA,-1.3176493,36.8963994
FIVESTAR ROAD,HALTONS LTD - SOUTH C (Nairobi),KENYA,-1.3215449,36.8246871
KAPITI RD,HALTONS LTD- SOUTH B (Nairobi),KENYA,-1.3117588,36.8358697
ATHUMAN KIPANGA,HANAANO PHARMACY (Nairobi),KENYA,-1.2732035,36.8478614
45/44ROUTE.OPP CATHOLIC CHURCH,HANNAN PHARMACY (Nairobi),KENYA,-1.2021838,36.913568
,HARIPHARM PHARMACEUTICALS LTD -UMOJA (Nairobi),KENYA,-1.2855538,36.8936326
BOGANI ROAD,HARJU GHEMIST LIMITED (Nairobi),KENYA,-1.3058772,36.6655664
GATHURU ROAD,HARRICARE CHEMISTS (Nairobi),KENYA,-1.2862277,36.7437465
AIRPORT NORTH ROAD,HARRY AND STAN LIMITED (Nairobi),KENYA,-1.2844735,36.8238276
RIVER ROAD,HARTLANE PHARMACEUTICALS LTD - RIVER ROAD (Nairobi),KENYA,-1.2808707,36.8234534
KATANI ROAD,HAZLET PHARMACY (Nairobi),KENYA,-1.3750326,36.9322412
KAMITI ROAD,HEALINGPORT PHARMACY (Nairobi),KENYA,-1.1988181,36.9020654
MUTARAKWA ROAD,HEALINGRAY PHARMACY (Nairobi),KENYA,-1.267991,36.8850693
ARGWINGS KODHEK ROAD,HEALSENSE PHARMACEUTICALS LIMITED (Nairobi),KENYA,-1.2931386,36.7923137
MOI DRIVE,HEALSTARCHEM PHARMACY (Nairobi),KENYA,-1.2831436,36.8235969
MUTHITHI/MPAKA JUNCTION,HEALTH AID CHEMIST (Nairobi),KENYA,-1.2639715,36.8055808
MANYANJA ROAD,HEALTH GIVING CHEMISTS (Nairobi),KENYA,-1.2840655,36.9003632
"LIMURU ROAD, GIGIRI",HEALTHCARE PHARMACEUTICALS LTD-GIGIRI (Nairobi),KENYA,-1.2362233,36.80703829999999
OUTERING,HEALTHLINK PHARMACY  (Nairobi),KENYA,-1.31945,36.8983875
KAREN PLAINS RD,HEALTHNET PHARMACY  (Nairobi),KENYA,-1.3288274,36.7174942
,HEALTHWAY CHEMIST  (Nairobi),KENYA,-1.283693,36.8248697
,HEALTHWAY LTD (Nairobi),KENYA,-1.283506,36.8227456
BIMA RD,HEALTHWEST PHARMACY (Nairobi),KENYA,-1.1824768,36.904845
OFF JUJA RD,HEALTHY DIAGNOSIS PHARMACY (Nairobi),KENYA,-1.2706834,36.8466657
KANISANI ROAD,HEALTHYVIBE PHARMACY (Nairobi),KENYA,-1.2898949,37.0374028
THIKA RD,HEKIMA TOWN CHEMIST (Nairobi),KENYA,-1.2757894,36.823327
MOI DRIVE,HENTA PHARMACY LTD (Nairobi),KENYA,-1.2858138,36.8877685
NORTHERN BYPASS,HEYLUS CHEMIST (Nairobi),KENYA,-1.2094361,36.8741374
OFF MOI DRIVE,HIGHPHARM PHARMACEUTICALS LIMITED -MERINIKO (Nairobi),KENYA,-1.2779609,36.8913474
BERGAIN RD,HIGHPHARM PHARMACEUTICALS LTD-NYANDO STAGE (Nairobi),KENYA,-1.277397,36.9156483
3RD PARKLANDS,HIGHRIDGE PHARMACY LIMITED - KRISHNA PARK (Nairobi),KENYA,-1.2605739,36.8210321
3RD PARKLANDS AVENUE,HIGHRIDGE PHARMACY LTD (Nairobi),KENYA,-1.2605739,36.8210321
MOI DRIVE,HIGHTONE PHARMACIES LIMITED-MOWLEM (Nairobi),KENYA,-1.2783164,36.8908708
LANGATA ROAD,HIGHTONE PHARMACIES-NAIROBI WEST (Nairobi),KENYA,-1.3234424,36.7077693
7TH STREET,HIJAZ PHARMACEUTICALS  LTD  -SALAMA BULDING (Nairobi),KENYA,-1.2744585,36.8507298
5TH 2ND AV,HIKMAS PHARMA LTD (Nairobi),KENYA,-1.2733467,36.85075490000001
BURUBURU ROAD,HILLCARE PHARMACEUTICALS (Nairobi),KENYA,-1.2790791,36.8776077
LIMURU ROAD,HILLS PHARMACEUTICALS (Nairobi),KENYA,-1.2727472,36.8224226
MUKOMA ROAD,HILLYCHEM PHARMACY-NAIROBI (Nairobi),KENYA,-1.3017183,36.7802057
BEHIND ALHIDAYA MOSQUE,HORSET PHARMACY LIMITED (Nairobi),KENYA,-1.270769,36.8456088
LENANA ROAD,HOSICHEM LTD (Nairobi),KENYA,-1.2897983,36.7865344
BUILDING/ PLOT L R 359 ROAD KOMAROCK ROA,HOSPHARM HEALTHCARE LIMITED (Nairobi),KENYA,-1.2779609,36.8913474
GATHERU RD,HOSSANA CHEMIST (Nairobi),KENYA,-1.2874026,36.7429655
,HOST PHARMACY (Nairobi),KENYA,-1.284862,36.73280099999999
OUTERING ROAD,HUMANE PHARMACEUTICALS (Nairobi),KENYA,-1.3162221,36.8989695
MWALIMU DRIVE,HUMANE PHARMACEUTICALS LTD - FEDHA (Nairobi),KENYA,-1.3162221,36.8989695
GARDEN ESTATE RD,HYCHEM PHARMACEUTICALS (Nairobi),KENYA,-1.2340801,36.8723291
NGONG ROAD,HYPER PHARMACY (Nairobi),KENYA,-1.2992032,36.7904163
KABIRIA RD,IBIZA PHARMACY (Nairobi),KENYA,-1.2902985,36.7271387
OFF NAKURU-NAIROBI ROAD,IMMEDIATE CARE PHARMACY,KENYA,-0.283873,36.074063
KANGARU ROAD,INFILMEDS PHARMACY (Nairobi),KENYA,-1.2646095,36.9082637
LANGATA ROAD,INKAMED PHARMACEUTICALS LIMITED-RUBIS LANGATA (Nairobi),KENYA,-1.3225572,36.8020026
AGA KHAN WALK,INKAMED PHARMACEUTICALS LTD-UCHUMI  AGA KHAN WALK (Nairobi),KENYA,-1.287066,36.8255473
MOMBASA ROAD,INKAMED PHARMACEUTICALS NEXTGEN MALL (Nairobi),KENYA,-1.3239628,36.8435921
MOI DRIVE,INNERCORE PHARMACY-NAIVASHA (Nairobi),KENYA,-0.718349,36.4363095
NGONG ROAD,INSTANT PHARMACY (Nairobi),KENYA,-1.2989719,36.759782
MWIKI RD,INTEL PHARMACEUTICALS (Nairobi),KENYA,-1.2353386,36.9331827
SAVANNA ROAD,INTERCARE PHARMACY (Nairobi),KENYA,-1.2884868,36.9038769
UTAWALA ROAD,INTERPHASE PHARMACEUTICALS LIMITED (Nairobi),KENYA,-1.280734,36.9693342
UPPERHILL,IPOPHARM LTD - KITENGELA (Nairobi),KENYA,-1.2986041,36.81135829999999
TASSIA ROAD,JACAD MEDPOINT (Nairobi),KENYA,-1.3092004,36.8930788
FAIRVIEW STREET,JACARANDA CHEMIST - PANGANI BRANCH (Nairobi),KENYA,-1.2670813,36.8379366
FEDHA ROAD,JACKEVA PHARMACY LTD (Nairobi),KENYA,-1.3106775,36.8996048
DESAI ROAD,JACMUCARE CHEMIST (Nairobi),KENYA,-1.2772998,36.8297854
KAMITI ROAD,JADLYNE CHEMIST (Nairobi),KENYA,-1.1972005,36.9024524
UTAWALA- GITHUNGURI ROAD,JAGEM CHEMIST (Nairobi),KENYA,-1.2873761,36.9738826
LUMUMBA DRIVE,JAIT PHARMACY (Nairobi),KENYA,-1.2161364,36.8880206
WOODSTREET,JAMLINK PHARMACY (Nairobi),KENYA,-1.2737083,36.8470287
KARURA STREET,JAMON CHEMIST (Nairobi),KENYA,-1.2330717,36.93161449999999
SASUMUA,JANIAN DISPENSING CHEMIST (Nairobi),KENYA,-1.3258893,36.7779739
18TH STREET,JANKIN PURE MEDPLUS GROUP KENYA LIMITED (Nairobi),KENYA,-1.2639187,36.8041697
ICIPE RD,JANPHARM PHARMACEUTICALS (Nairobi),KENYA,-1.2203133,36.8944916
RUKWA RD,JASTE TOP PHARMACEUTICAL SUPPLIERS LTD-MARINGO (Nairobi),KENYA,-1.2932074,36.8656074
OFF KASARANI MWIKI ROAD,JATESPHARM CHEMIST (Nairobi),KENYA,-1.2271369,36.9183762
MURANG'A ROAD,JATRIM CHEMIST (Nairobi),KENYA,-1.2786118,36.8299665
OUTERING ROAD,JELCARE CHEMIST-NAIROBI (Nairobi),KENYA,-1.2918923,36.889513
GITHUNGURI ROAD,JEMAC PHARMACY (Nairobi),KENYA,-1.2842256,36.9871954
AMBOSELI ROAD,JEMAMED PHARMACY (Nairobi),KENYA,-1.2837097,36.758606
DANDORA PHASE 1,JERUSALEM DISPENSING CHEMISTS (Nairobi),KENYA,-1.2594279,36.8895107
NGONG ROAD,JIMSTAR PHARMACY-NGONG ROAD (Nairobi),KENYA,-1.3042811,36.7420526
BARINGO ROAD,JINCHEM PHARMACEUTICAL (Nairobi),KENYA,-1.1916365,36.9314578
NGUMBA ROAD,JOBBS PHARMACY-GITHURAI (Nairobi),KENYA,-1.2034775,36.9151804
ACCRA/DUBOIS ROAD,JOCARE PHARMACY (Nairobi),KENYA,-1.2753259,36.8226473
NAIROBI,JOFLOSTA INVESTMENTS LIMITED,KENYA,-1.2186112,36.8867548
OLE SHAPARA ROAD,JOINT  JUMAIRA  CENTER (Nairobi),KENYA,-1.3159929,36.82534440000001
NORTH AIRPORT RD,JOLICHEM PHARMACY LTD-BROWN HSE (Nairobi),KENYA,-1.3208078,36.8944431
,JOMAC PHARMACEUTICALS (Nairobi),KENYA,-1.3109049,36.7759474
KAWANGWARE 46,JOMU PHARMACEUTICAL (Nairobi),KENYA,-1.2833266,36.742612
FEDHA ROAD,JONAM INTEGRATED CENTRE (Nairobi),KENYA,-1.3160257,36.9011119
SPORTSVIEW ROAD,JOPHYCARE PHARMACY (Nairobi),KENYA,-1.2185332,36.8992969
COSMAS NDETI ROAD,JOSPI CHEMIST (Nairobi),KENYA,-1.3246209,36.8816339
RUKWA ROAD,JOSTEEN CHEMIST (Nairobi),KENYA,-1.2932074,36.8656074
RIVER ROAD,JOWATMED CHEMIST (Nairobi),KENYA,-1.28788,36.828097
FARMERS\' CHOICE ROAD,JOYLINE CHEMIST - KAHAWA WEST (Nairobi),KENYA,-1.1972005,36.9024524
ZIMMERMAN,JOYPHARM CHEMIST (Nairobi),KENYA,-1.2088714,36.8946523
7TH STREET,JUBBALINK PHARMACY (Nairobi),KENYA,-1.274431,36.8509648
KABIRIA ROAD,JUBEN PHARMACY (Nairobi),KENYA,-1.2899716,36.724668
NGUMBA ROAD,JUJA ARCADE PHARMACY- GITHURAI 44 BRANCH (Nairobi),KENYA,-1.2037365,36.9151709
OUTERING ROAD,JUL MEDICARE CHEMIST (Nairobi),KENYA,-1.3079782,36.89315819999999
KIKUYU RD,JULIMER INTERNATIONAL LTD (Nairobi),KENYA,-1.260692,36.8036438
RALPH BUNCHE ROAD,JUNCTION PHARMACY COMPANY LTD (Nairobi),KENYA,-1.2946864,36.8065589
KIMATHI STREET,JUST PINK PHARMACY (Nairobi),KENYA,-1.2847567,36.8245222
KIGUATHI RD,JUSTCARE PHARMACY  (Nairobi),KENYA,-1.2917038,36.74727420000001
SALIM RD,JYMOKA CHEMIST-WA MBUTITI HSE (Nairobi),KENYA,-1.2823352,36.7506172
LIKONI,KAISER MEDICATE PHARMACY (Nairobi),KENYA,-1.2843824,36.7877052
ZIMMERMAN,KALACARE (Nairobi),KENYA,-1.266032,36.80857779999999
TENTH STREET SECOND AVENUE,KALAMAN LIMITED (Nairobi),KENYA,-1.2980537,36.781586
KIMATHI STREET,KAM PHARMACY LTD - KIMATHI STREET (Nairobi),KENYA,-1.2844627,36.8233367
MPAKA RD,KAM PHARMACY LTD - WESTLANDS (Nairobi),KENYA,-1.265058,36.804397
,KAM PHARMACY LTD- HARAMBEE AVENUE (Nairobi),KENYA,-1.2878049,36.8262434
Nairobi CBD,Beth Medical Services,KENYA,-1.2458837,36.9212131
GATHIGA ,THE MUTHAMI  HOSPITAL ,KENYA,-1.214086,36.7222231
Rubis Gikambura,Holo pharmacy ,KENYA,-1.3635143,36.6562294
Kikuyu Gikambura ,MONA WHYTE PHARM LIMITED ,KENYA,-1.2828012,36.8160691
CHEMIST ,SHAKIM ,KENYA,-0.460686,35.1728227
Embakassi,Emerald Pharmacy,KENYA,-1.3039846,36.9160142
1295,hoskem,KENYA,,
Kitengela-Milele centre,Canon pharmacy ,KENYA,-1.3036073,36.8185557
LIKONI,JEDOM CHEMIST ,KENYA,-4.0841779,39.6615864
karurumo,imed,KENYA,-1.1009928,37.0129877
Balozi road - kitengela ,Dawalab chemist,KENYA,-1.4862248,36.9558892
Tseikuru,memah bestcare pharmacy,KENYA,-0.3076936,38.2196697
GITARU ,JCBO MEDICAL CENTER ,KENYA,-1.2345575,36.6769957
afya centre,Apple gate,KENYA,-1.2878776,36.8278033
,SAMZAN PHARMA,KENYA,-1.2823301,36.8511444
,NYAKOE CHEMIST CO - HOSPITAL ROAD LTD,KENYA,-1.1747521,36.7593149
,STAY HEALTHY PHARMACY,KENYA,-1.2878953,36.8260339
,TETHELL PHARMACY MATHARE,KENYA,-1.2608027,36.8653516
,SUKEYNA PHARMACEUTICAL LTD,KENYA,-1.3170018,36.9182823
,TOP CARE CHEMIST,KENYA,-1.2333809,36.8843259
,MAMBIA PHARMACY,KENYA,-1.2838269,36.8266216
,LUCKYBAR PHARMACY,KENYA,-1.2853715,36.8190588
,WESTWELL PHARMACY,KENYA,-1.1838991,36.9027331
,SANKAA PHARMACY,KENYA,-1.326936,36.695551
,TSALACH PHARMACY,KENYA,-1.2643903,36.8036153
,MAESIO PHARMACEUTICAL OUTER-RING ROAD,KENYA,-1.2476902,36.8717587
,SAITO CHEMIST -,KENYA,-1.4707711,36.9547706
,WALEGI CHEMIST,KENYA,-1.283385,36.784354
,THE NAQSH MEDICAL AND SURGICAL SUPPLIES LIMITED,KENYA,-1.3010628,36.8070279
,WERII CHEMIST,KENYA,-1.2104966,36.7953836
,ROLLINHAM,KENYA,-1.2647478,36.8106852
,VICRAHAM PHARMACY,KENYA,-1.3205309,36.70374049999999
,SAAYNEX PHARMACY LIMITED,KENYA,-1.2778042,36.9001114
,LIVEN VENTURES LIMITED,KENYA,-1.2685584,36.8073708
,THE MINUT PHARMACY,KENYA,-1.2840778,36.8203445
,MAXLIFE PHARMACY LIMITED,KENYA,-1.3921077,36.9405348
,ROMA CHEMIST,KENYA,-1.1081714,36.641652
,RYAMED PHARMACY,KENYA,-1.2953481,36.7456985
,NEEMA NGURUMBANI PHARMACEUTICALS,KENYA,-1.6637692,36.8701914
,PILL POINT PHARMACY,KENYA,-1.2656663,36.8373922
,SOACHEM PHARMACY,KENYA,-1.2842985,36.8280089
,NELAPHARM LTD DOWNTOWN,KENYA,-1.2814595,36.8252172
,VANGA WARD CHEMIST,KENYA,-1.1747521,36.7593149
,PHELMA PHARMACY,KENYA,-1.2864811,36.8268117
,PRUDAN PHARMACY- KAHAWA WEST,KENYA,-1.1862372,36.9076986
,TECPHARM PHARMACY,KENYA,-1.2986394,36.8114842
,ROSAPHARM CHEMIST,KENYA,-1.2169739,36.901909
,TF PHARMACY-JUJA,KENYA,-1.100271,37.0218336
,LIFE TOUCH PHARMACY,KENYA,-1.2986566,36.7782771
,SHANICHEM CHEMIST,KENYA,-1.2856445,36.8297902
,MYGLOW SECRET LIMITED,KENYA,,
,PETHEALTH CHEMIST,KENYA,-1.1850176,36.9054381
,SELFCHECK  PHARMACY,KENYA,-1.2986566,36.7782771
,PHARMAPLUS PHARMACEUTICALS LTD-NAIVAS KAHAWA SUKARI,KENYA,-1.1889033,36.9315465
,MALAL PHARAMCY,KENYA,-1.2864811,36.8268117
,MEDILEEN PHARMACEUTICALS,KENYA,-1.3008435,36.8891624
,NAILA PHARM,KENYA,-1.299996,36.7729814
,OAK SPRING HEALTHCARE,KENYA,-1.2331706,36.928511
,MCGREENS PHARMACY GILGIL,KENYA,-0.4998607,36.3240478
,RANCHO  PHARMACY,KENYA,-1.3319206,36.8571633
,MEDIJAS CHEMIST,KENYA,-1.2657173,36.8035126
,THOMSON & THOMSON PHARMACY LTD - LAVINGTON,KENYA,-1.2600422,36.8042765
,MARCIA PHARMACY.,KENYA,-1.3657383,36.9444877
,TRIO WELLNESS,KENYA,-1.2355713,36.8765036
,NARCHAR HEALTHCARE LIMITED,KENYA,-1.2574365,36.8116523
,MEDITEX PHARMACY,KENYA,-1.2657173,36.8035126
,ROBEL CHEMIST,KENYA,-1.2840778,36.8203445
,OAKLANE PHARMACY LTD,KENYA,-1.265058,36.804397
,PANDE RETAIL -PHARMACY,KENYA,-1.2842977,36.8873749
,NICHOLANN CHEMIST,KENYA,-1.2859934,36.8270674
,UPRIGHT CHEMIST,KENYA,-1.2529495,36.9279974
,VEXELIS PHARMACEUTICALS LIMITED,KENYA,-1.3284087,36.8861782
,MEJAMED CHEMIST,KENYA,-1.2649232,36.7493326
,MAYAS PHARMACEUTICALS LIMITED,KENYA,-0.0517391,34.787888
,WONI WITU,KENYA,-1.2316129,36.6101557
,MOONBRIGHT CHEMIST-KERICHO,KENYA,-0.3671831,35.2834431
,LIFEMED PHARMACY ROSE AVENUE,KENYA,-1.2979397,36.7954574
,TILAK PHARMACY,KENYA,3.1183658,35.5996978
,MEWAKI PHARMACEUTICALS LIMITED,KENYA,-0.9819850999999999,36.5864806
,TRIOPLUS PHARMA LIMITED,KENYA,-1.3319206,36.8571633
,PHARMACITY PHARMACEUTICALS LIMITED- NKRUMAH,KENYA,-4.0635826,39.6747197
,MWETHI AND COMPANY CHEMIST LTD,KENYA,-1.8324567,36.7894629
,NORTHMED CHEMIST,KENYA,-1.284122,36.8294634
,NETALA LIMITED,KENYA,,
,MAXMA PHARMACY LTD,KENYA,-1.2891915,36.7535798
,LEKAN FAMILY PHARMACY LIMITED,KENYA,-1.2693012,36.7538934
,MOLO HIGHWAY PHARMACY,KENYA,-0.2494338,35.7354266
,QUANTUM X PHARMACEUTICALS LIMITED.,KENYA,-1.2835812,36.879612
,MILELE BETADAY CHEMIST,KENYA,-1.2840778,36.8203445
,YANAH PHARMACEUTICAL LTD-KAHAWA,KENYA,-1.2836809,36.8236255
,SITTA AVENUE PHARMACEUTICALS,KENYA,-1.1993295,36.9028032
,MEDELIVEY PHARMACY - KIRWARA,KENYA,,
,NTHONGONI PHARMACY,KENYA,-2.7028,38.0473
,RAPIDMEDS PHARMACY,KENYA,-1.2953481,36.7456985
,WAITA LIFECARE CHEMIST,KENYA,0.1748473,35.2369164
,VINBY PHARMACY,KENYA,-1.2180689,36.8954807
,MALUAL PHARMACY,KENYA,-1.2547663,36.7974269
,VITAL PHARMACEUTICALS LIMITED-SOUTHLANDS,KENYA,-1.3259731,36.7779941
,MALIBU PHARMACY LTD-  NYALI LINKS ARCADE,KENYA,-4.034584,39.7089716
,SILVER CLOUD PHARMACY,KENYA,-1.2853715,36.8190588
,THE SHALEN PHARMACY,KENYA,-1.2723157,36.8503555
,VINTAPHARM CHEMIST,KENYA,-1.3346745,36.6733675
,SCEPTERS PHARMAS,KENYA,-1.2096381,36.9043639
,MORE LIFE CHEMISTS,KENYA,-1.2459031,36.9032423
,OUTLIERS BY DESIGN LIMITED,KENYA,-1.2576958,36.8153939
,SYCHE CHEMIST,KENYA,-1.282441,36.82529960000001
,TURBO TIBA YANGU CHEMISTS,KENYA,0.6339412,35.0471284
,TAMOL CHEMIST,KENYA,-1.2638674,36.8244743
,NUCLEAR FAMILY CHEMISTS,KENYA,-0.9372967000000001,37.122605
,MWADEMU CHEMIST,KENYA,-1.2547663,36.7974269
,MORNING STAR CHEMIST,KENYA,0.3181731,35.1660103
,MAYFIELD PHARMACY LIMITED,KENYA,-1.0566225,36.7794732
,SEATON PARK MEDICAL CENTRE,KENYA,-1.2622867,36.8222616
,PEAKTIME CHEMIST LIMITED,KENYA,-1.2451253,36.6632921
,WILLMED HEALTHCARE PHARMACY,KENYA,-1.2107514,36.886655
,WOODLEY PHARMACEUTICALS NGONG ROAD LIMITED,KENYA,-1.3048423,36.7746886
,NASRI PHARMACY,KENYA,-1.2763291,36.7710666
,REXO HEALTHCARE PHARMACY,KENYA,-1.2737213,36.6724616
,SUGA CARE PHARMACY LIMITED,KENYA,-1.2878953,36.8260339
,ZIOMED ENTERPRISES,KENYA,-1.3119679,36.862312
,YANG'AT PHARMACY,KENYA,-1.196235,36.7814066
,WAMAX CHEMIST,KENYA,-1.2547663,36.7974269
,MAXIGARD CHEMIST,KENYA,-1.2547663,36.7974269
,RODI CAANAN CHEMIST,KENYA,-1.2869377,36.8808047
,MAAZ CARE LIMITED,KENYA,-1.2977062,36.7988092
,TULEL PHARMACEUTICAL LIMITED,KENYA,-1.3259731,36.7779941
,VIMAC PHARMACY,KENYA,-1.3090703,36.7731222
,SIFA AFYA CHEMIST,KENYA,-0.2323254,36.1173763
,SCRIPT SAVVY LIMITED,KENYA,-1.2721828,36.8019536
,MAGICAL SWIFT CHEMIST,KENYA,-1.2831436,36.8235969
,WINFRED SHINE CHEMIST,KENYA,-1.0254353,34.330759
,WUSIMI PHARMACY,KENYA,-1.2739218,36.7890945
,SHEMIGEN PHARMACY,KENYA,-1.2842985,36.8280089
,MICRAJ HEALTH CARE,KENYA,-1.2955863,36.8989043
,MBUMAR VENTURES CHEMIST,KENYA,-1.2719425,36.9095114
,OPANGAMED PHARMACY,KENYA,-1.2918779,36.9778082
,PHARMAPLUS PHARMACEUTICALS LTD- GIGIRI,KENYA,-1.2362233,36.80703829999999
,RAVEKING PHARMACY,KENYA,-1.2902635,36.7707329
,ZUBI CARE PHARMACY LTD,KENYA,-1.3262039,36.8311247
,MCGREENS PHARMACY MAILI NNE,KENYA,-3.8984898,39.6013037
,RODSI HEALTH CARE LIMITED,KENYA,-1.2134454,36.89970479999999
,RODAN PHARMACY,KENYA,-1.3136275,36.8955563
,RENEPHARM CHEMIST,KENYA,-1.2840778,36.8203445
,RHOPHARM PHARMACEUTICALS,KENYA,-1.2715863,36.8105287
,PENTAMED PHARMACY,KENYA,,
,SITET PHARMACEUTICALS,KENYA,-0.9300799,36.9429936
,ZAHRA CHEMIST LTD,KENYA,-1.2835587,36.8267719
,PHARMAPLUS PHARMACEUTICALS LTD- FOURWAYS,KENYA,-1.2113805,36.8328154
,MAJORCARE CHEMIST,KENYA,-1.2840778,36.8203445
,OLOSERIAN CHEMIST BISIL,KENYA,-1.9244,36.6931
,MICHA PHARMACY LIMITED,KENYA,-1.2828668,36.9492915
,NAVUHI MEDICARE CHEMIST,KENYA,-1.2839381,36.7565275
,WELHUB  PHARMACY,KENYA,-1.2972764,36.7620087
,RIAKANAU PHARMACY,KENYA,-1.210233,36.7898027
,WINSLOW CHEMIST,KENYA,-1.2946673,36.7971519
,PHARMAPLUS PHARMACEUTICALS LTD-NAIROBI WEST,KENYA,-1.3083318,36.82265659999999
,POINT MARK PHARMACEUTICAL LIMITED,KENYA,-1.2609826,36.8777461
,PRAMAH PHARMACY LIMITED,KENYA,0.4636859,34.1025335
,PERFECT HEALTH CHEMIST,KENYA,-1.2611605,36.80197769999999
,NYAKOE CHEMISTS COMPANY LIMITED-NYAKOE,KENYA,-0.6715831999999999,34.7707222
,PREMEDFEDHA  PHARMACY,KENYA,-1.2840778,36.8203445
,ONE DIAL PHARMACY,KENYA,-1.5258235,36.9416793
,MART HEALTH OPTIONS,KENYA,-1.3133037,36.8167545
,MAKINI -PHARMACEUTICAL KIMBIBI,KENYA,-1.295964,36.770206
,TOPMEDS SUPPLIES LIMITED,KENYA,-1.2853451,36.8282833
,MALIBU EPIC BUSINESS PARK MOMBASA,KENYA,-4.050778,39.6898581
,SKYLINE HEALTH - NDENDERU,KENYA,-1.2590959,36.8268147
,UNITED THERAPEUTIC PHARMACY LIMITED,KENYA,-1.3324736,36.8806078
,NATIONCARE PHARMACY,KENYA,-1.284122,36.8294634
,RILEYS CHEMIST,KENYA,-1.2886575,36.8263734
,SUBEM CHEMIST,KENYA,-1.3077199,36.8332673
,MANKIND PHARMACY,KENYA,-1.3117215,36.9136669
,SMART DREAMS CHEMISTS,KENYA,-1.2838664,36.8968961
,SUAM CHEMIST,KENYA,-1.2864811,36.8268117
,MEDISAN MEDICAL CENTER,KENYA,0.6145618,34.6570898
,NAEL CHEMIST,KENYA,-1.2925944,36.7869486
,RAMRONS PHARMACY,KENYA,-1.2653785,36.8065018
,PHARMWI PHARMACY,KENYA,-1.3205309,36.70374049999999
,NAJMI CHEMIST,KENYA,-1.2925944,36.7869486
,SPENOK PHARMACY,KENYA,-1.1996951,36.9262652
,PISGAH PHARMACEUTICALS,KENYA,-1.3170018,36.9182823
,WENDO CHEMIST,KENYA,-1.2638654,36.8032699
,PEKAMED CHEMIST,KENYA,-1.265058,36.804397
,RHAPTA PHARMACY,KENYA,-1.264401,36.7904291
,MENIA INVESTMENT LIMITED,KENYA,-1.2831074,36.8236224
,MED SPARCKLE PHARMACY,KENYA,-1.3117381,36.8368951
,MALTA CARE PHARMACY,KENYA,-1.2870917,36.8266283
,LYDIUS CHEMIST,KENYA,-1.2751177,36.7947506
,MEDITEC E.A FAIRLIFE PHARMACY,KENYA,-1.3037777,36.7464809
,PAULGAB PHARMACY,KENYA,-1.284931,36.819842
,MAJESTY PHARMACEUTICALS LIMITED,KENYA,-1.0725821,37.0950352
,PROGYTOWN PHARMACY,KENYA,-1.2294517,36.8048317
,MONCLAIRE DISCOUNT PHARMACY,KENYA,-1.3245264,36.8257737
,LUIZ'S PHARMACEUTICAL,KENYA,-0.6646962,34.8446136
,SABEJA CHEMIST,KENYA,-1.2807112,36.7516109
,MIPHENS SUPPLIERS LIMITED,KENYA,1.0147023,35.002656
,PHARMAPLUS PHARMACEUTICALS LTD- BBS MALL EASTLEIGH,KENYA,-1.2797899,36.8465973
,SIPILO CHEMIST-NANYUKI,KENYA,0.0170646,37.0752865
,MEDSRUS LIMITED-PHARMACY,KENYA,-1.2657173,36.8035126
,SOUTHSHORE PHARMACY,KENYA,-1.3319206,36.8571633
,OLIVEPOINT CHEMIST,KENYA,-1.2877069,36.8961707
,SOLUTION SAVANT,KENYA,-1.2629794,36.8032059
,RIIRIPHARM CHEMIST,KENYA,-1.2448593,36.6815671
,MIDSTREET PHARMACY,KENYA,,
,TOB - KNIGHT CHEMIST,KENYA,-1.3037812,36.8103395
,LUCHAO PHARMACY,KENYA,-1.2864811,36.8268117
,ZEY PHARMACEUTICALS EASTLEIGH,KENYA,-1.2720581,36.845565
,TMF PHARMACEUTICALS CO LTD,KENYA,-1.35123,36.90183330000001
,VITAHEALTH PHARMACY,KENYA,-1.159585,36.88125350000001
,TOPWAY  CHEMIST,KENYA,-1.277999,36.8912908
,REMION DRUG STORE,KENYA,-1.4875291,36.9549162
,PHARMA PILL,KENYA,-1.2172564,36.9030657
,LENATA PHARMACY,KENYA,-1.3247698,36.8859047
,MOROGO CHEMIST,KENYA,-1.2183553,36.8993831
,NJOLINGA CHEMIST SOUTH B,KENYA,-1.3145446,36.8487135
,THE CEE PHARMACY,KENYA,-1.1714204,36.841927
,PHARMAPLUS PHARMACEUTICAL-KILIFI,KENYA,-3.6322465,39.84807989999999
,SCANDIC PHARMACY LIMITED,KENYA,-1.282181,36.8278998
,TAZON CHEMIST,KENYA,-1.2643903,36.8036153
,LINCOLN AND SONS PHARMACY,KENYA,-1.2673667,36.7509204
,MACHPHARM CHEMIST,KENYA,-1.2837414,36.8227456
,MUHA   CHEMIST,KENYA,-1.2864811,36.8268117
,PHARMAPLUS PHARMACEUTICALS LTD-COMET HOUSE,KENYA,-1.3319206,36.8571633
,PACIFIC PHARMACY,KENYA,-1.286511,36.793465
,WHITPRU CHEMIST,KENYA,-1.2757039,36.7892886
,RINEYMED SOLUTIONS LTD,KENYA,-1.3009317,36.7993609
,LORAN PHARMACY,KENYA,-1.1494327,36.6671503
,TULAMART PHARMACEUTICAL LTD,KENYA,-1.2460403,36.87666979999999
,RICHPAM PHARMACY,KENYA,-1.2820117,36.9653873
,MAGENTA PHARMACY,KENYA,-1.4169649,36.6868701
,ZUENARUSH PHARMACY,KENYA,-1.2096701,36.8952999
,MAXLAB CHEMIST & AGROVET LTD,KENYA,-3.3922342,38.5628673
,SALAMA NDANI,KENYA,-1.2859883,36.8232611
,TYPHARM PHARMACY,KENYA,-1.4811066,36.9574577
,ZOE LIFE CHEMIST LIMITED,KENYA,-1.2459031,36.9032423
,STRIVE PHARMARCY,KENYA,-1.3249593,36.696963
,RXEPERTS PHARMACY LTD,KENYA,-1.2852942,36.8205265
,SHIVLING PHARMACEUTICAL LIMITED KISII,KENYA,-0.6771638999999999,34.7802233
,NOBLE LITE PHARMACEUTICALS,KENYA,,
,"LUCYPHARM CHEMIST,",KENYA,-1.2836809,36.8236255
,MOHAME HABIB PHARMAMED LTD,KENYA,,
,SIDEHILL PHARMACY,KENYA,,
,PHOGRETA PHARMACEUTICALS LIMITED,KENYA,-1.2664742,36.8042108
,YACKOS CHEMIST KAKAMEGA,KENYA,0.2821954,34.7528884
,LEE PHARMACEUTICALS,KENYA,,
,NYABORO PHARMACY,KENYA,-1.299996,36.7729814
,TREVYION ENTERPRISE  LIMITED-ELDORET,KENYA,0.519384,35.27484
,PHARMAPLUS PHARMACEUTICALS LTD- IMAARA MALL,KENYA,-1.3277041,36.8816413
,PHARMAPLUS PHARMACEUTICALS LTD-KERARAPON KAREN,KENYA,-1.3319206,36.8571633
,NJORO MEDIRISE PHARMARCY,KENYA,-0.3763665,35.9358038
,RIBSOBON PHARMACY LTD-KIMUMU,KENYA,-1.2863149,36.821507
,NORTHLINK HEALTH SOLUTIONS,KENYA,-1.2683912,36.9087714
,VIREM PHARMA PLUS,KENYA,-1.2817009,36.816972
,VONTAN PHARMACY KAKAMEGA,KENYA,0.2829402,34.7548322
,LUMWA PHARMACY,KENYA,-1.2864811,36.8268117
,ROSEMED CHEMIST,KENYA,,
,MEGA TIBA CHEMISTS,KENYA,-1.2838244,36.84208539999999
,WANARUONA PHARMACY.,KENYA,-1.2762733,36.8286351
,STAWI PHARMACY,KENYA,-1.3249593,36.696963
,LELITA PHARMACEUTICAL LTD,KENYA,-1.3259731,36.7779941
,SEMULAR PHARMACY,KENYA,-1.2840778,36.8203445
,YAFE PHARMCARE,KENYA,-1.2986394,36.8114842
,SARAM PHARMACY LIMITED,KENYA,0.5142774999999999,35.2697802
,NAYAH PHARMACY,KENYA,-1.1849654,36.8857471
,PINMARK CHEMIST,KENYA,-1.2634735,36.8051402
,TREASURE LIFE PHARMACY LTD,KENYA,-1.6874629,36.8479898
,PECCA PHARMACY,KENYA,-1.2636877,36.7198391
,TRANSPAN CHEMIST - PRIME,KENYA,-1.2132049,36.8962556
,REYCS PHARMACEUTICAL LIMITED,KENYA,-1.3068231,36.8771554
,MEGACHEM CHEMIST,KENYA,-0.3699301,35.2817435
,LUSHVILLE PHARMACY,KENYA,-1.2982806,36.9525958
,SHAMMAH CARE CHEMIST,KENYA,-1.2267752,36.9272753
,TOUCHSTONE PHARMACEUTICALS LTD- BROADWALK,KENYA,-1.2714411,36.8124943
,NYAMASA PHARMACY,KENYA,-1.304712,36.8291133
,RAYCOS ENTERPRISE LTD-SOUTH B,KENYA,-1.3105155,36.8309559
,MEDLEY TUMAINI CHEMISTS LTD-RDH,KENYA,-0.5078948999999999,34.7381496
,MVERA PHARMACY KIBARANI,KENYA,,
,MADHACHO PHARMACY,KENYA,-1.2547663,36.7974269
,TRUE WORTH PHARMACY LTD,KENYA,,
,THE DEWLAND PHARMACY,KENYA,-1.2643903,36.8036153
,TARBUSH,KENYA,-4.061376399999999,39.6749806
,ZANEPHARM CHEMIST,KENYA,-1.2132049,36.8962556
,LIVAI CHEMIST,KENYA,-1.283385,36.784354
,MAASUSWA CHEMISTS,KENYA,-1.2643903,36.8036153
,MAINSTREET PHARMACY,KENYA,-1.2959204,36.8050647
,ONECHEM PHARMACY LIMITED,KENYA,-1.2842985,36.8280089
,RITE DRUG  CHEMIST,KENYA,-1.2592146,36.823796
,MUSEO SOLUTIONS PHARMACY,KENYA,-1.2838269,36.8266216
,RUNPHARM CHEMIST,KENYA,-1.2840778,36.8203445
,MANGAPHARM ATHI CHEMIST,KENYA,-1.457513,36.9745436
,NEWBIRTH CHEMIST,KENYA,,
,LIYOH PHARMACY,KENYA,-1.2234716,36.7530235
,PHARMAPLUS PHARMACEUTICALS LTD-CHAKA,KENYA,-1.2914354,36.7905225
,REENLAND PHARMACY LIMITED,KENYA,-1.2889169,36.7926508
,TIGRIS PHARMACY,KENYA,-0.1890902,36.1245541
,SAMANI PHARNACEUTICALS LIMITED,KENYA,-1.2679118,36.8199666
,SAGANA- SMARTLINK PHARMACEUTICALS,KENYA,-0.6695131999999999,37.2061138
,SHAHEAL PHARMACY,KENYA,-1.2611605,36.80197769999999
,MALINDI AMAZ PHARMACY,KENYA,-3.2253161,40.1158131
,NICEHEAL PHARMACY-MWIKI,KENYA,-1.3246911,36.8260391
,MUANJU PHARMACEUTICAL LIMITED,KENYA,-1.6637692,36.8701914
,MOUBIET INVESTMENT,KENYA,-1.2857399,36.8235975
,MURENO PHARMCHEM,KENYA,-1.2679118,36.8199666
,PHARMATECA CHEMIST LIMITED,KENYA,-1.3458861,36.6489364
,RICKLEODS PHARMACEUTICAL RUAKA,KENYA,-1.210233,36.7898027
,SILOR HEALTHCARE SERVICES,KENYA,-4.0281405,39.6885127
,ROSENAH PHARMACY,KENYA,-1.294937,36.7981006
,RIELMED GIAKANJA CHEMIST,KENYA,-0.0748561,34.7845735
,LINCPHARM CHEMIST,KENYA,-1.2851347,36.8270809
,WINSCARE CHEMIST,KENYA,-1.2394087,36.8988668
,ULTRACEUTICALS PHARMACY,KENYA,-1.2864807,36.8229751
,TELEPHARMA CHEMIST,KENYA,-1.2382363,36.9021577
17555= 00200- Nairobi ,Maroti Pharmacy ltd,KENYA,-1.300352,36.7869365
KATANI,ABAN ,KENYA,-1.2781595,36.8515942
Loresho shopping centre ,Phrancmed ,KENYA,-1.2516884,36.7564312
Marurui- thome,Aid mart pharmacy ,KENYA,-1.2132895,36.8755289
KIKUYU TOWN OPPOSITE FAMILY BANK,PEAKTIME CHEMIST LTD,KENYA,-1.2451253,36.6632921
Rongai millennial,ALMOND PHARMACY ,KENYA,-1.3962052,36.7393511
121Kasarani,Tymedpharmacy,KENYA,-1.2978535,36.78901219999999
Kangemi ,Medipharmacy,KENYA,-1.2639662,36.7581754
UTHIRU ,REMMAY PHARMACY ,KENYA,-1.2638636,36.715953
20405-Bomet,narila pharmacy,KENYA,,
nairobi,nedijndife ltd,KENYA,-1.2845799,36.8186918
MWANGAZA RD SECTOR 3B,KOMA MEDICAL CENTER,KENYA,-1.2647614,36.9087414
juja,urit medical ,KENYA,-1.1009928,37.0129877
56,nest pharmacy ,KENYA,-1.2835177,36.8940654
"UOJA CENTRE,Kerarapon Road",NAISOMEDI PHARMACY LIMITED,KENYA,-1.3310715,36.6761106
36 kerugoya,trophychem,KENYA,-1.261017,36.802003
LIMURU,BENESSERE CHEMISTS,KENYA,-1.1091616,36.6418398
CBD Star Mall,Medinici,KENYA,-1.2825916,36.8235758
ngara,okiya pharmacy,KENYA,-1.276179,36.825432
Nairobi,Jomac Pharmacy,KENYA,-1.3148552,36.791963
Westpointe Suites,Discovery Pharmacy,KENYA,,
kabianga ,SHAKIM PHARMACY AND CHEMIST ,KENYA,-0.460686,35.1728227
Diani ukunda ,divine Healthplus pharmacy ,KENYA,-4.2806831,39.5662539
173 Kitengela ,Plain Kitengela Pharmacy ,KENYA,-1.4766794,36.9597949
Tseikuru,memah bestcare pharmacy,KENYA,-0.3076936,38.2196697
Prison road kitengela,Pharma Best Pharmacy ,KENYA,-1.4791361,36.95836
Nuu stage ,CALMAK CHEMIST ,KENYA,-1.053931,38.3631399
Mlolongo,Kevron healthcare,KENYA,-1.3934071,36.9398698
Next to mtopanga primary ,Lukomatch-chemist ,KENYA,-1.2986566,36.7782771
Next to mtopanga primary school ,Lukomatch-chemist ,KENYA,-1.6628462,37.4470643
"Athi river, Kenya ",Ballet pharmacy ,KENYA,-1.457878,36.97569
"Grey Park Annex, Along Eastern Bypass, Utawala",Karyo Health ,KENYA,-1.1538194,36.9622579
"Mbita Sub County, Homabay County ",Medlink Pharmacy ,KENYA,-0.4367915000000001,34.2060283
Juja Stage,Neolite Pharmacy ,KENYA,-1.0919437,37.0204674
Matasia,Tawi Pharmaceuticals Ltd,KENYA,-1.3932906,36.6836344
Ngong Hills,Elpason Chemist,KENYA,-1.3485312,36.66102679999999
uthiru ,isweya pharmacy ,KENYA,-1.258661,36.7118767
town,tester,KENYA,-1.2929177,36.8411063
Saachi plaza,Emreign Limited,KENYA,-1.2928289,36.7899874
uthiru 87,Radiant chemist and cosmetics ,KENYA,-1.2436907,36.9110513
,Hellen pharma ,KENYA,-1.285217,36.8316976
DC Kabiria road,AntonioMemz Chemist ,KENYA,-1.2904708,36.72628330000001
Juja next to Coop Bank,Sanaa Pharmacy,KENYA,-1.1079375,37.0068125
P. O BOX 33 BOMET ,RJ-HIGHCREST PHARMACY ,KENYA,-0.7806006,35.3427295
Marurui ,Nguvoni pharmacy ,KENYA,-1.2950277,36.7865919
Market road ,MEDIBLEND ,KENYA,-1.282731,36.7848689
Nairobi ,Ken,KENYA,-1.2860095,36.8257038
Kitengela ,Sam's Pharmacy ,KENYA,-1.4747862,36.9582619
"Kolani village,opp Rubis petrol Station,Karen",Meditass Pharmacy,KENYA,-1.3404985,36.753122
LANGATA ROAD,NORTHCROSS PHARMACY,KENYA,-1.3402408,36.7501828
Nakumbuka,DoeJo Pharmaceuticals,KENYA,-1.2461549,36.8748971
17983,wayne,KENYA,-1.2625068,36.7982244
Kenol ngong rd,Branston pharmacy7,KENYA,,
cbd,Business one,KENYA,-1.2804714,36.823156
CBD,Shon's,KENYA,-1.3268955,36.8526944
"A22, Ngummo",Jekim Pharmacy,KENYA,-1.269627,36.9184184
Nairobi ,Pinto,KENYA,-1.2132548,36.9049084
kiuru along muhuri road,CORNER view pharmacy ,KENYA,-1.2627683,36.7017211
kinoo,Liserm pharmacy ,KENYA,-1.2576276,36.703514
87uthiru,Helfen,KENYA,-1.2575421,36.703268
Kiserian,Lelita pharmacy ,KENYA,-1.4267078,36.6898759
"Rongai, Tumaini",VIECO,KENYA,-1.395227,36.763723
riruta police station,seticare pharmaceuticals ,KENYA,-1.2934412,36.7394752
Along moi drive ,Shukran Pharmacy,KENYA,-1.2868387,36.8892662
Total energies parklands,Healthcare pharma,KENYA,-1.2633388,36.809199
umoja ,umocare chemist,KENYA,-1.2782826,36.8910074
UMOJA 1,ANGELIC STAR PHARMACEUTICALS,KENYA,-1.2834847,36.889222
westpark suites,nourish & bloom pharmacy,KENYA,-1.266308,36.8117356
11008,Fastmedd ,KENYA,,
Kawangware,Afia space pharmacy ,KENYA,-1.2864911,36.742397
26 muthithi dr ,Ram pharmacuticals,KENYA,-1.2653785,36.8065018
Utawala,Beram Medicare ,KENYA,-1.2985862,36.7936141
Jason test account,Jason test account,KENYA,-1.3264457,36.7250469
GATUNDU,KEGAKA PHARMACY,KENYA,-1.0133967,36.9058388
"294-00625, Nairobi",Hallow Pharmacy,KENYA,-1.2645437,36.8040224
234,Caterwell,KENYA,,
"Kabiria Rd, Kabi Center",Aviv Medical Center,KENYA,-1.2907765,36.7271297
Ongata Rongai,Kwesih Pharmaceuticals,KENYA,-1.3968733,36.7594075
Ongata Rongai,Mauleni Chemist,KENYA,-1.3908034,36.7699285
Kasarani ,FloDanChemist,KENYA,-1.2189509,36.8950123
dagoretti corner,Afyaheri medical centre,KENYA,-1.2993491,36.7565354
abc Square Naivasha rd,revees pharmacy,KENYA,-1.2943479,36.7541566
Ongata Rongai,Rongai Orthopaedic Medical Services,KENYA,-1.4158051,36.7146198
Kimbo,Turtles Care Pharmacy ,KENYA,-1.252626,36.693025
77130_00100,Jomac Pharmacy,KENYA,-1.3148552,36.791963
"KIKUYU TOWN, OPPPSITE FAMILY BANK",PEAKTIME CHEMIST LTD,KENYA,-1.2451253,36.6632921
Kimbo,EINESWEI PHARMACY,KENYA,-1.2075997,36.9289285
Kawangware ,JOMU PHARMACEUTICAL ,KENYA,-1.2829097,36.7429612
Pipeline Estate,Pineville Pharmacy,KENYA,-1.3181664,36.8951638
Saika,Osta pharmacy,KENYA,-1.2573158,36.9162208
Nairobi CBD,THE SAMARI MED CENTRE,KENYA,-1.2920659,36.8219462
Embakasi Pipeline stage,RESIDENT PHARMACY,KENYA,-1.3185748,36.896093
kimbo,Fitbody pharmacy ,KENYA,-1.2055145,36.918536
Kawangware,KanuniAfya,KENYA,-1.2820086,36.74220440000001
Maasai Lodge - Ongata Rongai,Kwesi Pharmaceuticals PLC,KENYA,-1.3854972,36.8131123
Ngara parkroad ,Rozita chemist,KENYA,-1.2739901,36.83180309999999
Prism towers,Janz,KENYA,-1.293066,36.8089098
Eastleigh 12th Street,Awale 2,KENYA,-1.2782017,36.8515634
koinange,nafuumed,KENYA,-1.2835423,36.8312504
Juja,Bridgecare Pharmacy,KENYA,-1.1044545,37.0136752
Highpoint,Rolpherm Pharmacy,KENYA,-1.0950681,37.0295052
1753 Karatina,Medipoa,KENYA,-0.481542,37.11248399999999
6824,Beram Medicare,KENYA,-1.2985862,36.7936141
kangemi,sunshine chemist,KENYA,-1.2705263,36.7454636
ENGINEER LAW COURTS,Aberchem pharmaceuticals,KENYA,-0.6032333999999999,36.5773342
Athi River,Moola Enterprise,KENYA,-1.4493399,36.9792001
wanyee,just pharmacy,KENYA,-1.2949474,36.7478597
UMOJA 1 MARKET ,PIPEVILLE PHARMACY,KENYA,-1.3181664,36.8951638
THIKA,PATALIA PHARMA,KENYA,-1.035434,37.0754647
Witeithie-Opposite Kernan Hosp,Valuelife,KENYA,-1.2041106,36.8406099
Kangundo Road (Kware),Heal life chemist ,KENYA,-1.2500677,36.9401602
OLD NAMANGA ROAD,REDPINE PHARMACY,KENYA,-1.4766794,36.9597949
"Ndunyu, Dagoreti Rd",Zepharma,KENYA,-1.2845957,36.6881478
Matasia opposite Resort,hillsway medical center Ltd matasia,KENYA,-1.3895826,36.6835663
"Ndunyu Market, Dagoretti Rd",Talia Medical Center,KENYA,-1.2751315,36.7570649
32 KANGEMI,KEDAH MYRRH PHARMACY,KENYA,-1.2642485,36.751915
Kangemi Bus Terminal,Danamed Chemist,KENYA,-1.2649232,36.7493326
kikuyu,Dirak pharm chemist,KENYA,-1.2445866,36.6647991
KMA center,Githu Annex chemist,KENYA,-1.2059102,36.9173031
Fortis suite Hospital Road,The woman's clinic pharmacy Ltd,KENYA,-1.2983821,36.8085711
"JF Centre, ground floor, at the junction of Argwings Kodhek Road/Ralph Bunche road, next to the Nairobi Hospital.",WISEMAN'S PHARMACY Ltd,KENYA,-1.2952714,36.8063976
15308-00400,JACYA PHARMACY,KENYA,-1.294389,36.7984859
kindaru road,ABRAXAS,KENYA,-1.2986506,36.7930823
Chemelil ,CHEMELIL TRINITY ,KENYA,-0.0841527,35.1351985
ngong Road business centre,Greenspan chemists limited,KENYA,-1.3000019,36.7736086
Nairobi,Notable Chemist,KENYA,-1.2853715,36.8190588
Kayole Junction,Bendito Clinic,KENYA,-1.2556649,36.9233532
Magadi Road,KABMON PHARMA INTERNATIONAL LTD,KENYA,-1.396221,36.7407819
Kichinjio road rongai,MEMA PHARMACY ,KENYA,-1.2762888,36.9145329
Fedha plaza,Doveypharma,KENYA,-1.2636152,36.80648619999999
kinoo,healspark,KENYA,-1.2526258,36.6930253
kasarani arcade,HEKO,KENYA,-1.2177704,36.89710970000001
Nairobi,Abc,KENYA,-1.2596849,36.777006
ZIMMERMAN,Akima chemist,KENYA,-1.2059489,36.8952592
Zimmerman canopy,Britney pharmacy,KENYA,-1.2103862,36.8959204
Zimmerman,dauphin pharmacy,KENYA,-1.2063005,36.8948593
Canopy,Setoa plus plus ltd,KENYA,-1.3190521,36.8363723
Roysambu,Dimples Pharmacy Ltd,KENYA,-1.2153329,36.895116
Nairobi,Herly,KENYA,-1.2713201,36.8107798
ngewa park Nairobi west,Hightone pharmacie ltd,KENYA,-1.2783164,36.8908708
"Gichungo, Muhuri Rd",TayJay Chemist,KENYA,-1.2842641,36.7424021
Ngong Jotta 1 building,Rujchem Pharmacy,KENYA,-1.3630685,36.65592470000001
ngong oloolua road,Boston chemist,KENYA,-1.3616454,36.6560518
ngong zambia,Greatlinks pharmacy,KENYA,-1.3596198,36.6560881
918-00208,Benapharm,KENYA,-1.400727,36.7574128
Ngong,Medihints,KENYA,-1.3505237,36.6598712
Ruaka,vie saine pharmacy,KENYA,-1.2071041,36.7838035
458 Ruiru,pharmacy,KENYA,-1.15923,36.9597065
outering road,ruby health care services,KENYA,-1.297955,36.799489
ushirika fupi,barakaat,KENYA,-1.2737918,36.8435911
2030,riscon pharmacy,KENYA,-1.3019836,36.7540732
new donholm,amoit pharmacy,KENYA,-1.3021765,36.8881104
Kimbo ,Famous Care ,KENYA,-1.1299363,36.9699661
"hypermarket,muthithi road",mh pharma,KENYA,-1.2656313,36.807071
01000,Eshaal Chemist,KENYA,-1.2857566,36.8226597
30455,maria drug house,KENYA,-1.2576329,36.92043049999999
"Table54 building,ngong town",AL-AMIN CHEMIST,KENYA,-1.3484893,36.661076
molo,nana,KENYA,-0.2488358,35.7323709
"Woodley estate, Toi Market",Toi Pharmacy,KENYA,-1.3022402,36.7803998
"Ushirika, Nairobi",Barakaat Chemist Ltd,KENYA,-1.2742434,36.8435388
Nairobi,Wanda S&A Limited,KENYA,-1.2691912,36.8112789
kiamumbi,little sprout pharmaceuticals,KENYA,-1.2047601,36.77359310000001
Donholm,Trafford,KENYA,-1.301282,36.7837293
Witeithie,Tamwaj ,KENYA,-1.0767626,37.05470160000001
Alaswad,Al-Aswad pharmacy,KENYA,-1.2806269,36.8496802
Mariver,Liwa Enterprise,KENYA,-1.2025421,36.9248729
Donholm,Carrington,KENYA,-1.2825431,36.8235422
Kimbo,Amavita Pharmacy ,KENYA,-1.2547663,36.7974269
"Petrocity, Karen",Grants Pharmacy,KENYA,-1.3225694,36.7070607
EMBAKASI,SAYARI-MEDS HOME CARE ltd,KENYA,,
kware,edlian hope,KENYA,-1.3094212,36.8180605
embakasi-juakali,riscon,KENYA,-1.3046679,36.9153714
"2338, JOYLAND RUAKA",THE HOPKINS CRESCENT PHARMACY,KENYA,-1.2043878,36.7756458
"NAIROBI, INDUSTRIAL AREA",DAVRY PHARMACEUTICALS,KENYA,-1.3039696,36.8673855
"NAIROBI, INDUSTRIAL AREA ",DAVRY PHARMACEUTICALS ,KENYA,-1.2872743,36.7484908
Karen,Grants Pharmacy Ltd,KENYA,-1.3226341,36.7069635
ruiru town near railway,langaze,KENYA,-1.1502513,36.9608441
Ruiru Town,ngatho,KENYA,-1.14825,36.9604534
ngong town,medcare pharm,KENYA,-1.3609857,36.656347
Ruiru town,Ngatho Chemist,KENYA,-1.14825,36.9604534
"Dagoretti Centre, Dagoretti Rd",Assured Plus Medical Centre,KENYA,-1.2793242,36.7127048
Skymall 4th parklands,WELLNESS LIFECARE PHARMACY LTD,KENYA,-1.2571961,36.8180089
Parklands,Tf pharmacy,KENYA,-1.2638674,36.8244743
599-001100,KAJLAB PHARMACY,KENYA,-1.2844627,36.8233367
kajiado town,NARAMATT CHEMIST,KENYA,-1.8420955,36.7884997
Elpaso ngong,Hillstop,KENYA,-1.3481003,36.6627315
matasia- ngong,kleft pharmacy,KENYA,-1.3627298,36.6560533
Tom Mboya Street Opposite fire station,Wellcure Pharmacy,KENYA,-1.2597319,36.8169103
Dagoreti,luvipharm,KENYA,-1.2836333,36.6888383
MALINDI,JESUSTAR CHEMIST,KENYA,-3.2165418,40.11499380000001
JO,JO,KENYA,-1.2824887,36.8229491
Ruai,Jolem Pharmacy,KENYA,-1.2683082,36.9925521
Tala,HurryCare,KENYA,-1.2678124,37.3168531
Alpine,Hobbit,KENYA,-1.1906353,36.8978754
ruiru town,ruiru hospital ltd,KENYA,-1.1441678,36.9580183
embulbul next to mosque,kechi pharm pharmacy,KENYA,-0.9519055,37.1064019
ruiru railways,ruiru medical store,KENYA,-1.1478202,36.9608429
Embulbul,Omincare pharmacy,KENYA,-1.326543,36.82880900000001
"Muyuyu street, Eastleigh 2nd avenue",Fil care,KENYA,-1.2999997,36.8014744
mombasa,pharmaland,KENYA,-4.0587263,39.6728888
"IMANI PLAZA II BUILDING, MACHAKOS",UNIVERSAL FAMILY HEALTH SERVICES LTD,KENYA,-1.5247997,37.26549
Bondo west end,Ambient pharmacy ,KENYA,-0.0990539,34.2750183
75 kabiria town,Wisegate health chemist,KENYA,-1.2876736,36.8277787
kimbo,peripharm chemist,KENYA,-1.147016,36.9584749
"RUIRU KIMBO, MATANGI ROAD",EXPRESS CARE PHARMACY,KENYA,-1.1331173,36.976005
ushirika Eastleigh,DAYAH,KENYA,-1.2737918,36.8435911
elpaso,levacare pharmacy,KENYA,-1.3347999,36.673464
Rongai,midwest,KENYA,-0.297241,36.0510872
www.newlife.com,Newlife,KENYA,-1.2889569,36.7878418
Remax mall chaka,Healsense  pharmacy,KENYA,-1.2931386,36.7923137
Utawala Airways,Apotek Pharmaceutical,KENYA,-1.2885927,36.9504001
Eastleigh 9th Street Nairobi,RAFIKI PHARMACEUTICALS,KENYA,-1.275788,36.8512672
Hunters Kasarani,Alison Chemist,KENYA,-1.2253857,36.9210154
Kiambu ,Aura,KENYA,-1.2506579,36.6922591
Athi River,Goblet Enterprise,KENYA,-1.454577,36.9882026
"Juja, Kiambu",Wellness,KENYA,-1.1365363,36.97286320000001
Mombasa,Alpher,KENYA,-4.058843899999999,39.6711771
Gigiri,healthcare pharmaceuticals,KENYA,-1.2362233,36.80703829999999
kilimani,testerrr,KENYA,-1.2929177,36.8411063
outering road,carevibe,KENYA,-1.2577901,36.8034798
kizito mwihoko,SAVAS CHEMISTS,KENYA,-1.2084245,36.9589207
Embul Bul Ngong,Jomed Chemists,KENYA,-1.3347999,36.673464
tassia,vibecare,KENYA,-1.3089651,36.8936368
machakos,GEN LIFE CARE,KENYA,-1.5216029,37.2690653
machakos Bus park,Gen lifecare,KENYA,-1.5216029,37.2690653
22211,PATIMA,KENYA,-0.43619,36.9624383
50881-00100,Lifewise Pharmacy,KENYA,-1.2986566,36.7782771
waudo street,Sancilin Pharmacy,KENYA,-1.2784218,36.8504755
mohamed,Abdirashid,KENYA,-1.2623003,36.8222573
8798-00610,medifil,KENYA,-1.2810112,36.8500205
California,Jazaka,KENYA,-1.2842749,36.8293302
California,Flash pharmacy,KENYA,,
California Mabruk 2,vassila chemist,KENYA,-1.2751177,36.7947506
California KFC Eastleigh,Maaz care pharmacy,KENYA,-1.285233,36.8541605
Zimmerman canopy,Setoa plus plus ltd,KENYA,-1.2060947,36.8943789
2nd avenue 9th street,Rafiki pharmaceutical,KENYA,-1.2759658,36.8511934
kiambu rd,Memey.AI,KENYA,-1.1308423,36.765021
Nairobi,yolo,KENYA,-1.2872531,36.82555860000001
fouth street,Taaif Pharma,KENYA,-1.272088,36.8503066
fifth Street Eastleigh,Hikmas,KENYA,-1.2733467,36.85075490000001
Eastleigh,KHEYBAR PHARMACY,KENYA,-1.2737971,36.8454049
0723200017,KHEYBAR PHARMACY,KENYA,-1.2737971,36.8454049
Eastleight,Latia pharmacy,KENYA,-1.273811,36.8461696
kirongothi street,TIBYAN MEDICAL CENTRE,KENYA,-1.2954572,36.8065829
ReMax shopping village,healsense pharmacy,KENYA,-1.2931386,36.7923137
ngong,Rujchem,KENYA,-1.3630685,36.65592470000001
The Arch place nyangumi road,Reliant pharmacy,KENYA,-1.2871511,36.7898547
Ngong,clepars chemist,KENYA,-1.3627298,36.6560533
kinoo,valley of blessings,KENYA,-1.2544451,36.6936454
bbs road,gala pharmacy,KENYA,,
kahawa west bima road,Allopharm,KENYA,-1.1888971,36.8978529
California,minhaj,KENYA,-1.2803231,36.8476042
"Zambia , Ngong town",Medihints pharmacy,KENYA,-1.3505237,36.6598712
Nb,NB,KENYA,-1.2625016,37.0382859
210,Winfred ihura,KENYA,,
Kimbo Matangi,Jellykins,KENYA,-1.1340047,36.9761795
Ngong Town,MAXMA PHARMACY,KENYA,-1.2891915,36.7535798
kahawa west,martimed,KENYA,-1.1849931,36.9032369
Ngara Park road ,Alane pharmaceuticals limited ,KENYA,-1.276733,36.8307703
nairobi,safnaan,KENYA,-1.2794213,36.8505878
six street eastligh,ARAFAT pharmacy,KENYA,-1.2736832,36.8511881
Eastleigh sec 3,sokem,KENYA,-1.2859085,36.8532829
kipande Athumani street,primechoice pharmaceutical,KENYA,-1.2649096,36.8031589
jam street eastleigh,BIIHI pharmacy,KENYA,-1.2739215,36.8460145
254,MAALIMIN,KENYA,0.3786393,39.1127352
Galole street Eastleigh,Daryeel Hospital,KENYA,-1.2726298,36.8502847
5th street,SALIHIYA PHARMACY,KENYA,-1.2738266,36.8506261
"Ninth Street, Eastleigh",Labikus Pharmacy and Dental Clinic,KENYA,-1.2760098,36.851437
opposite Huduma center,AZRAH pharmacy,KENYA,-1.2774587,36.85141
kinoo,realworld,KENYA,-1.2526258,36.6930253
CBD,Shine Pharmacy,KENYA,-1.2836809,36.8236255
12th Street,Egyptian Medical Centre,KENYA,-1.278875,36.850814
Utawala,Mukasacare Chemist,KENYA,-1.279432,36.826318
test account,zzz jason test account,KENYA,,
eastleigh,latia Pharmacy,KENYA,-1.273811,36.8461696
Nairobi cbd,Neolite pharmaceuticals ,KENYA,-1.2326557,36.8658612
Kakamega Town,Marl pharmaceuticals ,KENYA,0.2830308,34.7494623
mombasa,pharmaland,KENYA,-4.0587263,39.6728888
jam street,Buthul pharmacy,KENYA,-1.2719698,36.8470373
Nairobi,Biz ,KENYA,-1.2874646,36.8246538
machakos,longonot,KENYA,-0.9210039000000001,36.4472577
Pipeline,Area chemist,KENYA,-1.3204513,36.8962741
Utawala - Githunguri Rd.,Cetamol,KENYA,-1.2784551,36.7947797
utawala benedicta,Kemcy,KENYA,-1.2778118,36.9644719
Outering road,Calda pharm ,KENYA,-1.2481786,36.8716626
Utawala,Med,KENYA,-1.2848487,36.95628749999999
Kimbo Stage,Frebpha Chemist,KENYA,-1.2055145,36.918536
Meditrina Hospital ,Choice Care Pharma Ltd ,KENYA,-1.2734847,36.8262909
12th street,Rafiki pharmaceuticals,KENYA,-1.2738558,36.846306
0725756771,Genesis,KENYA,-1.2672272,36.7979012
eastleigh 2nd Avenue,darul shifa,KENYA,-1.3002988,36.8392106
eastleigh 12th street opp equity bank,qaalane pharmacy and medical centre,KENYA,-1.2788021,36.8516736
Roasters Thome rd,Nabogi,KENYA,-1.2439028,36.8808697
po box 100-1953,flash pharmacy,KENYA,-1.1987047,36.9016406
"Waudo st, California, Eastleigh",Flash pharm,KENYA,-1.2721321,36.8424626
California Mabruk two,istahil medical,KENYA,-1.2942758,36.8065085
GREATWALL GARDENS PHASE 1,CURE SPOT PHARMACY,KENYA,-1.4273827,36.977781
DONHOLM,Brown pharmacy limited,KENYA,-1.3004656,36.888877
Savannah donholm,lifechem,KENYA,-1.2645893,36.895604
donholm,quality even chemist,KENYA,-1.3021765,36.8881104
Savannah Donholm,Alphamed pharmacy,KENYA,-1.2979508,36.8936786
Gwa Kairu,Benapharm Chemist ,KENYA,-1.1297195,36.9822881
Kimbo Kiganjo road ,Tiran Pharmacy,KENYA,-1.0752429,37.10030190000001
EASTERN BYPASS,BLUE BAY PHARMACY,KENYA,-1.1767131,36.9901583
Ahero,Magiges Pharmcare ,KENYA,,
"Shell petrol station matasia, in kiserian.",Magenta Pharmacy,KENYA,-1.4169649,36.6868701
"Opposite Nidhamia Hall, Casuarina road, Malindi.",Mghanga Chemist ,KENYA,-3.2236413,40.1245054
2769-30100,Nas Chemist,KENYA,0.5206237,35.2762755
"Opposite Nidhamia Hall, Casuarina road, Malindi.",Mghanga Chemist,KENYA,-3.2236413,40.1245054
8310-30100,Blisspharm chemist,KENYA,0.5185233,35.2721396
MuscoTowers,Labkay Pharmacy,KENYA,-1.3211538,36.8932589
kitale,Austepharm,KENYA,1.0142516,35.0025442
Tala,st mark medical clinic,KENYA,-1.2709731,37.3235533
6679-30100,heal fast,KENYA,-1.261004,36.802228
1813-30100,Medix pharmacy,KENYA,0.5151413,35.2747311
30400,hl chemist ltd,KENYA,-1.2830529,36.817421
"Eldoret    Nandi  road,keiyo housing",shalopharm,KENYA,0.51471,35.2764548
trocadero opp ola petrol station,eldocare chemist,KENYA,0.5146311,35.2765141
kitale town,sonex pharmacy,KENYA,1.0161538,35.0039142
kitale khetias,Gigga chemist,KENYA,-1.2856956,36.7450493
Ahero- boya,Global providers int pharmacy ,KENYA,-1.2915985,36.8221108
4-20300,vinka,KENYA,,
3869 00200 Nairobi,Zurich,KENYA,-1.282313,36.818
660 nyahururu,Muhotetu chemist,KENYA,0.0262271,36.4118569
eldoret naivas,Asis chemist,KENYA,0.5020363999999999,35.27131749999999
4149-30100,Skyla chemist,KENYA,-1.2878953,36.8260339
1735 machakos,kathiani pharmacy,KENYA,-1.5199729,37.2680409
Zionmall,Budget,KENYA,0.5175855,35.2780743
1650,VIVIAN PHARMACEUTICAL,KENYA,-1.3371109,36.8913347
Eldoret Barngetuny Plaza_ opp zion Mall,Beemat Chemist,KENYA,0.5189819,35.2712806
Nyahururu Town,Tamasha Cheruiyot,KENYA,,
nyahururu,hewan,KENYA,0.0345239,36.3627844
CBD,Rovanna Chemist,KENYA,-1.2836809,36.8236255
Kilungya street Kitui,Stera pharmacy,KENYA,-1.3668874,38.00861440000001
kilungya street,Teamed chemist  ltd,KENYA,-1.2884231,36.8277974
KILUNGYA STREET NEAR SIDIAN BANK,ST. BHAKITA'S PHARMACY,KENYA,-1.3677925,38.0082429
1150-90200,Teti pharmacy,KENYA,-1.3660905,38.0105127
309-90200 kitui,Snow pharmacy,KENYA,-1.3632162,38.0099384
Biashara street Kitui,Hellenameds chemist,KENYA,-1.3683939,38.0087046
p.o box 739 kitui,Hellenameds chemist,KENYA,-1.3750588,37.9951422
new station road.. opposite kplc kisumu,Richpam,KENYA,-1.2995923,36.8531948
254,markpharm,KENYA,,
309-90200,stempo,KENYA,-1.3471307,36.900578
Naivas,Betoko,KENYA,-1.2708912,36.812842
0724848168,NOPRI,KENYA,-1.1729286,36.8309399
Kitui,Desta pharmacy ,KENYA,-1.369174,38.0090546
95 rumuruti,Locshilo,KENYA,0.2728098,36.5381845
kitui,Desta pharmacy,KENYA,-1.369174,38.0090546
Rumuruti town,LEMAZ CHEMIST,KENYA,0.2608088,36.5379265
kitui,Royal pharmacy,KENYA,-1.3632162,38.0099384
34 rumuruti,Amani medical clinic,KENYA,0.080234,36.3652
Nyamasaria,Dawa point chemist,KENYA,-0.1156608,34.786269
Kakamega,Amanda pharmacy,KENYA,0.2824136,34.7497877
Kisumu,Nyasee,KENYA,-0.0359152,34.7965881
Nairobi -road nyamasaria,Himli chemist,KENYA,-0.0749726,34.5980818
kakamega,Netro Pharmaceutical,KENYA,0.2863462,34.7543458
MEGA CITY MALL,THE PHARMAFOUNT LIMITED,KENYA,-1.2815613,36.8210954
Ngecha house hospital road-limuru town,Benessere healthcare,KENYA,-1.1094942,36.6417827
kakamega,Turbush pharmaceuticals,KENYA,0.2853257,34.7533915
Kakamega lurambi,MEDSTOWN,KENYA,0.2924647,34.7486156
Lurambi kakamega,phaneroo pharmacy,KENYA,0.2827307,34.7518631
kakamega cannon street ,Siku njema chemist-kakamega,KENYA,0.2851705,34.753741
Mora road,Salama cancer centre ,KENYA,-0.0917037,34.7679567
I&M Bank,BoBo Pharmacy,MALAWI,-15.8045998,35.0563037
MWINGI,CANAAN,KENYA,-0.9344093000000001,38.0598973
kibos road,Helmet,KENYA,-0.0980706,34.7513591
BUNGOMA KIBABI,Arvas Chemist kibabii-Bungoma,KENYA,0.5695490999999999,34.5584712
Bungoma kibabii road,Southperth pharmacy,KENYA,0.5662687,34.5610698
LOLWE,SAMIALBA,KENYA,-1.279668,36.82553
kanduyi Bungoma road,Danmed pharmacy,KENYA,0.5929287,34.5512162
Nanyuki Town,Laikipia Pharmacy,KENYA,0.0159129,37.0783302
bungoma kanduyi- mumias road,Cardinal AID pharmacy,KENYA,0.5816047999999999,34.5579659
30 -40100 Kondele,MAYAS PHARMACEUTICAL,KENYA,-0.0517391,34.787888
Mbezi,Qnet,KENYA,-1.036384,37.072691
general yusuf streeet,buthul2 pharmacy,KENYA,-1.2719698,36.8470373
Bidii Road Matuu,Uvosyo Pharmacy,KENYA,-1.1466779,37.5482177
kisii hospital road,palmocare chemists,KENYA,-0.672057,34.7716674
kisii parish road,osteomed,KENYA,-0.6676354,34.769653
"Hospital Road, Kisii",VARNA PHARMACY,KENYA,-1.3058947,36.8211963
Across Kisii Gen Hospital,Transmomosa Pharmaceuticals LTD,KENYA,-0.6681538000000001,34.7700329
opposite ktrh,sky end pharmacy,KENYA,-1.2878953,36.8260339
matuu,Ekapharm chemist,KENYA,-1.1399397,37.5481062
HOSPITAL ROAD KISII,HOSSGATE PHARMACY,KENYA,-0.6706976,34.7706991
NANYUKI STAGE,DYNARCHEM PHARMACY,KENYA,0.0163852,37.0769467
Nanyuki,SIPILO CHEMIST,KENYA,0.0170646,37.0752865
hospital road nanyuki,jamia care center,KENYA,0.0026609,37.0897499
shell kisii,getembe,KENYA,-0.6669999999999999,34.7641
Nanyuki,Abimed chemist,KENYA,0.0056662,37.0725192
Nanyuki town,Nanyuki chemist,KENYA,0.0128136,37.0769918
40200,selling,KENYA,-1.2815,36.8172535
nanyuki,tegipharm chemist,KENYA,0.0064178,37.0723796
irura road behind bemwaki towers,matanya pharmacy,KENYA,0.0098874,37.0745746
"Kisii town,st Jude's building,",Damett chemist,KENYA,-0.6739137,34.7734034
kisii-kisumu town road,ALICINES PHARMACY ,KENYA,-0.6839558,34.7925954
"Opp Equity Bank, Kisii Town",Basi Borabu Pharmacy,KENYA,-0.6712268,34.7707808
KAHOYA,DECLAPHARM CHEMIST,KENYA,-1.2542715,36.8763766
"Opp Caltex, KERICHO Town",Golf view Pharmacy,KENYA,-0.3686437,35.28692230000001
p.o box 20200,Colnev medcare,KENYA,-0.3680791,35.2821658
Kericho,Lamar Chemist Ltd,KENYA,-0.3211887,35.3245872
kericho kerich road,embassy pharmatec,KENYA,-0.3665648,35.2834857
stadium road kericho,Tsalach pharmacy,KENYA,-0.3662793,35.2838671
nyeri,hil,KENYA,-0.4106419,36.9038803
nyeri,timeset,KENYA,-0.4221949,36.9525579
Po box 2810,LONGHORN PHARMACY,KENYA,-0.4274092,36.9605666
Kiritiri road Embu,Hilcare ventures ltd,KENYA,-0.6323085,37.5468008
"Opposite Nyamachaki primary, hospital road.",Optilyfe pharmacy,KENYA,-1.2761102,36.82925669999999
opposite Uhuru gardens kericho town,Gudka chemist,KENYA,-0.3678853,35.2829637
embu town off kubukubu,makcare chemist,KENYA,-1.2870917,36.8266283
nyeri,ortholinks supplies,KENYA,-0.4269362,36.9599654
528,polystop chemist,KENYA,-1.2791026,36.8461089
highland primary,Unicare,KENYA,-0.369249,35.267153
2417,benchmark chemist,KENYA,-1.2523093,36.9497128
HOSPITAL ROAD KERICHO,TEMPLE CHEMIST,KENYA,-0.371378,35.2803556
Embu town-Naivas,Jue Pharmacy,KENYA,-0.5376162,37.4534284
Malawi ,Kachingwe wholesale ,MALAWI,,
3459-40200 Kisii,Advan-med pharmaceuticals,KENYA,-0.6809050999999999,34.8207902
"Mwingi,kitui county",Charlen,KENYA,-0.9414026,38.0629565
karatina,karatina pharlife,KENYA,-0.481542,37.11248399999999
karatina,kelyfe,KENYA,-0.4810388,37.1237903
KARATINA,PUNIQAA HEALTHCARE,KENYA,-0.4816379,37.1236378
kericho,asis discount pharmacy,KENYA,-0.3667378,35.2842133
26 mulurweini,wegasprings chemist,KENYA,-1.2757039,36.7892886
mukurweini town,muhito chemist,KENYA,-0.560918,37.0498466
373,gera pharm pharmacy,KENYA,-1.2294517,36.8048317
mukurweini,Shiloh,KENYA,-0.5609407,37.0487552
Bomet,Sanjon,KENYA,-0.7808666999999999,35.3419008
"Bomet,along Dana street","Morogo chemist,",KENYA,-0.7810406,35.3417514
Bomet,Angello chemists,KENYA,-0.7826363,35.3393492
Othaya Town,murata chemist,KENYA,-0.5482513,36.9457244
Coop bank road,Avera pharmacy ,KENYA,-1.3205309,36.70374049999999
"Bomet, Imani Road",Stegla Chemist,KENYA,-0.7803323,35.3404526
Othaya Town,StAnn Karima Med Care,KENYA,-0.5486416,36.9454831
1898 Embu,Saja Enterprises,KENYA,-1.0419596,37.06588199999999
meru town,meru highway chemist,KENYA,0.0477652,37.6526322
Kumikumi(Narok Town),Healthscan pharmaceutical,KENYA,-1.0895604,35.8696464
Meru,Meru Medicare,KENYA,0.0470756,37.6538794
narok nairobi highway,olmache chemist,KENYA,-1.4279458,36.6863593
Narok,Great rift pharmacy,KENYA,-1.0879654,35.869429
NAROK MWALIMU HOUSE STREET,AMONEM PHARMACEUTICAL,KENYA,-1.2679118,36.8199666
kiriaini town,Afya chemist,KENYA,-1.3119753,36.7923459
Narok,MAASINTAI,KENYA,-1.0994143,35.8585427
OLEGILISHO ROAD,OLABAANI PHARMACEUTICAL,KENYA,-1.0890598,35.8717713
kerugoya,Supreme Haven,KENYA,-1.0889798,37.0010628
kiriaini,kamacharia chemist,KENYA,-0.6029574999999999,36.9547352
Gatundu town,Mogira Pharmacy,KENYA,-1.0118107,36.903529
P.O Box 4-20500 Narok,Mediplus oloosho kilgoris,KENYA,-1.006268,34.8789697
gatundu,gitari chemist gatundu,KENYA,-1.0125856,36.905091
Meru,Asap Chemist,KENYA,0.0456676,37.6541538
Narok Town opposite Artcaffe,Medical Pantry Ltd,KENYA,-1.0897093,35.874318
meru,prely,KENYA,0.060393,37.6394188
meru-mikinduri road,jerupharm chemist,KENYA,0.0453641,37.6581682
Homabay-Rodi,Evening Star Pharmacy ,KENYA,-0.5259418,34.4558711
gakoromone meru,Shanice pharmacy gakoromone,KENYA,0.0474288,37.6546885
NAROK TOWN,JABE HEALTHMART PHARMACY NAROK,KENYA,-1.0992338,35.8596332
"njurincheke street,meru",bright pharmacy ltd,KENYA,0.238781,37.954884
Narok town,Namud pharmaceuticals,KENYA,-1.089751,35.8727773
4 narok,Blessed family hospital,KENYA,-1.0875197,35.8771055
598 kerugoya,Mt Kenya hospital,KENYA,-0.4916573,37.2647812
Kerugoya,Tosha Dawa pharmacy,KENYA,-0.5027187,37.2796263
Narok town,Enkare Pharmarceuticals Ltd,KENYA,-1.0997008,35.8629412
Kenyatta avenue Nakuru,valley pharmacy,KENYA,-0.2839117,36.0743032
maua,center mark pharmacy,KENYA,-1.334489,36.673465
shawmutt plaza Nakuru,pscare limited,KENYA,-0.2861604,36.074151
kenyatta avenue nakuru,medicx pharmaceuticals limited,KENYA,-0.2836314,36.0742538
murang’a town,Afyamont,KENYA,-0.7224375,37.1595625
maua,excellent medical clinic,KENYA,0.2408506,37.9392447
