medicine_id,medicine_name,brand,pharmacy_names,latitudes,longitudes,total_quantity_sold
1, Amonium Chloride,Neocof D Syrup,"ABIJO PHARMACY- WANYEE (Nairobi), ABM PHARMACY (NGARA STAGE) (Nairobi), ABM PHARMACY LIMITED (Nairobi), ABRAPHARMA PHARMACEUTICALS KASARANI (Nairobi), ACCIPITRIDAE CHEMIST (Nairobi), ACCRA PHARMACY LTD - OPPOSITE MLK HOSP (Nairobi), ACCRA PHARMACY LTD HAKATI (Nairobi), ACCRA-MED CHEMISTS LIMITED (Nairobi), ACE CARE PHARMACEUTICALS  (Nairobi), ACESO PHARMACY WELLNESS PHARMACY KASARANI (Nairobi), ADONISI PHARMACEUTICALS (Nairobi), AFRILIFE CHEMIST LTD (BURUBURU) (Nairobi), AFYACARE PHARMA (Nairobi), AGA KHAN HEALTH  SERVICES,KENYA-RUAI (Nairobi), AGA KHAN HEALTH SERVICES,KENYA - HOMA BAY (Nairobi), AGAROSE PHARMACY (Nairobi), AGMART PHARMACEUTICALS-MUHOHO AVENUE (Nairobi), AHWAN PHARMACEUTICALS LIMITED (Nairobi), AHZAAB PHARMACY (Nairobi), AJWA PHARMACEUTICALS LIMITED (Nairobi), AKIMA PHARMACY (Nairobi), AL-AQSA DISPENSING CHEMIST (Nairobi), AL-HANAF PHARMACY (Nairobi), AL-HARAMAIN PHARMACEUTICAL COMPANY LIMITED (Nairobi), ALANE PHARMACY LTD (Nairobi), ALIF MEDICAL SERVICES LIMITED (Nairobi), ALISON AGROCHEM CH","-1.2953742, -1.2757621, -1.2848129, -1.2575249, -1.2755888, -1.3066383, -1.2832624, -1.2829416, -1.2333266, -1.2688065, -1.3089651, -1.2616578, -1.2618776, -1.2831312, -1.323767, -1.2589182, -1.2717589, -1.2647119, -1.2059489, -1.2715424, -1.2721321, -1.2744794, -1.276733, -1.2731049, -1.2253857, -1.2880112, -1.2958752, -1.3128673, -1.2460403, -1.284749, -1.2172469, -1.1990686, -1.2579931, -1.2705845, -1.2913585, -1.2715203, -1.2849625, -1.2869817, -1.2849438, -1.2469388, -1.3139741, -1.2752485, -1.3152957, -1.2185276, -1.2834847, -1.2773221, -1.3210273, -1.3211336, -1.2735173, -1.2493027, -1.2786587, -1.2953175, -1.2624961, -1.2575724, -1.32349, -1.2816014, -1.2522439, -1.2345294, -1.2736832, -1.2694513, -1.3068667, -1.3590694, -1.271185, -1.2857603, -1.3138776, -1.2774177, -1.2844938, -1.2920658, -1.2520284, -1.3205309, -1.1835554, -1.2774587, -1.3647519, -1.2607843, -1.2964585, -1.2856445, -1.2004353, -1.2742434, -1.2741186, -1.317058, -1.1852458, -1.3127776, -1.2323179, -1.272905, -1.2959953, -1.2525589, ","36.7455442, 36.8290212, 36.7530976, 36.9120257, 36.9109491, 36.8024294, 36.8266431, 36.7369557, 36.9294375, 36.8093088, 36.8936368, 36.9759005, 36.8237412, 36.9029929, 36.843886, 36.8142488, 36.8480778, 36.8389479, 36.8952592, 36.8478688, 36.8424626, 36.8506309, 36.8307703, 36.8512824, 36.9210154, 36.8620558, 36.86992360000001, 36.889599, 36.87666979999999, 36.9000191, 36.8959913, 36.9031977, 36.921258, 36.84557, 36.7339325, 36.89315819999999, 36.987496, 36.8945577, 36.9861242, 36.8686616, 36.9012134, 36.910138, 36.823283, 36.9025676, 36.889222, 36.8158265, 36.8974843, 36.8006868, 36.96363580000001, 36.6845007, 36.88855, 36.6984177, 36.8222835, 36.8117362, 36.70831, 36.818184, 36.8674089, 36.9038803, 36.8511881, 36.7998296, 36.8969262, 36.7468779, 36.8493086, 36.984962, 36.8951043, 36.7917285, 36.828068, 36.7946567, 36.70374049999999, 36.9005074, 36.85141, 36.9454922, 36.8082989, 36.7995443, 36.8297902, 36.9005796, 36.8435388, 36.844201, 36.8959223, 36.9068067, 36.8295928, 36.8035009, 36.851265, 36.8082191, 3",138360
2, Amonium Chloride,Neocof D Syrup,"ALMOND PHARMACY , Caring-Way, KerRan Pharma, Leevalchem pharmacy, Meditrade Pharmacy , Pharmcare, Romac Pharmacy ","-1.3962052, -1.2043694, -1.3347861, -1.1851495, -1.2057254, -1.2706834","36.7393511, 36.84045249999999, 36.673981, 36.9069121, 36.9196765, 36.8466657",25
3, HIV Home Test Double, HIV Home Test Double,"ABIJO PHARMACY- WANYEE (Nairobi), ABM PHARMACY (NGARA STAGE) (Nairobi), ABM PHARMACY LIMITED (Nairobi), ABRAPHARMA PHARMACEUTICALS KASARANI (Nairobi), ACCIPITRIDAE CHEMIST (Nairobi), ACCRA PHARMACY LTD - OPPOSITE MLK HOSP (Nairobi), ACCRA PHARMACY LTD HAKATI (Nairobi), ACCRA-MED CHEMISTS LIMITED (Nairobi), ACE CARE PHARMACEUTICALS  (Nairobi), ACESO PHARMACY WELLNESS PHARMACY KASARANI (Nairobi), ADONISI PHARMACEUTICALS (Nairobi), AFRILIFE CHEMIST LTD (BURUBURU) (Nairobi), AFYACARE PHARMA (Nairobi), AGA KHAN HEALTH  SERVICES,KENYA-RUAI (Nairobi), AGA KHAN HEALTH SERVICES,KENYA - HOMA BAY (Nairobi), AGAROSE PHARMACY (Nairobi), AGMART PHARMACEUTICALS-MUHOHO AVENUE (Nairobi), AHWAN PHARMACEUTICALS LIMITED (Nairobi), AHZAAB PHARMACY (Nairobi), AJWA PHARMACEUTICALS LIMITED (Nairobi), AKIMA PHARMACY (Nairobi), AL-AQSA DISPENSING CHEMIST (Nairobi), AL-HANAF PHARMACY (Nairobi), AL-HARAMAIN PHARMACEUTICAL COMPANY LIMITED (Nairobi), ALANE PHARMACY LTD (Nairobi), ALIF MEDICAL SERVICES LIMITED (Nairobi), ALISON AGROCHEM CH","-1.2953742, -1.2757621, -1.2848129, -1.2575249, -1.2755888, -1.3066383, -1.2832624, -1.2829416, -1.2333266, -1.2688065, -1.3089651, -1.2616578, -1.2618776, -1.2831312, -1.323767, -1.2589182, -1.2717589, -1.2647119, -1.2059489, -1.2715424, -1.2721321, -1.2744794, -1.276733, -1.2731049, -1.2253857, -1.2880112, -1.2958752, -1.3128673, -1.2460403, -1.284749, -1.2172469, -1.1990686, -1.2579931, -1.2705845, -1.2913585, -1.2715203, -1.2849625, -1.2869817, -1.2849438, -1.2469388, -1.3139741, -1.2752485, -1.3152957, -1.2185276, -1.2834847, -1.2773221, -1.3210273, -1.3211336, -1.2735173, -1.2493027, -1.2786587, -1.2953175, -1.2624961, -1.2575724, -1.32349, -1.2816014, -1.2522439, -1.2345294, -1.2736832, -1.2694513, -1.3068667, -1.3590694, -1.271185, -1.2857603, -1.3138776, -1.2774177, -1.2844938, -1.2920658, -1.2520284, -1.3205309, -1.1835554, -1.2774587, -1.3647519, -1.2964585, -1.2856445, -1.2004353, -1.2742434, -1.2741186, -1.317058, -1.1852458, -1.3127776, -1.2323179, -1.272905, -1.2959953, -1.2525589, -1.2523093, ","36.7455442, 36.8290212, 36.7530976, 36.9120257, 36.9109491, 36.8024294, 36.8266431, 36.7369557, 36.9294375, 36.8093088, 36.8936368, 36.9759005, 36.8237412, 36.9029929, 36.843886, 36.8142488, 36.8480778, 36.8389479, 36.8952592, 36.8478688, 36.8424626, 36.8506309, 36.8307703, 36.8512824, 36.9210154, 36.8620558, 36.86992360000001, 36.889599, 36.87666979999999, 36.9000191, 36.8959913, 36.9031977, 36.921258, 36.84557, 36.7339325, 36.89315819999999, 36.987496, 36.8945577, 36.9861242, 36.8686616, 36.9012134, 36.910138, 36.823283, 36.9025676, 36.889222, 36.8158265, 36.8974843, 36.8006868, 36.96363580000001, 36.6845007, 36.88855, 36.6984177, 36.8222835, 36.8117362, 36.70831, 36.818184, 36.8674089, 36.9038803, 36.8511881, 36.7998296, 36.8969262, 36.7468779, 36.8493086, 36.984962, 36.8951043, 36.7917285, 36.828068, 36.8219462, 36.7946567, 36.70374049999999, 36.9005074, 36.85141, 36.9454922, 36.7995443, 36.8297902, 36.9005796, 36.8435388, 36.844201, 36.8959223, 36.9068067, 36.8295928, 36.8035009, 36.851265, 36.8082191, 3",3805
4, HIV Home Test Single, HIV Home Test Single,"Abby chemist, ANGELIC STAR PHARMACEUTICALS, Apotek Pharmaceutical, Bonaim pharmacy , Care Point Medical Center, center mark pharmacy, Chemworld pharmacy , Crowmed pharmaceuticals , Davisha Healthcare , Eloc pharmacy , Gitrose Pharmacy, Joeton medical clinic 2, KARURA CHEMIST II  TILL 8073490, Karyo Health , LEVEL NINE PHARMACY LIMITED, Lucky Summer Chemist ltd, MEDPLEX CHEMIST, Mwiki Road hospital/pharmacy, Nas Chemist, Perta Chemist, Romac Pharmacy ","-1.4522902, -1.2834847, -1.2885927, -1.2062072, -1.2907135, -1.334489, -1.2214489, -1.3621855, -1.2374075, -1.2953742, -1.2552408, -1.2196352, -1.1538194, -1.2345294, -1.4293031, -1.2297266, 0.5206237, -1.1079318, -1.2706834","36.974174, 36.889222, 36.9504001, 36.89570200000001, 36.7281831, 36.673465, 36.9142962, 36.6555867, 36.8986594, 36.7455442, 36.6943718, 36.7128582, 36.9622579, 36.9038803, 36.6872005, 36.9215115, 35.2762755, 37.016326, 36.8466657",1269255
5, Itopride,Git,"CHARLIK PHARMACY, Gitrose Pharmacy, Goblet Enterprise, KerRan Pharma, MAXMA PHARMACY, MEDWIN PHARMACEUTICALS, okiya pharmacy, Romac Pharmacy , UNICURE PHARMACY","-1.215894, -1.2552408, -1.454577, -1.2891915, -1.233292, -1.276179, -1.2706834, -1.278353","36.88669160000001, 36.6943718, 36.9882026, 36.7535798, 36.9294633, 36.825432, 36.8466657, 36.9077715",1194
7,Abacavir,Ziagen,"Alfa Medico Centre, Romac Pharmacy ",-1.2706834,36.8466657,6
8,Aceclofenac,Zerodol,"Apotek Pharmaceutical, City Kamar, Emunyani Medical Centre , Enkare Pharmarceuticals Ltd, Memey.AI, pharmaland, urit medical ","-1.2885927, -1.213486, -1.3069176, -1.0997008, -1.1308423, -4.0587263, -1.1009928","36.9504001, 36.910767, 36.8021955, 35.8629412, 36.765021, 39.6728888, 37.0129877",51
9,Aceclofenac,Lysodol,Romac Pharmacy ,-1.2706834,36.8466657,1
10,Aceclofenac,Airtal,"benkay, HildaBensill, Hychem pharmacy , PANDE pharmacy , Setoa plus plus ltd, space race, Stemu pharmacy ","0.7899406, -1.2386044, -1.2340801, -1.0569879, -1.2060947, -1.311053, -1.3925554","34.8844867, 36.899007, 36.8723291, 37.1106545, 36.8943789, 36.745584, 36.7510924",34
11,Aceclofenac ,Zyrtal OD,space race,-1.311053,36.745584,21
12,Aceclofenac ,Myonac,B-sons pharmacy,-1.2673667,36.7509204,3
13,Aceclofenac ,G-Alfenac P,"Elpason Chemist, Gitrose Pharmacy, VANIEZ ","-1.3485312, -1.2552408, -1.2842387","36.66102679999999, 36.6943718, 36.7875052",10528
14,Aceclofenac ,Pace,"KerRan Pharma, MEGAWELL PHARMACY",-1.0734595,37.0952195,19
15,Aceclofenac ,Rilif Plus,"BetahCare Family Health Clinic, CHARLIK PHARMACY, EMIR HEALTH CENTER , Jubilee-Care Chemist, KARURA CHEMIST II  TILL 8073490, Nas Chemist","-1.215894, -1.266125, -1.1003338, -1.2196352, 0.5206237","36.88669160000001, 36.910522, 37.0129017, 36.7128582, 35.2762755",49
16,Aceclofenac ,Zulu,"ANGELLIC STAR PHARMACY , Beth Medical Services, Bonaim pharmacy , Bripamu Medical Stores, Hychem pharmacy , MEDPLEX CHEMIST, MEGAWELL PHARMACY, Nas Chemist, Regenta chemist, SIDAI CHEMIST, Sportpharm chemist, Tikvah Valley Pharmaceuticlas","-1.2844625, -1.2458837, -1.2062072, -1.3111251, -1.2340801, -1.4293031, -1.0734595, 0.5206237, -1.2185628, -1.4779526, -1.2937908, -1.1581624","36.885289, 36.9212131, 36.89570200000001, 36.8939304, 36.8723291, 36.6872005, 37.0952195, 35.2762755, 36.8955596, 36.9577694, 36.8797927, 36.9371627",290
18,Aceclofenac ,Zulu MR,"ABIJO PHARMACY- WANYEE (Nairobi), ABM PHARMACY (NGARA STAGE) (Nairobi), ABM PHARMACY LIMITED (Nairobi), ABRAPHARMA PHARMACEUTICALS KASARANI (Nairobi), ACCIPITRIDAE CHEMIST (Nairobi), ACCRA PHARMACY LTD - OPPOSITE MLK HOSP (Nairobi), ACCRA PHARMACY LTD HAKATI (Nairobi), ACCRA-MED CHEMISTS LIMITED (Nairobi), ACE CARE PHARMACEUTICALS  (Nairobi), ACESO PHARMACY WELLNESS PHARMACY KASARANI (Nairobi), ADONISI PHARMACEUTICALS (Nairobi), Advan-med pharmaceuticals, AFRILIFE CHEMIST LTD (BURUBURU) (Nairobi), AFYACARE PHARMA (Nairobi), AGA KHAN HEALTH  SERVICES,KENYA-RUAI (Nairobi), AGA KHAN HEALTH SERVICES,KENYA - HOMA BAY (Nairobi), AGAROSE PHARMACY (Nairobi), AGMART PHARMACEUTICALS-MUHOHO AVENUE (Nairobi), AHWAN PHARMACEUTICALS LIMITED (Nairobi), AHZAAB PHARMACY (Nairobi), AJWA PHARMACEUTICALS LIMITED (Nairobi), AKIMA PHARMACY (Nairobi), AL-AQSA DISPENSING CHEMIST (Nairobi), AL-HANAF PHARMACY (Nairobi), AL-HARAMAIN PHARMACEUTICAL COMPANY LIMITED (Nairobi), ALANE PHARMACY LTD (Nairobi), ALIF MEDICAL SERVICES LIMITED (N","-1.2757621, -1.2848129, -1.2575249, -1.2755888, -1.3066383, -1.2832624, -1.2829416, -1.2333266, -1.2688065, -0.6809050999999999, -1.3089651, -1.2616578, -1.2618776, -1.2831312, -1.323767, -1.2589182, -1.2717589, -1.2647119, -1.2059489, -1.2715424, -1.2721321, -1.2744794, -1.276733, -1.2731049, -1.2253857, -1.2880112, -1.2958752, -1.3128673, -1.284749, -1.2172469, -1.1990686, -1.2579931, -1.2705845, -1.2913585, -1.2715203, -1.2849625, -1.2869817, -1.2849438, -1.2469388, -1.3139741, -1.2752485, -1.3152957, -1.2185276, -1.2834847, -1.2773221, -1.3210273, -1.3211336, -1.2735173, -1.2493027, -1.2786587, -1.2953175, -1.2624961, -1.2575724, -1.2885927, -1.32349, -1.2816014, -1.2345294, -1.2736832, -1.2694513, -1.3068667, -1.3590694, -1.271185, -1.2857603, -1.3138776, -1.2774177, -1.2844938, -1.2920658, -1.2520284, -1.2706834, -1.1835554, -1.2774587, -1.3647519, -1.2964585, -1.2004353, -1.2742434, -1.2741186, -1.317058, -1.1852458, -1.3244384, -1.3127776, -1.2323179, -1.272905, -1.2959953, -1.2525589, -1.2523093, -1.","36.8290212, 36.7530976, 36.9120257, 36.9109491, 36.8024294, 36.8266431, 36.7369557, 36.9294375, 36.8093088, 34.8207902, 36.8936368, 36.9759005, 36.8237412, 36.9029929, 36.843886, 36.8142488, 36.8480778, 36.8389479, 36.8952592, 36.8478688, 36.8424626, 36.8506309, 36.8307703, 36.8512824, 36.9210154, 36.8620558, 36.86992360000001, 36.889599, 36.9000191, 36.8959913, 36.9031977, 36.921258, 36.84557, 36.7339325, 36.89315819999999, 36.987496, 36.8945577, 36.9861242, 36.8686616, 36.9012134, 36.910138, 36.823283, 36.9025676, 36.889222, 36.8158265, 36.8974843, 36.8006868, 36.96363580000001, 36.6845007, 36.88855, 36.6984177, 36.8222835, 36.8117362, 36.9504001, 36.70831, 36.818184, 36.9038803, 36.8511881, 36.7998296, 36.8969262, 36.7468779, 36.8493086, 36.984962, 36.8951043, 36.7917285, 36.828068, 36.7946567, 36.8466657, 36.9005074, 36.85141, 36.9454922, 36.7995443, 36.9005796, 36.8435388, 36.844201, 36.8959223, 36.9068067, 36.8984997, 36.8295928, 36.8035009, 36.851265, 36.8082191, 36.927833, 36.9497128, 36.8760519, 36.9",2427463
19,Aceclofenac ,Aclosara MR,"ABM PHARMACY (NGARA STAGE) (Nairobi), ABM PHARMACY LIMITED (Nairobi), ABRAPHARMA PHARMACEUTICALS KASARANI (Nairobi), ACCIPITRIDAE CHEMIST (Nairobi), ACCRA PHARMACY LTD - OPPOSITE MLK HOSP (Nairobi), ACCRA PHARMACY LTD HAKATI (Nairobi), ACCRA-MED CHEMISTS LIMITED (Nairobi), ACE CARE PHARMACEUTICALS  (Nairobi), ACESO PHARMACY WELLNESS PHARMACY KASARANI (Nairobi), ADONISI PHARMACEUTICALS (Nairobi), AFRILIFE CHEMIST LTD (BURUBURU) (Nairobi), AFYACARE PHARMA (Nairobi), AGA KHAN HEALTH  SERVICES,KENYA-RUAI (Nairobi), AGA KHAN HEALTH SERVICES,KENYA - HOMA BAY (Nairobi), AGAROSE PHARMACY (Nairobi), AGMART PHARMACEUTICALS-MUHOHO AVENUE (Nairobi), AHWAN PHARMACEUTICALS LIMITED (Nairobi), AHZAAB PHARMACY (Nairobi), AKIMA PHARMACY (Nairobi), AL-AQSA DISPENSING CHEMIST (Nairobi), AL-HANAF PHARMACY (Nairobi), AL-HARAMAIN PHARMACEUTICAL COMPANY LIMITED (Nairobi), ALANE PHARMACY LTD (Nairobi), ALIF MEDICAL SERVICES LIMITED (Nairobi), ALISON AGROCHEM CHEMISTS LIMITED (Nairobi), ALKEN PHARMACEUTICAL LTD (Nairobi), ALKEN PHARMA","-1.2757621, -1.2848129, -1.2172469, -1.2575249, -1.2755888, -1.3066383, -1.2832624, -1.2829416, -1.2333266, -1.2688065, -1.3089651, -1.2616578, -1.2618776, -1.2831312, -1.323767, -1.2589182, -1.2717589, -1.2059489, -1.2715424, -1.2721321, -1.2744794, -1.276733, -1.2731049, -1.2253857, -1.2880112, -1.2958752, -1.3128673, -1.2460403, -1.284749, -1.1990686, -1.2579931, -1.2913585, -1.2715203, -1.2849625, -1.2869817, -1.2849438, -1.2469388, -1.3139741, -1.2752485, -1.2834847, -1.2773221, -1.3210273, -1.3211336, -1.2735173, -1.2493027, -1.2786587, -1.2953175, -1.2624961, -1.2575724, -1.32349, -1.2816014, -1.2345294, -1.2694513, -1.3590694, -1.271185, -1.2857603, -1.3138776, -1.2774177, -1.2844938, -1.2920658, -1.2520284, -1.3205309, -1.1835554, -1.2774587, -1.3647519, -1.2964585, -1.2856445, -1.2004353, -1.2742434, -1.2741186, -1.317058, -1.1852458, -1.3127776, -1.2323179, -1.272905, -1.2959953, -1.2523093, -1.277364, -1.1975121, -1.2837102, -1.275237, -1.2763955, -1.291999, -1.2906482, -1.2871746, -1.2846548, -1.","36.8290212, 36.7530976, 36.8959913, 36.9120257, 36.9109491, 36.8024294, 36.8266431, 36.7369557, 36.9294375, 36.8093088, 36.8936368, 36.9759005, 36.8237412, 36.9029929, 36.843886, 36.8142488, 36.8480778, 36.8952592, 36.8478688, 36.8424626, 36.8506309, 36.8307703, 36.8512824, 36.9210154, 36.8620558, 36.86992360000001, 36.889599, 36.87666979999999, 36.9000191, 36.9031977, 36.921258, 36.7339325, 36.987496, 36.8945577, 36.9861242, 36.8686616, 36.9012134, 36.910138, 36.889222, 36.8158265, 36.8974843, 36.8006868, 36.96363580000001, 36.6845007, 36.88855, 36.6984177, 36.8222835, 36.8117362, 36.70831, 36.818184, 36.9038803, 36.7998296, 36.7468779, 36.8493086, 36.984962, 36.8951043, 36.7917285, 36.828068, 36.7946567, 36.70374049999999, 36.9005074, 36.85141, 36.9454922, 36.7995443, 36.8297902, 36.9005796, 36.8435388, 36.844201, 36.8959223, 36.9068067, 36.8295928, 36.8035009, 36.851265, 36.8082191, 36.9497128, 36.8760519, 36.9025748, 36.7586288, 36.8219406, 36.8268934, 36.8458016, 36.9029842, 36.89397, 36.8572037, 36.7897",1248
21,Aceclofenac ,lysodol mr,"ABIJO PHARMACY- WANYEE (Nairobi), ABM PHARMACY (NGARA STAGE) (Nairobi), ABM PHARMACY LIMITED (Nairobi), ABRAPHARMA PHARMACEUTICALS KASARANI (Nairobi), ACCIPITRIDAE CHEMIST (Nairobi), ACCRA PHARMACY LTD - OPPOSITE MLK HOSP (Nairobi), ACCRA PHARMACY LTD HAKATI (Nairobi), ACCRA-MED CHEMISTS LIMITED (Nairobi), ACE CARE PHARMACEUTICALS  (Nairobi), ACESO PHARMACY WELLNESS PHARMACY KASARANI (Nairobi), ADONISI PHARMACEUTICALS (Nairobi), AFRILIFE CHEMIST LTD (BURUBURU) (Nairobi), AFYACARE PHARMA (Nairobi), AGA KHAN HEALTH  SERVICES,KENYA-RUAI (Nairobi), AGA KHAN HEALTH SERVICES,KENYA - HOMA BAY (Nairobi), AGAROSE PHARMACY (Nairobi), AGMART PHARMACEUTICALS-MUHOHO AVENUE (Nairobi), AHWAN PHARMACEUTICALS LIMITED (Nairobi), AHZAAB PHARMACY (Nairobi), AJWA PHARMACEUTICALS LIMITED (Nairobi), AKIMA PHARMACY (Nairobi), AL-AQSA DISPENSING CHEMIST (Nairobi), AL-HARAMAIN PHARMACEUTICAL COMPANY LIMITED (Nairobi), ALANE PHARMACY LTD (Nairobi), ALISON AGROCHEM CHEMISTS LIMITED (Nairobi), ALKEN PHARMACEUTICAL LTD (Nairobi), ALKEN PH","-1.2953742, -1.2757621, -1.2848129, -1.2172469, -1.2575249, -1.2755888, -1.3066383, -1.2832624, -1.2829416, -1.2333266, -1.2688065, -1.3089651, -1.2616578, -1.2618776, -1.2831312, -1.323767, -1.2589182, -1.2717589, -1.2647119, -1.2059489, -1.2715424, -1.2744794, -1.276733, -1.2253857, -1.2880112, -1.2958752, -1.3128673, -1.2460403, -1.284749, -1.2579931, -1.2705845, -1.2913585, -1.2715203, -1.2849625, -1.2869817, -1.2597254, -1.2849438, -1.2469388, -1.3139741, -1.2752485, -1.3152957, -1.2185276, -1.2834847, -1.2773221, -1.3210273, -1.3211336, -1.2735173, -1.2493027, -1.2786587, -1.2624961, -1.2575724, -1.32349, -1.2816014, -1.2522439, -1.2345294, -1.2694513, -1.3068667, -1.3590694, -1.271185, -1.2857603, -1.3138776, -1.2774177, -1.2844938, -1.2920658, -1.2706834, -1.3205309, -1.1835554, -1.2774587, -1.3647519, -1.2607843, -1.2964585, -1.2004353, -1.2742434, -1.2741186, -1.317058, -1.1852458, -1.3127776, -1.272905, -1.2959953, -1.2525589, -1.2523093, -1.277364, -1.1975121, -1.3244384, -1.275237, -1.2763955, -1","36.7455442, 36.8290212, 36.7530976, 36.8959913, 36.9120257, 36.9109491, 36.8024294, 36.8266431, 36.7369557, 36.9294375, 36.8093088, 36.8936368, 36.9759005, 36.8237412, 36.9029929, 36.843886, 36.8142488, 36.8480778, 36.8389479, 36.8952592, 36.8478688, 36.8506309, 36.8307703, 36.9210154, 36.8620558, 36.86992360000001, 36.889599, 36.87666979999999, 36.9000191, 36.921258, 36.84557, 36.7339325, 36.89315819999999, 36.987496, 36.8945577, 36.8268476, 36.9861242, 36.8686616, 36.9012134, 36.910138, 36.823283, 36.9025676, 36.889222, 36.8158265, 36.8974843, 36.8006868, 36.96363580000001, 36.6845007, 36.88855, 36.8222835, 36.8117362, 36.70831, 36.818184, 36.8674089, 36.9038803, 36.7998296, 36.8969262, 36.7468779, 36.8493086, 36.984962, 36.8951043, 36.7917285, 36.828068, 36.8219462, 36.8466657, 36.70374049999999, 36.9005074, 36.85141, 36.9454922, 36.8082989, 36.7995443, 36.9005796, 36.8435388, 36.844201, 36.8959223, 36.9068067, 36.8295928, 36.851265, 36.8082191, 36.927833, 36.9497128, 36.8760519, 36.9025748, 36.8984997, 36",1001261
23,Aceclofenac ,Zyrtal MR,"BetahCare Family Health Clinic, CHARLIK PHARMACY, EMIR HEALTH CENTER , Jubilee-Care Chemist, MEDPLEX CHEMIST, pharmilymed","-1.215894, -1.266125, -1.1003338, -1.4293031, -1.2982701","36.88669160000001, 36.910522, 37.0129017, 36.6872005, 36.7832207",81
24,Aceclofenac ,Acepar SP,Beth Medical Services,-1.2458837,36.9212131,5
26,Aceclofenac ,Zulu Sp,"Enkare Pharmarceuticals Ltd, Hychem pharmacy , Transfern pharmacy ","-1.0997008, -1.2340801, -1.2203453","35.8629412, 36.8723291, 36.8945136",8
27,Aceclofenac ,"Zyrtal, SP",Benpeny Chemist,-1.1469238,36.9587031,2
28,Acetaminophen,Dentamol,"Baraka , Eloc pharmacy , EMIR HEALTH CENTER , SIDAI CHEMIST","-1.3888707, -1.2953742, -1.266125, -1.4779526","36.952836, 36.7455442, 36.910522, 36.9577694",35
30,Aciclovir,Davir,VANIEZ ,-1.2842387,36.7875052,1
32,Acne Cream,Uniacne Cream,"BENICE , Crowmed pharmaceuticals , KARURA CHEMIST II  TILL 8073490","-1.4823212, -1.3621855, -1.2196352","36.9546342, 36.6555867, 36.7128582",6
34,Actilife Adult,Vitamin A  D N Zinc,MEDPLEX CHEMIST,-1.4293031,36.6872005,9
37,Acyclovir,Univir,"ABIJO PHARMACY- WANYEE (Nairobi), ABM PHARMACY (NGARA STAGE) (Nairobi), ABM PHARMACY LIMITED (Nairobi), ABRAPHARMA PHARMACEUTICALS KASARANI (Nairobi), ACCIPITRIDAE CHEMIST (Nairobi), ACCRA PHARMACY LTD - OPPOSITE MLK HOSP (Nairobi), ACCRA PHARMACY LTD HAKATI (Nairobi), ACCRA-MED CHEMISTS LIMITED (Nairobi), ACE CARE PHARMACEUTICALS  (Nairobi), ACESO PHARMACY WELLNESS PHARMACY KASARANI (Nairobi), ADONISI PHARMACEUTICALS (Nairobi), AFRILIFE CHEMIST LTD (BURUBURU) (Nairobi), AFYACARE PHARMA (Nairobi), AGA KHAN HEALTH  SERVICES,KENYA-RUAI (Nairobi), AGA KHAN HEALTH SERVICES,KENYA - HOMA BAY (Nairobi), AGAROSE PHARMACY (Nairobi), AGMART PHARMACEUTICALS-MUHOHO AVENUE (Nairobi), AHWAN PHARMACEUTICALS LIMITED (Nairobi), AHZAAB PHARMACY (Nairobi), AJWA PHARMACEUTICALS LIMITED (Nairobi), AKIMA PHARMACY (Nairobi), AL-AQSA DISPENSING CHEMIST (Nairobi), AL-HANAF PHARMACY (Nairobi), AL-HARAMAIN PHARMACEUTICAL COMPANY LIMITED (Nairobi), ALANE PHARMACY LTD (Nairobi), ALIF MEDICAL SERVICES LIMITED (Nairobi), ALISON AGROCHEM CH","-1.2953742, -1.2757621, -1.2848129, -1.2172469, -1.2575249, -1.2755888, -1.3066383, -1.2832624, -1.2829416, -1.2333266, -1.2688065, -1.3089651, -1.2616578, -1.2618776, -1.2831312, -1.323767, -1.2589182, -1.2717589, -1.2647119, -1.2059489, -1.2715424, -1.2721321, -1.2744794, -1.276733, -1.2731049, -1.2253857, -1.2880112, -1.2958752, -1.3128673, -1.2460403, -1.284749, -1.1990686, -1.2579931, -1.2705845, -1.2913585, -1.2715203, -1.2849625, -1.2869817, -1.2597254, -1.2849438, -1.2469388, -1.3139741, -1.2752485, -1.3152957, -1.2185276, -1.2834847, -1.2773221, -1.3210273, -1.3211336, -1.2735173, -1.2493027, -1.2786587, -1.2953175, -1.2624961, -1.2575724, -1.32349, -1.2816014, -1.2522439, -1.2345294, -1.2736832, -1.2694513, -1.3068667, -1.3590694, -1.271185, -1.2857603, -1.3138776, -1.2774177, -1.2844938, -1.2920658, -1.2520284, -1.1835554, -1.2774587, -1.3647519, -1.2607843, -1.2964585, -1.2856445, -1.2004353, -1.2742434, -1.2741186, -1.317058, -1.1852458, -1.3244384, -1.3127776, -1.2323179, -1.272905, -1.2959953, ","36.7455442, 36.8290212, 36.7530976, 36.8959913, 36.9120257, 36.9109491, 36.8024294, 36.8266431, 36.7369557, 36.9294375, 36.8093088, 36.8936368, 36.9759005, 36.8237412, 36.9029929, 36.843886, 36.8142488, 36.8480778, 36.8389479, 36.8952592, 36.8478688, 36.8424626, 36.8506309, 36.8307703, 36.8512824, 36.9210154, 36.8620558, 36.86992360000001, 36.889599, 36.87666979999999, 36.9000191, 36.9031977, 36.921258, 36.84557, 36.7339325, 36.987496, 36.8945577, 36.8268476, 36.9861242, 36.8686616, 36.9012134, 36.910138, 36.823283, 36.9025676, 36.889222, 36.8158265, 36.8974843, 36.8006868, 36.96363580000001, 36.6845007, 36.88855, 36.6984177, 36.8222835, 36.8117362, 36.70831, 36.818184, 36.8674089, 36.9038803, 36.8511881, 36.7998296, 36.8969262, 36.7468779, 36.8493086, 36.984962, 36.8951043, 36.7917285, 36.828068, 36.8219462, 36.7946567, 36.9005074, 36.85141, 36.9454922, 36.8082989, 36.7995443, 36.8297902, 36.9005796, 36.8435388, 36.844201, 36.8959223, 36.9068067, 36.8984997, 36.8295928, 36.8035009, 36.851265, 36.8082191, 36.",326449
39,Acyclovir,"Lovir, Ointment",Wellness,-1.1365363,36.97286320000001,16
40,Acyclovir,Univir,space race,-1.311053,36.745584,8
41,Acyclovir,"Univir, Cream",Tikvah Valley Pharmaceuticlas,-1.1581624,36.9371627,1
43,Adapalene,klenzit gel,center mark pharmacy,-1.334489,36.673465,2
44,Adapalene ,Klenzit C Gel,Wellness,-1.1365363,36.97286320000001,10
45,Adovas,Adovas Syrup,"ABIJO PHARMACY- WANYEE (Nairobi), ABM PHARMACY (NGARA STAGE) (Nairobi), ABM PHARMACY LIMITED (Nairobi), ABRAPHARMA PHARMACEUTICALS KASARANI (Nairobi), ACCIPITRIDAE CHEMIST (Nairobi), ACCRA PHARMACY LTD - OPPOSITE MLK HOSP (Nairobi), ACCRA PHARMACY LTD HAKATI (Nairobi), ACCRA-MED CHEMISTS LIMITED (Nairobi), ACE CARE PHARMACEUTICALS  (Nairobi), ACESO PHARMACY WELLNESS PHARMACY KASARANI (Nairobi), ADONISI PHARMACEUTICALS (Nairobi), Advan-med pharmaceuticals, AFRILIFE CHEMIST LTD (BURUBURU) (Nairobi), AFYACARE PHARMA (Nairobi), AGA KHAN HEALTH  SERVICES,KENYA-RUAI (Nairobi), AGAROSE PHARMACY (Nairobi), AGMART PHARMACEUTICALS-MUHOHO AVENUE (Nairobi), AHWAN PHARMACEUTICALS LIMITED (Nairobi), AJWA PHARMACEUTICALS LIMITED (Nairobi), AKIMA PHARMACY (Nairobi), AL-AQSA DISPENSING CHEMIST (Nairobi), AL-HANAF PHARMACY (Nairobi), AL-HARAMAIN PHARMACEUTICAL COMPANY LIMITED (Nairobi), ALANE PHARMACY LTD (Nairobi), ALIF MEDICAL SERVICES LIMITED (Nairobi), ALISON AGROCHEM CHEMISTS LIMITED (Nairobi), ALKEN PHARMACEUTICAL LTD (N","-1.2953742, -1.2757621, -1.2848129, -1.2172469, -1.2575249, -1.2755888, -1.3066383, -1.2832624, -1.2829416, -1.2333266, -0.6809050999999999, -1.2688065, -1.3089651, -1.2616578, -1.2831312, -1.323767, -1.2589182, -1.2647119, -1.2059489, -1.2715424, -1.2721321, -1.2744794, -1.276733, -1.2731049, -1.2253857, -1.2880112, -1.2958752, -1.2460403, -1.284749, -1.1990686, -1.2579931, -1.2705845, -1.2715203, -1.2849625, -1.2869817, -1.2597254, -1.2849438, -1.2469388, -1.3139741, -1.2752485, -1.3152957, -1.2834847, -1.2773221, -1.3210273, -1.3211336, -1.2735173, -1.2493027, -1.2953175, -1.2624961, -1.2575724, -1.32349, -1.2522439, -1.2736832, -1.2694513, -1.3068667, -1.3590694, -1.271185, -1.2857603, -1.3138776, -1.2774177, -1.2844938, -1.2920658, -1.2520284, -1.3205309, -1.1835554, -1.2774587, -1.3647519, -1.2964585, -1.2856445, -1.2004353, -1.2742434, -1.2741186, -1.317058, -1.1852458, -1.3244384, -1.3127776, -1.2323179, -1.272905, -1.2959953, -1.2525589, -1.2523093, -1.277364, -1.1975121, -1.2837102, -1.275237, -1.27","36.7455442, 36.8290212, 36.7530976, 36.8959913, 36.9120257, 36.9109491, 36.8024294, 36.8266431, 36.7369557, 36.9294375, 34.8207902, 36.8093088, 36.8936368, 36.9759005, 36.9029929, 36.843886, 36.8142488, 36.8389479, 36.8952592, 36.8478688, 36.8424626, 36.8506309, 36.8307703, 36.8512824, 36.9210154, 36.8620558, 36.86992360000001, 36.87666979999999, 36.9000191, 36.9031977, 36.921258, 36.84557, 36.987496, 36.8945577, 36.8268476, 36.9861242, 36.8686616, 36.9012134, 36.910138, 36.823283, 36.889222, 36.8158265, 36.8974843, 36.8006868, 36.96363580000001, 36.6845007, 36.6984177, 36.8222835, 36.8117362, 36.70831, 36.8674089, 36.8511881, 36.7998296, 36.8969262, 36.7468779, 36.8493086, 36.984962, 36.8951043, 36.7917285, 36.828068, 36.7946567, 36.70374049999999, 36.9005074, 36.85141, 36.9454922, 36.7995443, 36.8297902, 36.9005796, 36.8435388, 36.844201, 36.8959223, 36.9068067, 36.8984997, 36.8295928, 36.8035009, 36.851265, 36.8082191, 36.927833, 36.9497128, 36.8760519, 36.9025748, 36.7586288, 36.8219406, 36.8268934, 36.84",394243
46,Albendazole,Benaworm,"Bonmed healthcare services , center mark pharmacy, EMIR HEALTH CENTER , MEDPLEX CHEMIST","-1.3016847, -1.334489, -1.266125, -1.4293031","36.888386, 36.673465, 36.910522, 36.6872005",17
48,Albendazole,Benaworm,"BENICE , Davekon Pharmaceutical LTD, Gitrose Pharmacy","-1.4823212, -1.1722626, -1.2552408","36.9546342, 36.7580587, 36.6943718",792216
49,Albendazole,emitel,"ABM PHARMACY (NGARA STAGE) (Nairobi), ABM PHARMACY LIMITED (Nairobi), ABRAPHARMA PHARMACEUTICALS KASARANI (Nairobi), ACCIPITRIDAE CHEMIST (Nairobi), ACCRA PHARMACY LTD - OPPOSITE MLK HOSP (Nairobi), ACCRA PHARMACY LTD HAKATI (Nairobi), ACE CARE PHARMACEUTICALS  (Nairobi), ACESO PHARMACY WELLNESS PHARMACY KASARANI (Nairobi), ADONISI PHARMACEUTICALS (Nairobi), AFRILIFE CHEMIST LTD (BURUBURU) (Nairobi), AFYACARE PHARMA (Nairobi), AGA KHAN HEALTH  SERVICES,KENYA-RUAI (Nairobi), AGA KHAN HEALTH SERVICES,KENYA - HOMA BAY (Nairobi), AGAROSE PHARMACY (Nairobi), AHWAN PHARMACEUTICALS LIMITED (Nairobi), AHZAAB PHARMACY (Nairobi), AJWA PHARMACEUTICALS LIMITED (Nairobi), AKIMA PHARMACY (Nairobi), AL-AQSA DISPENSING CHEMIST (Nairobi), AL-HANAF PHARMACY (Nairobi), AL-HARAMAIN PHARMACEUTICAL COMPANY LIMITED (Nairobi), ALANE PHARMACY LTD (Nairobi), ALIF MEDICAL SERVICES LIMITED (Nairobi), ALISON AGROCHEM CHEMISTS LIMITED (Nairobi), ALKEN PHARMACEUTICAL LTD (Nairobi), ALKEN PHARMACEUTICAL LTD - B-CENTRE (Nairobi), ALKEN PHARM","-1.2757621, -1.2848129, -1.2575249, -1.2755888, -1.3066383, -1.2829416, -1.2333266, -1.2688065, -1.3089651, -1.2616578, -1.2618776, -1.2831312, -1.2589182, -1.2717589, -1.2647119, -1.2059489, -1.2715424, -1.2721321, -1.2744794, -1.276733, -1.2731049, -1.2253857, -1.2880112, -1.2958752, -1.3128673, -1.284749, -1.2172469, -1.2705845, -1.2913585, -1.2715203, -1.2849625, -1.2869817, -1.2849438, -1.2469388, -1.3139741, -1.2752485, -1.3152957, -1.2185276, -1.2834847, -1.2773221, -1.3210273, -1.3211336, -1.2786587, -1.2953175, -1.2624961, -1.2575724, -1.32349, -1.2816014, -1.2694513, -1.3068667, -1.3590694, -1.271185, -1.2857603, -1.3138776, -1.2774177, -1.2844938, -1.2920658, -1.2520284, -1.2706834, -1.1835554, -1.2774587, -1.3647519, -1.2964585, -1.2856445, -1.2004353, -1.2742434, -1.2741186, -1.1852458, -1.3244384, -1.3127776, -1.2323179, -1.272905, -1.2525589, -1.2523093, -1.277364, -1.1975121, -1.275237, -1.2763955, -1.2906482, -1.2871746, -1.2846548, -1.2931221, -1.3082142, -1.260093, -1.2828012, -1.2868487, -","36.8290212, 36.7530976, 36.9120257, 36.9109491, 36.8024294, 36.7369557, 36.9294375, 36.8093088, 36.8936368, 36.9759005, 36.8237412, 36.9029929, 36.8142488, 36.8480778, 36.8389479, 36.8952592, 36.8478688, 36.8424626, 36.8506309, 36.8307703, 36.8512824, 36.9210154, 36.8620558, 36.86992360000001, 36.889599, 36.9000191, 36.8959913, 36.84557, 36.7339325, 36.89315819999999, 36.987496, 36.8945577, 36.9861242, 36.8686616, 36.9012134, 36.910138, 36.823283, 36.9025676, 36.889222, 36.8158265, 36.8974843, 36.8006868, 36.88855, 36.6984177, 36.8222835, 36.8117362, 36.70831, 36.818184, 36.7998296, 36.8969262, 36.7468779, 36.8493086, 36.984962, 36.8951043, 36.7917285, 36.828068, 36.7946567, 36.8466657, 36.9005074, 36.85141, 36.9454922, 36.7995443, 36.8297902, 36.9005796, 36.8435388, 36.844201, 36.9068067, 36.8984997, 36.8295928, 36.8035009, 36.851265, 36.927833, 36.9497128, 36.8760519, 36.9025748, 36.8219406, 36.8268934, 36.9029842, 36.89397, 36.8572037, 36.7897254, 36.9118572, 36.8026754, 36.8160691, 36.862608, 36.8325956, ",1204
50,Albendazole,Almex,"Davekon Pharmaceutical LTD, Eloc pharmacy ","-1.1722626, -1.2953742","36.7580587, 36.7455442",3
53,Albendazole,albendazole,"Bophelo Pele Pharmacy, CARDINAL CHEMIST, Crowmed pharmaceuticals , Falcon medical clinic , HAVEN PARK","-28.8742772, -1.3958137, -1.3621855, -1.2371544","28.048548, 36.7638655, 36.6555867, 36.93613689999999",20
55,Albendazole,Zentel,"BONIS CHEMIST , Bripamu Medical Stores, KARURA CHEMIST II  TILL 8073490, Kasrut pharmacy, Tikvah Valley Pharmaceuticlas","-1.2949474, -1.3111251, -1.2196352, -1.4928076, -1.1581624","36.7478597, 36.8939304, 36.7128582, 37.2463473, 36.9371627",10
56,Albendazole,tanzol,"CARDINAL CHEMIST, Eloc pharmacy , Falcon medical clinic , Jubilee-Care Chemist, MEDIBLEND , MEDICRAFT PHARMACY, Nas Chemist, Sportmeds pharmacy , Zimmerange pharmacy","-1.3958137, -1.2953742, -1.1003338, -1.282731, -1.0534198, 0.5206237, -1.2825103, -1.2087167","36.7638655, 36.7455442, 37.0129017, 36.7848689, 37.0729118, 35.2762755, 36.902564, 36.896422",90
57,Albendazole,Albasol,"Disanjo Chemist , Jubilee-Care Chemist","-1.2650867, -1.1003338","36.8826178, 37.0129017",17
58,Albendazole,dimworm,Romac Pharmacy ,-1.2706834,36.8466657,233
59,Albendazole,Albasol,"Eloc pharmacy , EXPRESS CARE PHARMACY","-1.2953742, -1.1331173","36.7455442, 36.976005",6
61,Albendazole,Alben,Bophelo Pele Pharmacy,-28.8742772,28.048548,1
64,Albendazole,Zentel,"EMIR HEALTH CENTER , Kasrut pharmacy, Nas Chemist, Tikvah Valley Pharmaceuticlas","-1.266125, -1.4928076, 0.5206237, -1.1581624","36.910522, 37.2463473, 35.2762755, 36.9371627",10
66,Albuterol,"Ventolin, Evohaler","EMIR HEALTH CENTER , KARURA CHEMIST II  TILL 8073490, MEDPLEX CHEMIST, Zimmerange pharmacy","-1.266125, -1.2196352, -1.4293031, -1.2087167","36.910522, 36.7128582, 36.6872005, 36.896422",57
70,Allopurinol,Aleze,"KARURA CHEMIST II  TILL 8073490, MEDPLEX CHEMIST","-1.2196352, -1.4293031","36.7128582, 36.6872005",50
73,Aluminium ,"Allucid, Plus","Apotek Pharmaceutical, MEDPLEX CHEMIST","-1.2885927, -1.4293031","36.9504001, 36.6872005",2
82,Amino Acid,BG Glutamin,KARURA CHEMIST II  TILL 8073490,-1.2196352,36.7128582,40
85,Aminosidine,Unibrol,EMIR HEALTH CENTER ,-1.266125,36.910522,10
86,Aminosidine,Daboral,"MEDPLEX CHEMIST, MEGAWELL PHARMACY","-1.4293031, -1.0734595","36.6872005, 37.0952195",51
88,Aminosidine,Unibrol,MEGAWELL PHARMACY,-1.0734595,37.0952195,2
89,Aminosidine,Daboral,"MEGAWELL PHARMACY, SIDAI CHEMIST","-1.0734595, -1.4779526","37.0952195, 36.9577694",3
90,Amitriptyline,Cosmos,"Apotek Pharmaceutical, Bophelo Pele Pharmacy, Nas Chemist, urit medical ","-1.2885927, -28.8742772, 0.5206237, -1.1009928","36.9504001, 28.048548, 35.2762755, 37.0129877",77
91,Amlodipine,Amlovas 5,"Disanjo Chemist , MEDIBLEND ","-1.2650867, -1.282731","36.8826178, 36.7848689",82
93,Amlodipine,Swamlo,Eloc pharmacy ,-1.2953742,36.7455442,28
99,Amlodipine,Amlodenk  5mg,Churmad Retail Pharmacy ,-1.3319206,36.8571633,4
100,Amlodipine,Asomex,KARURA CHEMIST II  TILL 8073490,-1.2196352,36.7128582,10
102,Amlodipine,Amlozest,KARURA CHEMIST II  TILL 8073490,-1.2196352,36.7128582,10
103,Amlodipine,Amlosun,"KARURA CHEMIST II  TILL 8073490, Romac Pharmacy ","-1.2196352, -1.2706834","36.7128582, 36.8466657",222
104,Amlodipine,Varinil,"BetahCare Family Health Clinic, KARURA CHEMIST II  TILL 8073490, SIDAI CHEMIST","-1.2196352, -1.4779526","36.7128582, 36.9577694",67
105,Amlodipine,amlong 5,Romac Pharmacy ,-1.2706834,36.8466657,170
108,Amlodipine,Varinil,"Apotek Pharmaceutical, KARURA CHEMIST II  TILL 8073490, SIDAI CHEMIST","-1.2885927, -1.2196352, -1.4779526","36.9504001, 36.7128582, 36.9577694",47
112,Amlodipine ,Amlozaar-H,"EMIR HEALTH CENTER , KARURA CHEMIST II  TILL 8073490, PANDE pharmacy ","-1.266125, -1.2196352, -1.0569879","36.910522, 36.7128582, 37.1106545",46
113,Amlodipine ,Nebi AM,KARURA CHEMIST II  TILL 8073490,-1.2196352,36.7128582,28
117,Ammonium Chloride ,Cophydrex,THE MUTHAMI  HOSPITAL ,-1.214086,36.7222231,1
118,Amoxclav,Enhacin 156,Disanjo Chemist ,-1.2650867,36.8826178,1
119,Amoxicillin,Penamox,"ANGELIC STAR PHARMACEUTICALS, B-sons pharmacy, center mark pharmacy, SAMIALBA","-1.2834847, -1.2673667, -1.334489, -1.279668","36.889222, 36.7509204, 36.673465, 36.82553",250
120,Amoxicillin,Penamox,"Falcon medical clinic , Gitrose Pharmacy, urit medical ","-1.2552408, -1.1009928","36.6943718, 37.0129877",20198
123,Amoxicillin,Generic,"B-sons pharmacy, BetahCare Family Health Clinic",-1.2673667,36.7509204,89
124,Amoxicillin,Amoxil,"B-sons pharmacy, CALMAK CHEMIST , Crowmed pharmaceuticals ","-1.2673667, -1.053931, -1.3621855","36.7509204, 38.3631399, 36.6555867",14
127,Amoxicillin,Amoxil,"EMIR HEALTH CENTER , Falcon medical clinic , KARURA CHEMIST II  TILL 8073490, Nas Chemist, Perta Chemist, Sinka Pharmacy , urit medical , ZOLO HEALTHCARE SOLUTIONS","-1.266125, -1.2196352, 0.5206237, -1.1079318, -1.2161518, -1.1009928","36.910522, 36.7128582, 35.2762755, 37.016326, 36.7994133, 37.0129877",1233
128,Amoxicillin,Generic,"Apotek Pharmaceutical, Disanjo Chemist , MANGAPHARM ATHI CHEMIST","-1.2885927, -1.2650867, -1.457513","36.9504001, 36.8826178, 36.9745436",17
129,Amoxicillin,Amoxil,Falcon medical clinic ,,,64
130,Amoxicillin,Generic,"ANGELLIC STAR PHARMACY , CARDINAL CHEMIST, Eloc pharmacy ","-1.2844625, -1.3958137, -1.2953742","36.885289, 36.7638655, 36.7455442",347
131,Amoxicillin,Norva Acess,Disanjo Chemist ,-1.2650867,36.8826178,5
136,Amoxicillin ,Clav 228,Disanjo Chemist ,-1.2650867,36.8826178,2
137,Amoxicillin ,acinet,"Disanjo Chemist , KARURA CHEMIST II  TILL 8073490","-1.2650867, -1.2196352","36.8826178, 36.7128582",4
144,Amoxicillin ,Claxy 375,"MEDPLEX CHEMIST, PharmaRic Distributors","-1.4293031, 0","36.6872005, 0",5
145,Amoxicillin ,Clavam,KARURA CHEMIST II  TILL 8073490,-1.2196352,36.7128582,20
146,Amoxicillin ,Clavulin,MEDPLEX CHEMIST,-1.4293031,36.6872005,1
149,Amoxicillin ,Clavulin,EMIR HEALTH CENTER ,-1.266125,36.910522,8
155,Amoxicillin ,enhacin,EMIR HEALTH CENTER ,-1.266125,36.910522,2
156,Amoxicillin ,acinet 457,"Disanjo Chemist , Falcon medical clinic , Gitrose Pharmacy, Jomed chemist , KARURA CHEMIST II  TILL 8073490, MEDPLEX CHEMIST","-1.2650867, -1.2552408, -0.5433125, -1.2196352, -1.4293031","36.8826178, 36.6943718, 37.4566875, 36.7128582, 36.6872005",1037
157,Amoxicillin ,Novaclav,Gitrose Pharmacy,-1.2552408,36.6943718,2612
158,Amoxicillin ,Augmentin,Jubilee-Care Chemist,-1.1003338,37.0129017,14
160,Amoxicillin ,Acinet Dry Syrup,"BetahCare Family Health Clinic, EMIR HEALTH CENTER , Falcon medical clinic ",-1.266125,36.910522,6
162,Amoxicillin ,Augmentin,urit medical ,-1.1009928,37.0129877,3
164,Amoxicillin ,Acinet,KARURA CHEMIST II  TILL 8073490,-1.2196352,36.7128582,9
166,Amoxicillin ,"Moxa, Forte",Eloc pharmacy ,-1.2953742,36.7455442,206
167,Amoxicillin Plus Clavulanate,Amoklavin,SIDAI CHEMIST,-1.4779526,36.9577694,1
168,"Amoxicillin, Clavulanic Acid",Amoklavin,KARURA CHEMIST II  TILL 8073490,-1.2196352,36.7128582,10
169,Ampicillin,Ampicillin,ANGELLIC STAR PHARMACY ,-1.2844625,36.885289,80
170,Ampicillin ,Ampiclox,"B-sons pharmacy, urit medical ","-1.2673667, -1.1009928","36.7509204, 37.0129877",3
171,Ampicillin ,Ampiclox generic,"Beth Medical Services, CHARLIK PHARMACY, Disanjo Chemist ","-1.2458837, -1.215894, -1.2650867","36.9212131, 36.88669160000001, 36.8826178",12
173,Ampicillin ,Ampiclo - Dawa,"ANGELIC STAR PHARMACEUTICALS, Bripamu Medical Stores, CARDINAL CHEMIST, Crowmed pharmaceuticals , MEDPLEX CHEMIST","-1.2834847, -1.3111251, -1.3958137, -1.3621855, -1.4293031","36.889222, 36.8939304, 36.7638655, 36.6555867, 36.6872005",45
174,Ampicillin ,Ampiclox,B-sons pharmacy,-1.2673667,36.7509204,5
177,Antacid,Maalox,center mark pharmacy,-1.334489,36.673465,5
178,Antacid,Allucid,"ANGELIC STAR PHARMACEUTICALS, MEDPLEX CHEMIST, Rofaplus Pharmacy ","-1.2834847, -1.4293031, -1.4791361","36.889222, 36.6872005, 36.95836",79
181,Antacid,Relcer,"B-sons pharmacy, EMIR HEALTH CENTER , MEDIBLEND , MEDPLEX CHEMIST","-1.2673667, -1.266125, -1.282731, -1.4293031","36.7509204, 36.910522, 36.7848689, 36.6872005",39
182,Antacid,"Viscid, Gel",JABE HEALTHMART PHARMACY NAROK,-1.0992338,35.8596332,1
185,Antacid,"Relcer, Gel","Eloc pharmacy , EMIR HEALTH CENTER , Family care hospital/chemist , Jubilee-Care Chemist, MEDIBLEND , MEDPLEX CHEMIST","-1.2953742, -1.266125, -1.1720505, -1.1003338, -1.282731, -1.4293031","36.7455442, 36.910522, 36.8423168, 37.0129017, 36.7848689, 36.6872005",15
186,Antacid,"Gastro, Gel",MEDIBLEND ,-1.282731,36.7848689,5
187,Antacid,Eno Tablets,"ANGELIC STAR PHARMACEUTICALS, B-sons pharmacy, CARDINAL CHEMIST, Disanjo Chemist , KARURA CHEMIST II  TILL 8073490, Mercilin Afya services , Perta Chemist","-1.2834847, -1.2673667, -1.3958137, -1.2650867, -1.2196352, -1.3921923, -1.1079318","36.889222, 36.7509204, 36.7638655, 36.8826178, 36.7128582, 36.9407301, 37.016326",33
188,Antacid,"Maalox, Stick - Lemon",MEDPLEX CHEMIST,-1.4293031,36.6872005,4
189,Antacid,Allucid,"Apotek Pharmaceutical, B-sons pharmacy, EMIR HEALTH CENTER , KARURA CHEMIST II  TILL 8073490","-1.2885927, -1.2673667, -1.266125, -1.2196352","36.9504001, 36.7509204, 36.910522, 36.7128582",4
190,Antacid,"Gastro, Gel","Bripamu Medical Stores, EMIR HEALTH CENTER ","-1.3111251, -1.266125","36.8939304, 36.910522",2
192,Antacid,"Ulgicid, Cherry",MEDPLEX CHEMIST,-1.4293031,36.6872005,3
194,Antacid,"Eno, Lemon","Crowmed pharmaceuticals , Disanjo Chemist , EMIR HEALTH CENTER , KARURA CHEMIST II  TILL 8073490, MEDIBLEND , Nguvoni pharmacy , Perta Chemist","-1.3621855, -1.2650867, -1.266125, -1.2196352, -1.282731, -1.2950277, -1.1079318","36.6555867, 36.8826178, 36.910522, 36.7128582, 36.7848689, 36.7865919, 37.016326",83
195,Antacid,Alugel,"ANGELIC STAR PHARMACEUTICALS, BetahCare Family Health Clinic, Bripamu Medical Stores, Eloc pharmacy , Falcon medical clinic , MEDPLEX CHEMIST, SIDAI CHEMIST","-1.2834847, -1.3111251, -1.2953742, -1.4293031, -1.4779526","36.889222, 36.8939304, 36.7455442, 36.6872005, 36.9577694",92
196,Antacid,"Ulgicid, Pineapple",MEDPLEX CHEMIST,-1.4293031,36.6872005,4
197,Antacid,"Gaviscon, Peppermint","EMIR HEALTH CENTER , KEGAKA PHARMACY","-1.266125, -1.0133967","36.910522, 36.9058388",3
198,Antacid,Bonisan,"Apotek Pharmaceutical, Falcon medical clinic ",-1.2885927,36.9504001,5
199,Antacid,Gaviscon Double Action,KEGAKA PHARMACY,-1.0133967,36.9058388,2
200,Antacid,"Ulgicid, Mint","Betamed Chemist, MEDPLEX CHEMIST","-1.2445352, -1.4293031","36.662571, 36.6872005",4
201,Antacid,"Relcer, Gel","ANGELLIC STAR PHARMACY , Jubilee-Care Chemist","-1.2844625, -1.1003338","36.885289, 37.0129017",6
204,Antifungal & Antibacterial Cream,Futsil,center mark pharmacy,-1.334489,36.673465,5
206,Appetite Stimulant,Appevite Forte,Romac Pharmacy ,-1.2706834,36.8466657,110
209,Appetite Stimulant,Tres Orix Forte,Sapphire Pharmacy,-1.3220917,36.8448685,1
212,Artemether ,Lum - Artem,"center mark pharmacy, Crowmed pharmaceuticals , urit medical ","-1.334489, -1.3621855, -1.1009928","36.673465, 36.6555867, 37.0129877",12
220,Aspirin (Acetylsalicylic Acid),Cardisprin,KARURA CHEMIST II  TILL 8073490,-1.2196352,36.7128582,14
221,Aspirin (Acetylsalicylic Acid),Ascard,"Apotek Pharmaceutical, EMIR HEALTH CENTER , KARURA CHEMIST II  TILL 8073490","-1.2885927, -1.266125, -1.2196352","36.9504001, 36.910522, 36.7128582",92
222,Atenolol,Cardinol,BetahCare Family Health Clinic,,,14
226,Atenolol,Atenol,"Eloc pharmacy , MEDPLEX CHEMIST","-1.2953742, -1.4293031","36.7455442, 36.6872005",50
229,Atorvastatin,Atorec,center mark pharmacy,-1.334489,36.673465,3
231,Atorvastatin,Aztor 10mg,"EMIR HEALTH CENTER , KARURA CHEMIST II  TILL 8073490","-1.266125, -1.2196352","36.910522, 36.7128582",40
232,Atorvastatin,Lipitor 20mg,Beth Medical Services,-1.2458837,36.9212131,1
233,Atorvastatin,Atorona 40mg,KARURA CHEMIST II  TILL 8073490,-1.2196352,36.7128582,28
236,Atorvastatin,rovas,Beth Medical Services,-1.2458837,36.9212131,1
238,Atorvastatin,Lipitas 20,KARURA CHEMIST II  TILL 8073490,-1.2196352,36.7128582,6
239,Atorvastatin,Atstat,KARURA CHEMIST II  TILL 8073490,-1.2196352,36.7128582,8
243,Atorvastatin,Avastatin,KARURA CHEMIST II  TILL 8073490,-1.2196352,36.7128582,12
252,Azathioprine,azioprin,KARURA CHEMIST II  TILL 8073490,-1.2196352,36.7128582,30
254,Azithromycin,Azomac,"ANGELIC STAR PHARMACEUTICALS, B-sons pharmacy, center mark pharmacy, dauphin pharmacy","-1.2834847, -1.2673667, -1.334489, -1.2063005","36.889222, 36.7509204, 36.673465, 36.8948593",31
255,Azithromycin,Azitro,"BetahCare Family Health Clinic, Gitrose Pharmacy",-1.2552408,36.6943718,242416
256,Azithromycin,Azithrax,Romac Pharmacy ,-1.2706834,36.8466657,178
258,Azithromycin,Zithrox,"BetahCare Family Health Clinic, Disanjo Chemist ",-1.2650867,36.8826178,16
259,Azithromycin,Generic,"Bonaim pharmacy , CARDINAL CHEMIST, Crowmed pharmaceuticals , Lifemed 3ds mlolongo ","-1.2062072, -1.3958137, -1.3621855, -1.3940237","36.89570200000001, 36.7638655, 36.6555867, 36.9390723",33
260,Azithromycin,Azifast,Eloc pharmacy ,-1.2953742,36.7455442,20
261,Azithromycin,ATM Suspension,"B-sons pharmacy, Disanjo Chemist , EMIR HEALTH CENTER ","-1.2673667, -1.2650867, -1.266125","36.7509204, 36.8826178, 36.910522",8
264,Azithromycin,Zithrox,"Apotek Pharmaceutical, BetahCare Family Health Clinic",-1.2885927,36.9504001,15
270,Azithromycin,azifred 500mg,ANGELLIC STAR PHARMACY ,-1.2844625,36.885289,16
271,Azithromycin,IzziThree,"ANGELLIC STAR PHARMACY , Apotek Pharmaceutical, BetahCare Family Health Clinic, Bonaim pharmacy , Falcon medical clinic , KARURA CHEMIST II  TILL 8073490, MEDIBLEND , memah bestcare pharmacy, Mercilin Afya services , Nas Chemist","-1.2844625, -1.2885927, -1.2062072, -1.2196352, -1.282731, -0.3076936, -1.3921923, 0.5206237","36.885289, 36.9504001, 36.89570200000001, 36.7128582, 36.7848689, 38.2196697, 36.9407301, 35.2762755",67
273,Azithromycin ,VDM Kit,MEDPLEX CHEMIST,-1.4293031,36.6872005,3
274,Azithromycin ,Dazel Kit,ANGELLIC STAR PHARMACY ,-1.2844625,36.885289,2
276,Bacillus Clausii,Enterogermina,Apotek Pharmaceutical,-1.2885927,36.9504001,3
278,Bandage Crepe,Generic,"B-sons pharmacy, BetahCare Family Health Clinic, Bripamu Medical Stores, Falcon medical clinic , Jubilee-Care Chemist, KARURA CHEMIST II  TILL 8073490, MEDPLEX CHEMIST","-1.2673667, -1.3111251, -1.1003338, -1.2196352, -1.4293031","36.7509204, 36.8939304, 37.0129017, 36.7128582, 36.6872005",23
279,Bandage Crepe,"Generic, Orange","Apotek Pharmaceutical, Falcon medical clinic , Nas Chemist","-1.2885927, 0.5206237","36.9504001, 35.2762755",20
280,Bandage Crepe,Generic,MEDPLEX CHEMIST,-1.4293031,36.6872005,18
281,Bandage Crepe,Generic,"EMIR HEALTH CENTER , Nas Chemist","-1.266125, 0.5206237","36.910522, 35.2762755",24
294,Beclomethasone ,Beclomin,"ANGELLIC STAR PHARMACY , Apotek Pharmaceutical, MEDPLEX CHEMIST","-1.2844625, -1.2885927, -1.4293031","36.885289, 36.9504001, 36.6872005",43
296,Bendroflumethiazide,Benduric,Romac Pharmacy ,-1.2706834,36.8466657,6
297,Benzhexol,Cosmos,KARURA CHEMIST II  TILL 8073490,-1.2196352,36.7128582,60
298,Benzocaine ,Waxoff,Jubilee-Care Chemist,-1.1003338,37.0129017,1
300,Benzoyl Peroxide,Pernex AC,"Apotek Pharmaceutical, KARURA CHEMIST II  TILL 8073490, SIDAI CHEMIST","-1.2885927, -1.2196352, -1.4779526","36.9504001, 36.7128582, 36.9577694",92
301,Benzyl Benzoate,Scabees,Falcon medical clinic ,,,1
304,Betahistine,Betaserc,KARURA CHEMIST II  TILL 8073490,-1.2196352,36.7128582,42
306,Betamethasone,"Betamed, Cream","Apotek Pharmaceutical, Bonaim pharmacy , Nas Chemist, SIDAI CHEMIST","-1.2885927, -1.2062072, 0.5206237, -1.4779526","36.9504001, 36.89570200000001, 35.2762755, 36.9577694",13
309,Betamethasone,"Mediven, Ointment",Falcon medical clinic ,,,13
312,Betamethasone,"Elyvate, Cream","ANGELLIC STAR PHARMACY , Apotek Pharmaceutical, MEDIBLEND , Nas Chemist, SIDAI CHEMIST","-1.2844625, -1.2885927, -1.282731, 0.5206237, -1.4779526","36.885289, 36.9504001, 36.7848689, 35.2762755, 36.9577694",14
315,Betamethasone,"Mediven, Cream","ANGELIC STAR PHARMACEUTICALS, Apotek Pharmaceutical, CHARLIK PHARMACY, Disanjo Chemist , Eloc pharmacy , KARURA CHEMIST II  TILL 8073490, MEDPLEX CHEMIST, Perta Chemist, SIDAI CHEMIST","-1.2834847, -1.2885927, -1.215894, -1.2650867, -1.2953742, -1.2196352, -1.4293031, -1.1079318, -1.4779526","36.889222, 36.9504001, 36.88669160000001, 36.8826178, 36.7455442, 36.7128582, 36.6872005, 37.016326, 36.9577694",97
317,Betamethasone ,Celestamine,"Disanjo Chemist , Falcon medical clinic ",-1.2650867,36.8826178,159
319,Betamethasone ,Betason G,MEDPLEX CHEMIST,-1.4293031,36.6872005,1
321,Betamethasone ,"Probeta N, Eye","ABIJO PHARMACY- WANYEE (Nairobi), ABM PHARMACY (NGARA STAGE) (Nairobi), ACCIPITRIDAE CHEMIST (Nairobi), ACCRA PHARMACY LTD HAKATI (Nairobi), ACCRA-MED CHEMISTS LIMITED (Nairobi), ACE CARE PHARMACEUTICALS  (Nairobi), ACESO PHARMACY WELLNESS PHARMACY KASARANI (Nairobi), ADONISI PHARMACEUTICALS (Nairobi), AFRILIFE CHEMIST LTD (BURUBURU) (Nairobi), AFYACARE PHARMA (Nairobi), AGA KHAN HEALTH  SERVICES,KENYA-RUAI (Nairobi), AGA KHAN HEALTH SERVICES,KENYA - HOMA BAY (Nairobi), AGAROSE PHARMACY (Nairobi), AGMART PHARMACEUTICALS-MUHOHO AVENUE (Nairobi), AHWAN PHARMACEUTICALS LIMITED (Nairobi), AHZAAB PHARMACY (Nairobi), AJWA PHARMACEUTICALS LIMITED (Nairobi), AKIMA PHARMACY (Nairobi), AL-AQSA DISPENSING CHEMIST (Nairobi), AL-HARAMAIN PHARMACEUTICAL COMPANY LIMITED (Nairobi), ALIF MEDICAL SERVICES LIMITED (Nairobi), ALISON AGROCHEM CHEMISTS LIMITED (Nairobi), ALKEN PHARMACEUTICAL LTD (Nairobi), ALKEN PHARMACEUTICAL LTD - B-CENTRE (Nairobi), ALKEN PHARMACEUTICALS LTD (Nairobi), ALKEN PHARMACEUTICALS-JOGOO RD (Nairobi), ","-1.2953742, -1.2757621, -1.2575249, -1.3066383, -1.2832624, -1.2829416, -1.2333266, -1.2688065, -1.3089651, -1.2616578, -1.2618776, -1.2831312, -1.323767, -1.2589182, -1.2717589, -1.2647119, -1.2059489, -1.2715424, -1.2744794, -1.2731049, -1.2253857, -1.2880112, -1.2958752, -1.3128673, -1.284749, -1.2172469, -1.1990686, -1.2705845, -1.2913585, -1.2715203, -1.2849625, -1.2869817, -1.2849438, -1.2469388, -1.3139741, -1.2752485, -1.3152957, -1.2185276, -1.2834847, -1.2773221, -1.3210273, -1.3211336, -1.2735173, -1.2493027, -1.2786587, -1.2953175, -1.2624961, -1.2885927, -1.32349, -1.2816014, -1.2345294, -1.2736832, -1.2694513, -1.3068667, -1.3590694, -1.271185, -1.2857603, -1.3138776, -1.2774177, -1.2844938, -1.2920658, -1.2520284, -1.2706834, -1.1835554, -1.2774587, -1.3647519, -1.2964585, -1.2004353, -1.2742434, -1.2741186, -1.317058, -1.1852458, -1.3244384, -1.3127776, -1.2323179, -1.272905, -1.2959953, -1.2525589, -1.2523093, -1.277364, -1.1975121, -1.2837102, -1.275237, -1.2763955, -1.291999, -1.2906482, -1","36.7455442, 36.8290212, 36.9120257, 36.8024294, 36.8266431, 36.7369557, 36.9294375, 36.8093088, 36.8936368, 36.9759005, 36.8237412, 36.9029929, 36.843886, 36.8142488, 36.8480778, 36.8389479, 36.8952592, 36.8478688, 36.8506309, 36.8512824, 36.9210154, 36.8620558, 36.86992360000001, 36.889599, 36.9000191, 36.8959913, 36.9031977, 36.84557, 36.7339325, 36.89315819999999, 36.987496, 36.8945577, 36.9861242, 36.8686616, 36.9012134, 36.910138, 36.823283, 36.9025676, 36.889222, 36.8158265, 36.8974843, 36.8006868, 36.96363580000001, 36.6845007, 36.88855, 36.6984177, 36.8222835, 36.9504001, 36.70831, 36.818184, 36.9038803, 36.8511881, 36.7998296, 36.8969262, 36.7468779, 36.8493086, 36.984962, 36.8951043, 36.7917285, 36.828068, 36.7946567, 36.8466657, 36.9005074, 36.85141, 36.9454922, 36.7995443, 36.9005796, 36.8435388, 36.844201, 36.8959223, 36.9068067, 36.8984997, 36.8295928, 36.8035009, 36.851265, 36.8082191, 36.927833, 36.9497128, 36.8760519, 36.9025748, 36.7586288, 36.8219406, 36.8268934, 36.8458016, 36.9029842, 36.",118925
322,Betamethasone ,"Mediven S, Ointment",MEDPLEX CHEMIST,-1.4293031,36.6872005,3
323,Betamethasone,Betason S,Falcon medical clinic ,,,8
325,Bisacodyl,Bicolax,"Apotek Pharmaceutical, EMIR HEALTH CENTER , MEDPLEX CHEMIST, Perta Chemist","-1.2885927, -1.266125, -1.4293031, -1.1079318","36.9504001, 36.910522, 36.6872005, 37.016326",208
333,Blood Builder ,Saferon Plus,KARURA CHEMIST II  TILL 8073490,-1.2196352,36.7128582,5
335,Blood Glucometer,On Call Plus,Falcon medical clinic ,,,11
336,Blood Glucometer,On Call Plus,EMIR HEALTH CENTER ,-1.266125,36.910522,1
343,Body Oil,Bio-Oil,MEDPLEX CHEMIST,-1.4293031,36.6872005,1
349,Bromhexine ,Salcof,MEDPLEX CHEMIST,-1.4293031,36.6872005,3
352,Budesonide,Budecort,Romac Pharmacy ,-1.2706834,36.8466657,5
353,Budesonide,Budecort,Romac Pharmacy ,-1.2706834,36.8466657,4
367,Calcium ,Zedcal,MEDPLEX CHEMIST,-1.4293031,36.6872005,41
383,Carbamazepine,Tegretol CR,KARURA CHEMIST II  TILL 8073490,-1.2196352,36.7128582,60
385,Carbamazepine,Tegretol,KARURA CHEMIST II  TILL 8073490,-1.2196352,36.7128582,36
386,Carbamazepine,Tegretol CR,Gitrose Pharmacy,-1.2552408,36.6943718,10059
388,Carbimazole,Remedica,Bonaim pharmacy ,-1.2062072,36.89570200000001,20
392,Carbocisteine,"Mucothiol, Adult",Eloc pharmacy ,-1.2953742,36.7455442,1
394,Carbocisteine,Rhinacon Adult,space race,-1.311053,36.745584,1
396,Carbocisteine,"Rhinathiol, Infant",SIDAI CHEMIST,-1.4779526,36.9577694,1
398,Carbocisteine ,"Rhinathiol, Promethazine","Gitrose Pharmacy, MEDPLEX CHEMIST","-1.2552408, -1.4293031","36.6943718, 36.6872005",675
407,Carvedilol,Vidol,KARURA CHEMIST II  TILL 8073490,-1.2196352,36.7128582,18
427,Cefadroxil,"Vedrox, Dry","CARDINAL CHEMIST, SIDAI CHEMIST","-1.3958137, -1.4779526","36.7638655, 36.9577694",4
428,Cefadroxil,Drox,"BetahCare Family Health Clinic, MEDPLEX CHEMIST",-1.4293031,36.6872005,27
429,Cefadroxil,Cexil / Cedril,Disanjo Chemist ,-1.2650867,36.8826178,1
430,Cefadroxil,Vedrox,"KARURA CHEMIST II  TILL 8073490, SIDAI CHEMIST","-1.2196352, -1.4779526","36.7128582, 36.9577694",2
436,Cefalexin,Generic,Eloc pharmacy ,-1.2953742,36.7455442,85
438,Cefixime,Rivaxime,"Bonaim pharmacy , KARURA CHEMIST II  TILL 8073490","-1.2062072, -1.2196352","36.89570200000001, 36.7128582",34
439,Cefixime,Bactifix,"CHARLIK PHARMACY, THE MUTHAMI  HOSPITAL ","-1.215894, -1.214086","36.88669160000001, 36.7222231",11
444,Cefixime,cefiz,"ANGELIC STAR PHARMACEUTICALS, BetahCare Family Health Clinic, Crowmed pharmaceuticals ","-1.2834847, -1.3621855","36.889222, 36.6555867",5
445,Cefixime,theofix,MEDIBLEND ,-1.282731,36.7848689,2
448,Cefixime,Gramocef,Churmad Retail Pharmacy ,-1.3319206,36.8571633,2
450,Cefixime,Theofix,"Crowmed pharmaceuticals , Disanjo Chemist , Eloc pharmacy ","-1.3621855, -1.2650867, -1.2953742","36.6555867, 36.8826178, 36.7455442",34
456,Cefpodoxime,Cefaz,Crowmed pharmaceuticals ,-1.3621855,36.6555867,1
462,Ceftriaxone,Generic,"ANGELLIC STAR PHARMACY , Bripamu Medical Stores, EMIR HEALTH CENTER , Falcon medical clinic , KARURA CHEMIST II  TILL 8073490","-1.2844625, -1.3111251, -1.266125, -1.2196352","36.885289, 36.8939304, 36.910522, 36.7128582",338
463,Cefuroxime,Proximexa,"B-sons pharmacy, Eloc pharmacy ","-1.2673667, -1.2953742","36.7509204, 36.7455442",25
464,Cefuroxime,Kefstar,B-sons pharmacy,-1.2673667,36.7509204,1
465,Cefuroxime,zocef 500mg,"Jochamu Chemist Ruiru, KARURA CHEMIST II  TILL 8073490, KEGAKA PHARMACY, MEDPLEX CHEMIST, Nas Chemist","-1.147016, -1.2196352, -1.0133967, -1.4293031, 0.5206237","36.9584749, 36.7128582, 36.9058388, 36.6872005, 35.2762755",80
469,Cefuroxime,Zinnat,"KARURA CHEMIST II  TILL 8073490, MEDPLEX CHEMIST","-1.2196352, -1.4293031","36.7128582, 36.6872005",3
472,Cefuroxime,Zinnat,Hychem pharmacy ,-1.2340801,36.8723291,1
474,Cefuroxime,Pulmocef,SIDAI CHEMIST,-1.4779526,36.9577694,10
475,Cefuroxime,Pulmocef,"Apotek Pharmaceutical, CHARLIK PHARMACY, Falcon medical clinic , Jubilee-Care Chemist","-1.2885927, -1.215894, -1.1003338","36.9504001, 36.88669160000001, 37.0129017",72
478,Cefuroxime,Cefasyn,"Eloc pharmacy , KARURA CHEMIST II  TILL 8073490","-1.2953742, -1.2196352","36.7455442, 36.7128582",21
482,Celecoxib,Cox B,"KARURA CHEMIST II  TILL 8073490, KEGAKA PHARMACY, MEDPLEX CHEMIST","-1.2196352, -1.0133967, -1.4293031","36.7128582, 36.9058388, 36.6872005",22
484,Celecoxib,Cox B,"BetahCare Family Health Clinic, Beth Medical Services, KARURA CHEMIST II  TILL 8073490, MEDPLEX CHEMIST","-1.2458837, -1.2196352, -1.4293031","36.9212131, 36.7128582, 36.6872005",23
487,Cetirizine,Contrizet,"Apotek Pharmaceutical, B-sons pharmacy, CARDINAL CHEMIST, Nas Chemist","-1.2885927, -1.2673667, -1.3958137, 0.5206237","36.9504001, 36.7509204, 36.7638655, 35.2762755",91
491,Cetirizine,Rinacet Tablets,MEDPLEX CHEMIST,-1.4293031,36.6872005,520
493,Cetirizine,Alatrol,ANGELLIC STAR PHARMACY ,-1.2844625,36.885289,1
494,Cetirizine,Cachcet,"Apotek Pharmaceutical, CHARLIK PHARMACY, Jubilee-Care Chemist, memah bestcare pharmacy","-1.2885927, -1.215894, -1.1003338, -0.3076936","36.9504001, 36.88669160000001, 37.0129017, 38.2196697",1019
495,Cetirizine,Atrizin,"Eloc pharmacy , Jubilee-Care Chemist, Romac Pharmacy ","-1.2953742, -1.1003338, -1.2706834","36.7455442, 37.0129017, 36.8466657",12
496,Cetirizine,Piricet,"ANGELIC STAR PHARMACEUTICALS, Apotek Pharmaceutical, Disanjo Chemist , Eloc pharmacy ","-1.2834847, -1.2885927, -1.2650867, -1.2953742","36.889222, 36.9504001, 36.8826178, 36.7455442",17
498,Cetirizine,Altrine,"Bripamu Medical Stores, EMIR HEALTH CENTER ","-1.3111251, -1.266125","36.8939304, 36.910522",3
499,Cetirizine,Altrine,"Eloc pharmacy , MEDPLEX CHEMIST","-1.2953742, -1.4293031","36.7455442, 36.6872005",293
500,Cetirizine,Rinacet,"Crowmed pharmaceuticals , SIDAI CHEMIST","-1.3621855, -1.4779526","36.6555867, 36.9577694",4
501,Cetirizine,Zyncet,"KARURA CHEMIST II  TILL 8073490, MEDPLEX CHEMIST","-1.2196352, -1.4293031","36.7128582, 36.6872005",7
504,Cetirizine,Zyrtec,SIDAI CHEMIST,-1.4779526,36.9577694,1
505,Cetirizine,Zyncet,Crowmed pharmaceuticals ,-1.3621855,36.6555867,50
506,Cetirizine ,Cetrizet D,MEDPLEX CHEMIST,-1.4293031,36.6872005,53
507,Cetrimide,"Cetrino, Cream",MEDPLEX CHEMIST,-1.4293031,36.6872005,1
508,Chapashoka,Axe,"Apotek Pharmaceutical, MEDPLEX CHEMIST","-1.2885927, -1.4293031","36.9504001, 36.6872005",14
509,Charcoal,Charco Medicinal Medicated Charcoal,Bripamu Medical Stores,-1.3111251,36.8939304,2
510,Chesty Cough,Kofed Multi - Action,B-sons pharmacy,-1.2673667,36.7509204,1
512,Chesty Cough,Kofed Expectorant,KARURA CHEMIST II  TILL 8073490,-1.2196352,36.7128582,1
515,Chesty Cough,Tusicoff,EMIR HEALTH CENTER ,-1.266125,36.910522,1
518,Chlorhexidine,Hexicord,MEDPLEX CHEMIST,-1.4293031,36.6872005,2
520,Chlorhexidine,"Remidine, Mouthwash","EMIR HEALTH CENTER , Jubilee-Care Chemist, KARURA CHEMIST II  TILL 8073490","-1.266125, -1.1003338, -1.2196352","36.910522, 37.0129017, 36.7128582",7
523,Chlorhexidine Digluconate,Chx,MEDPLEX CHEMIST,-1.4293031,36.6872005,1
526,Chlorpheniramine,Piriton Generic,"Apotek Pharmaceutical, B-sons pharmacy, BetahCare Family Health Clinic, Bonaim pharmacy , Bripamu Medical Stores, CARDINAL CHEMIST, Crowmed pharmaceuticals , Falcon medical clinic , KARURA CHEMIST II  TILL 8073490, urit medical ","-1.2885927, -1.2673667, -1.2062072, -1.3111251, -1.3958137, -1.3621855, -1.2196352, -1.1009928","36.9504001, 36.7509204, 36.89570200000001, 36.8939304, 36.7638655, 36.6555867, 36.7128582, 37.0129877",1367
528,Chlorpheniramine,Piriton Original,Eloc pharmacy ,-1.2953742,36.7455442,10
529,Chlorpheniramine,Toramin 4mg,Perta Chemist,-1.1079318,37.016326,30
530,Chlorpheniramine,Piriclor,"Crowmed pharmaceuticals , Disanjo Chemist , MEDPLEX CHEMIST, SIDAI CHEMIST","-1.3621855, -1.2650867, -1.4293031, -1.4779526","36.6555867, 36.8826178, 36.6872005, 36.9577694",19
531,Chlorpheniramine,Piriclor,Crowmed pharmaceuticals ,-1.3621855,36.6555867,2
532,Chlorpheniramine ,Contus Paed Linctus,Bripamu Medical Stores,-1.3111251,36.8939304,2
533,Chlorpheniramine ,Benaflu,MEDPLEX CHEMIST,-1.4293031,36.6872005,4
535,Chlorpheniramine ,Contus Tablets,"ANGELIC STAR PHARMACEUTICALS, CARDINAL CHEMIST, Jubilee-Care Chemist, KARURA CHEMIST II  TILL 8073490, Nas Chemist","-1.2834847, -1.3958137, -1.1003338, -1.2196352, 0.5206237","36.889222, 36.7638655, 37.0129017, 36.7128582, 35.2762755",77
545,Cinchocaine ,Dawacort Cream,MEDPLEX CHEMIST,-1.4293031,36.6872005,8
547,Ciprofloxacin,"Ciprobay, Xr","B-sons pharmacy, urit medical ","-1.2673667, -1.1009928","36.7509204, 37.0129877",52
551,Ciprofloxacin,Cipronat,MEDIBLEND ,-1.282731,36.7848689,4
552,Ciprofloxacin,Ciproken,"EMIR HEALTH CENTER , Jubilee-Care Chemist","-1.266125, -1.1003338","36.910522, 37.0129017",2
553,Ciprofloxacin,Ciprointa,Apotek Pharmaceutical,-1.2885927,36.9504001,13
556,Ciprofloxacin ,Beuflox D,KEGAKA PHARMACY,-1.0133967,36.9058388,2
557,Ciprofloxacin ,Cipro T,"Bripamu Medical Stores, EMIR HEALTH CENTER , MEDPLEX CHEMIST","-1.3111251, -1.266125, -1.4293031","36.8939304, 36.910522, 36.6872005",8
565,Clindamycin,Clindazed,"KARURA CHEMIST II  TILL 8073490, MEDPLEX CHEMIST","-1.2196352, -1.4293031","36.7128582, 36.6872005",6
568,Clindamycin ,Vagid-Cl,Jubilee-Care Chemist,-1.1003338,37.0129017,1
573,Clobetasol,"Clobederm, Cream","ANGELLIC STAR PHARMACY , EMIR HEALTH CENTER ","-1.2844625, -1.266125","36.885289, 36.910522",5
576,Clobetasol ,Sonaderm Cream,MEDPLEX CHEMIST,-1.4293031,36.6872005,4
577,Clobetasol ,Cosvate GM,MEDPLEX CHEMIST,-1.4293031,36.6872005,1
583,Clomifene,Clomid,"Crowmed pharmaceuticals , MEDPLEX CHEMIST","-1.3621855, -1.4293031","36.6555867, 36.6872005",57
584,Clonazepam,Rivotril,MEGAWELL PHARMACY,-1.0734595,37.0952195,18
587,Clopidogrel,explat,KARURA CHEMIST II  TILL 8073490,-1.2196352,36.7128582,5
592,Clotrimazole,"Unisten, V1",B-sons pharmacy,-1.2673667,36.7509204,6
593,Clotrimazole,"Candid, Cream",KARURA CHEMIST II  TILL 8073490,-1.2196352,36.7128582,1
594,Clotrimazole,"Candid V6, Vaginal",Falcon medical clinic ,,,33
595,Clotrimazole,Infa V,Bripamu Medical Stores,-1.3111251,36.8939304,1
596,Clotrimazole,"Clotrine, Vaginal","BetahCare Family Health Clinic, CHARLIK PHARMACY, EMIR HEALTH CENTER ","-1.215894, -1.266125","36.88669160000001, 36.910522",9
597,Clotrimazole,"Candid, Mouth Paint",Eloc pharmacy ,-1.2953742,36.7455442,1
598,Clotrimazole,Clozole Cream,"EMIR HEALTH CENTER , MEDPLEX CHEMIST","-1.266125, -1.4293031","36.910522, 36.6872005",12
600,Clotrimazole,"Candid V1, Vaginal",MEDPLEX CHEMIST,-1.4293031,36.6872005,2
601,Clotrimazole,Candistat Cream,"B-sons pharmacy, Bonaim pharmacy , MEDIBLEND ","-1.2673667, -1.2062072, -1.282731","36.7509204, 36.89570200000001, 36.7848689",4
602,Clotrimazole,"Candid, Powder",EMIR HEALTH CENTER ,-1.266125,36.910522,2
603,Clotrimazole,"Clotrine, Cream","CHARLIK PHARMACY, Falcon medical clinic , SIDAI CHEMIST","-1.215894, -1.4779526","36.88669160000001, 36.9577694",24
604,Clotrimazole,"Clotrine, Vaginal","ANGELIC STAR PHARMACEUTICALS, Crowmed pharmaceuticals ","-1.2834847, -1.3621855","36.889222, 36.6555867",2
605,Clotrimazole,"Candid V3, Vaginal","Bripamu Medical Stores, Disanjo Chemist , Romac Pharmacy ","-1.3111251, -1.2650867, -1.2706834","36.8939304, 36.8826178, 36.8466657",74
606,Clotrimazole,"Clob B, Cream","BetahCare Family Health Clinic, Romac Pharmacy ",-1.2706834,36.8466657,252
608,Clotrimazole ,"Bulkot B, Cream","ABIJO PHARMACY- WANYEE (Nairobi), ABM PHARMACY (NGARA STAGE) (Nairobi), ABM PHARMACY LIMITED (Nairobi), ABRAPHARMA PHARMACEUTICALS KASARANI (Nairobi), ACCIPITRIDAE CHEMIST (Nairobi), ACCRA PHARMACY LTD - OPPOSITE MLK HOSP (Nairobi), ACCRA PHARMACY LTD HAKATI (Nairobi), ACCRA-MED CHEMISTS LIMITED (Nairobi), ACE CARE PHARMACEUTICALS  (Nairobi), ACESO PHARMACY WELLNESS PHARMACY KASARANI (Nairobi), ADONISI PHARMACEUTICALS (Nairobi), AFRILIFE CHEMIST LTD (BURUBURU) (Nairobi), AFYACARE PHARMA (Nairobi), AGA KHAN HEALTH  SERVICES,KENYA-RUAI (Nairobi), AGA KHAN HEALTH SERVICES,KENYA - HOMA BAY (Nairobi), AGAROSE PHARMACY (Nairobi), AGMART PHARMACEUTICALS-MUHOHO AVENUE (Nairobi), AHWAN PHARMACEUTICALS LIMITED (Nairobi), AJWA PHARMACEUTICALS LIMITED (Nairobi), AKIMA PHARMACY (Nairobi), AL-AQSA DISPENSING CHEMIST (Nairobi), AL-HANAF PHARMACY (Nairobi), AL-HARAMAIN PHARMACEUTICAL COMPANY LIMITED (Nairobi), ALANE PHARMACY LTD (Nairobi), ALIF MEDICAL SERVICES LIMITED (Nairobi), ALISON AGROCHEM CHEMISTS LIMITED (Nairobi), A","-1.2953742, -1.2757621, -1.2848129, -1.2575249, -1.2755888, -1.3066383, -1.2832624, -1.2829416, -1.2333266, -1.2688065, -1.3089651, -1.2616578, -1.2618776, -1.2831312, -1.323767, -1.2589182, -1.2647119, -1.2059489, -1.2715424, -1.2721321, -1.2744794, -1.276733, -1.2731049, -1.2253857, -1.2880112, -1.2958752, -1.3128673, -1.2460403, -1.284749, -1.2172469, -1.1990686, -1.2705845, -1.2913585, -1.2715203, -1.2849625, -1.2869817, -1.2849438, -1.2469388, -1.3139741, -1.3152957, -1.2185276, -1.2834847, -1.2773221, -1.3210273, -1.3211336, -1.2735173, -1.2786587, -1.2953175, -1.2624961, -1.2575724, -1.32349, -1.2816014, -1.2522439, -1.2345294, -1.2736832, -1.3068667, -1.3590694, -1.2857603, -1.3138776, -1.2774177, -1.2844938, -1.2920658, -1.2706834, -1.1835554, -1.2774587, -1.3647519, -1.2607843, -1.2964585, -1.2856445, -1.2004353, -1.2742434, -1.2741186, -1.1852458, -1.3127776, -1.2323179, -1.272905, -1.2959953, -1.2525589, -1.2523093, -1.277364, -1.1975121, -1.3244384, -1.2837102, -1.275237, -1.2763955, -1.291999, -","36.7455442, 36.8290212, 36.7530976, 36.9120257, 36.9109491, 36.8024294, 36.8266431, 36.7369557, 36.9294375, 36.8093088, 36.8936368, 36.9759005, 36.8237412, 36.9029929, 36.843886, 36.8142488, 36.8389479, 36.8952592, 36.8478688, 36.8424626, 36.8506309, 36.8307703, 36.8512824, 36.9210154, 36.8620558, 36.86992360000001, 36.889599, 36.87666979999999, 36.9000191, 36.8959913, 36.9031977, 36.84557, 36.7339325, 36.89315819999999, 36.987496, 36.8945577, 36.9861242, 36.8686616, 36.9012134, 36.823283, 36.9025676, 36.889222, 36.8158265, 36.8974843, 36.8006868, 36.96363580000001, 36.88855, 36.6984177, 36.8222835, 36.8117362, 36.70831, 36.818184, 36.8674089, 36.9038803, 36.8511881, 36.8969262, 36.7468779, 36.984962, 36.8951043, 36.7917285, 36.828068, 36.8219462, 36.8466657, 36.9005074, 36.85141, 36.9454922, 36.8082989, 36.7995443, 36.8297902, 36.9005796, 36.8435388, 36.844201, 36.9068067, 36.8295928, 36.8035009, 36.851265, 36.8082191, 36.927833, 36.9497128, 36.8760519, 36.9025748, 36.8984997, 36.7586288, 36.8219406, 36.8268",1293
610,Clotrimazole ,"Candid B, Cream",Apotek Pharmaceutical,-1.2885927,36.9504001,6
611,Clotrimazole ,"Bulkot Mixi, Cream",EMIR HEALTH CENTER ,-1.266125,36.910522,4
612,Clotrimazole ,"Dazole B, Cream",MEDPLEX CHEMIST,-1.4293031,36.6872005,26
613,Clotrimazole ,"Clotrine B, Cream","Bripamu Medical Stores, Cafran pharm chemist , EMIR HEALTH CENTER , KARURA CHEMIST II  TILL 8073490, KEGAKA PHARMACY, Neighborcare chemist , SIDAI CHEMIST","-1.3111251, -1.3967573, -1.266125, -1.2196352, -1.0133967, -1.2869045, -1.4779526","36.8939304, 36.7480242, 36.910522, 36.7128582, 36.9058388, 36.8897774, 36.9577694",16
614,Clotrimazole ,"Clozole B, Cream","Advan-med pharmaceuticals, ANGELIC STAR PHARMACEUTICALS, ANGELLIC STAR PHARMACY , BetahCare Family Health Clinic, Crowmed pharmaceuticals , Eloc pharmacy , Falcon medical clinic , KARURA CHEMIST II  TILL 8073490, Nas Chemist, urit medical ","-0.6809050999999999, -1.2834847, -1.2844625, -1.3621855, -1.2953742, -1.2196352, 0.5206237, -1.1009928","34.8207902, 36.889222, 36.885289, 36.6555867, 36.7455442, 36.7128582, 35.2762755, 37.0129877",62
615,Clotrimazole ,"Funbact-A, Cream","Apotek Pharmaceutical, CARDINAL CHEMIST, EMIR HEALTH CENTER , KEGAKA PHARMACY, MEDIBLEND , Nas Chemist, SIDAI CHEMIST","-1.2885927, -1.3958137, -1.266125, -1.0133967, -1.282731, 0.5206237, -1.4779526","36.9504001, 36.7638655, 36.910522, 36.9058388, 36.7848689, 35.2762755, 36.9577694",33
617,Clotrimazole 200mg,candistat,"Bripamu Medical Stores, EMIR HEALTH CENTER , MEDPLEX CHEMIST","-1.3111251, -1.266125, -1.4293031","36.8939304, 36.910522, 36.6872005",28
619,Clotrimazole ear Drops,Candid Ear Drops,"ABIJO PHARMACY- WANYEE (Nairobi), ABM PHARMACY (NGARA STAGE) (Nairobi), ABRAPHARMA PHARMACEUTICALS KASARANI (Nairobi), ACCIPITRIDAE CHEMIST (Nairobi), ACCRA PHARMACY LTD - OPPOSITE MLK HOSP (Nairobi), ACCRA PHARMACY LTD HAKATI (Nairobi), ACCRA-MED CHEMISTS LIMITED (Nairobi), ACE CARE PHARMACEUTICALS  (Nairobi), ACESO PHARMACY WELLNESS PHARMACY KASARANI (Nairobi), ADONISI PHARMACEUTICALS (Nairobi), AFRILIFE CHEMIST LTD (BURUBURU) (Nairobi), AFYACARE PHARMA (Nairobi), AGA KHAN HEALTH  SERVICES,KENYA-RUAI (Nairobi), AGA KHAN HEALTH SERVICES,KENYA - HOMA BAY (Nairobi), AGAROSE PHARMACY (Nairobi), AGMART PHARMACEUTICALS-MUHOHO AVENUE (Nairobi), AHWAN PHARMACEUTICALS LIMITED (Nairobi), AHZAAB PHARMACY (Nairobi), AJWA PHARMACEUTICALS LIMITED (Nairobi), AKIMA PHARMACY (Nairobi), AL-AQSA DISPENSING CHEMIST (Nairobi), AL-HANAF PHARMACY (Nairobi), ALANE PHARMACY LTD (Nairobi), ALIF MEDICAL SERVICES LIMITED (Nairobi), ALISON AGROCHEM CHEMISTS LIMITED (Nairobi), ALKEN PHARMACEUTICAL LTD (Nairobi), ALKEN PHARMACEUTICALS LT","-1.2953742, -1.2757621, -1.2575249, -1.2755888, -1.3066383, -1.2832624, -1.2829416, -1.2333266, -1.2688065, -1.3089651, -1.2616578, -1.2618776, -1.2831312, -1.323767, -1.2589182, -1.2717589, -1.2647119, -1.2059489, -1.2715424, -1.2721321, -1.276733, -1.2731049, -1.2253857, -1.2880112, -1.2958752, -1.3128673, -1.2460403, -1.284749, -1.2172469, -1.1990686, -1.2705845, -1.2913585, -1.2715203, -1.2849625, -1.2869817, -1.2597254, -1.2849438, -1.2469388, -1.3139741, -1.2752485, -1.3152957, -1.2185276, -1.2834847, -1.2773221, -1.3210273, -1.3211336, -1.2735173, -1.2786587, -1.2953175, -1.2624961, -1.2575724, -1.32349, -1.2816014, -1.2522439, -1.2345294, -1.2736832, -1.2694513, -1.3068667, -1.3590694, -1.271185, -1.2857603, -1.3138776, -1.2774177, -1.2844938, -1.2920658, -1.3205309, -1.1835554, -1.2774587, -1.3647519, -1.2607843, -1.2964585, -1.2856445, -1.2004353, -1.2742434, -1.2741186, -1.317058, -1.1852458, -1.3244384, -1.3127776, -1.2323179, -1.272905, -1.2959953, -1.2523093, -1.277364, -1.1975121, -1.284504, -1","36.7455442, 36.8290212, 36.9120257, 36.9109491, 36.8024294, 36.8266431, 36.7369557, 36.9294375, 36.8093088, 36.8936368, 36.9759005, 36.8237412, 36.9029929, 36.843886, 36.8142488, 36.8480778, 36.8389479, 36.8952592, 36.8478688, 36.8424626, 36.8307703, 36.8512824, 36.9210154, 36.8620558, 36.86992360000001, 36.889599, 36.87666979999999, 36.9000191, 36.8959913, 36.9031977, 36.84557, 36.7339325, 36.89315819999999, 36.987496, 36.8945577, 36.8268476, 36.9861242, 36.8686616, 36.9012134, 36.910138, 36.823283, 36.9025676, 36.889222, 36.8158265, 36.8974843, 36.8006868, 36.96363580000001, 36.88855, 36.6984177, 36.8222835, 36.8117362, 36.70831, 36.818184, 36.8674089, 36.9038803, 36.8511881, 36.7998296, 36.8969262, 36.7468779, 36.8493086, 36.984962, 36.8951043, 36.7917285, 36.828068, 36.8219462, 36.70374049999999, 36.9005074, 36.85141, 36.9454922, 36.8082989, 36.7995443, 36.8297902, 36.9005796, 36.8435388, 36.844201, 36.8959223, 36.9068067, 36.8984997, 36.8295928, 36.8035009, 36.851265, 36.8082191, 36.9497128, 36.8760519, ",32190
620,"Clove Oil, Eucalyptus Oil Levomenthol, Mint Oil",Olbas Children,Romac Pharmacy ,-1.2706834,36.8466657,70
622,Co - Tenidone,Tenoric,Romac Pharmacy ,-1.2706834,36.8466657,46
625,Co-Trimoxazole Suspension,Biotrim,"Eloc pharmacy , EMIR HEALTH CENTER , MEDIBLEND , MEDPLEX CHEMIST","-1.2953742, -1.266125, -1.282731, -1.4293031","36.7455442, 36.910522, 36.7848689, 36.6872005",39
626,Cod Liver,Seven Seas,"ABIJO PHARMACY- WANYEE (Nairobi), ABM PHARMACY (NGARA STAGE) (Nairobi), ABM PHARMACY LIMITED (Nairobi), ABRAPHARMA PHARMACEUTICALS KASARANI (Nairobi), ACCRA PHARMACY LTD - OPPOSITE MLK HOSP (Nairobi), ACCRA PHARMACY LTD HAKATI (Nairobi), ACCRA-MED CHEMISTS LIMITED (Nairobi), ACE CARE PHARMACEUTICALS  (Nairobi), ACESO PHARMACY WELLNESS PHARMACY KASARANI (Nairobi), ADONISI PHARMACEUTICALS (Nairobi), AFRILIFE CHEMIST LTD (BURUBURU) (Nairobi), AFYACARE PHARMA (Nairobi), AGA KHAN HEALTH  SERVICES,KENYA-RUAI (Nairobi), AGA KHAN HEALTH SERVICES,KENYA - HOMA BAY (Nairobi), AGAROSE PHARMACY (Nairobi), AGMART PHARMACEUTICALS-MUHOHO AVENUE (Nairobi), AHWAN PHARMACEUTICALS LIMITED (Nairobi), AHZAAB PHARMACY (Nairobi), AJWA PHARMACEUTICALS LIMITED (Nairobi), AKIMA PHARMACY (Nairobi), AL-AQSA DISPENSING CHEMIST (Nairobi), AL-HANAF PHARMACY (Nairobi), AL-HARAMAIN PHARMACEUTICAL COMPANY LIMITED (Nairobi), ALANE PHARMACY LTD (Nairobi), ALIF MEDICAL SERVICES LIMITED (Nairobi), ALISON AGROCHEM CHEMISTS LIMITED (Nairobi), ALKEN ","-1.2757621, -1.2848129, -1.2172469, -1.2755888, -1.3066383, -1.2832624, -1.2829416, -1.2333266, -1.2688065, -1.3089651, -1.2616578, -1.2618776, -1.2831312, -1.323767, -1.2589182, -1.2717589, -1.2647119, -1.2059489, -1.2715424, -1.2721321, -1.2744794, -1.276733, -1.2731049, -1.2253857, -1.2880112, -1.2958752, -1.3128673, -1.2460403, -1.284749, -1.1990686, -1.2579931, -1.2705845, -1.2913585, -1.2849625, -1.2869817, -1.2849438, -1.3139741, -1.2752485, -1.3152957, -1.2185276, -1.2834847, -1.2773221, -1.3210273, -1.3211336, -1.2735173, -1.2493027, -1.2786587, -1.2953175, -1.2624961, -1.2575724, -1.32349, -1.2816014, -1.2522439, -1.2345294, -1.2736832, -1.3068667, -1.271185, -1.2857603, -1.2774177, -1.2844938, -1.2920658, -1.2520284, -1.3205309, -1.3647519, -1.2607843, -1.2964585, -1.2856445, -1.2004353, -1.2742434, -1.2741186, -1.317058, -1.1852458, -1.3127776, -1.2323179, -1.272905, -1.2525589, -1.2523093, -1.277364, -1.1975121, -1.3244384, -1.284504, -1.275237, -1.2763955, -1.291999, -1.2906482, -1.2871746, -1.2","36.8290212, 36.7530976, 36.8959913, 36.9109491, 36.8024294, 36.8266431, 36.7369557, 36.9294375, 36.8093088, 36.8936368, 36.9759005, 36.8237412, 36.9029929, 36.843886, 36.8142488, 36.8480778, 36.8389479, 36.8952592, 36.8478688, 36.8424626, 36.8506309, 36.8307703, 36.8512824, 36.9210154, 36.8620558, 36.86992360000001, 36.889599, 36.87666979999999, 36.9000191, 36.9031977, 36.921258, 36.84557, 36.7339325, 36.987496, 36.8945577, 36.9861242, 36.9012134, 36.910138, 36.823283, 36.9025676, 36.889222, 36.8158265, 36.8974843, 36.8006868, 36.96363580000001, 36.6845007, 36.88855, 36.6984177, 36.8222835, 36.8117362, 36.70831, 36.818184, 36.8674089, 36.9038803, 36.8511881, 36.8969262, 36.8493086, 36.984962, 36.7917285, 36.828068, 36.7946567, 36.70374049999999, 36.9454922, 36.8082989, 36.7995443, 36.8297902, 36.9005796, 36.8435388, 36.844201, 36.8959223, 36.9068067, 36.8295928, 36.8035009, 36.851265, 36.927833, 36.9497128, 36.8760519, 36.9025748, 36.8984997, 36.9002232, 36.8219406, 36.8268934, 36.8458016, 36.9029842, 36.8939",188121
627,Cod Liver,"Scotts, Original","ANGELIC STAR PHARMACEUTICALS, Angello chemists, KARURA CHEMIST II  TILL 8073490, MEDPLEX CHEMIST","-1.2834847, -0.7826363, -1.2196352, -1.4293031","36.889222, 35.3393492, 36.7128582, 36.6872005",16
629,Cod Liver,"Scotts, Orange","ABIJO PHARMACY- WANYEE (Nairobi), ABM PHARMACY (NGARA STAGE) (Nairobi), ABM PHARMACY LIMITED (Nairobi), ABRAPHARMA PHARMACEUTICALS KASARANI (Nairobi), ACCIPITRIDAE CHEMIST (Nairobi), ACCRA PHARMACY LTD - OPPOSITE MLK HOSP (Nairobi), ACCRA-MED CHEMISTS LIMITED (Nairobi), ACESO PHARMACY WELLNESS PHARMACY KASARANI (Nairobi), ADONISI PHARMACEUTICALS (Nairobi), AFRILIFE CHEMIST LTD (BURUBURU) (Nairobi), AFYACARE PHARMA (Nairobi), AGA KHAN HEALTH  SERVICES,KENYA-RUAI (Nairobi), AGA KHAN HEALTH SERVICES,KENYA - HOMA BAY (Nairobi), AGAROSE PHARMACY (Nairobi), AGMART PHARMACEUTICALS-MUHOHO AVENUE (Nairobi), AHWAN PHARMACEUTICALS LIMITED (Nairobi), AHZAAB PHARMACY (Nairobi), AJWA PHARMACEUTICALS LIMITED (Nairobi), AL-AQSA DISPENSING CHEMIST (Nairobi), AL-HARAMAIN PHARMACEUTICAL COMPANY LIMITED (Nairobi), ALIF MEDICAL SERVICES LIMITED (Nairobi), ALISON AGROCHEM CHEMISTS LIMITED (Nairobi), ALKEN PHARMACEUTICAL LTD - B-CENTRE (Nairobi), ALKEN PHARMACEUTICALS-JOGOO RD (Nairobi), ALLAMED PHARMACEUTICALS LIMITED (Nairobi), A","-1.2757621, -1.2848129, -1.2575249, -1.2755888, -1.2832624, -1.2333266, -1.2688065, -1.3089651, -1.2616578, -1.2618776, -1.2831312, -1.323767, -1.2589182, -1.2717589, -1.2647119, -1.2715424, -1.2744794, -1.2731049, -1.2253857, -1.2880112, -1.2958752, -1.3128673, -1.2460403, -1.284749, -1.2172469, -1.1990686, -1.2579931, -1.2705845, -1.2913585, -1.2715203, -1.2849625, -1.2869817, -1.2597254, -1.2849438, -1.2469388, -1.3139741, -1.2752485, -1.3152957, -1.2185276, -1.2834847, -1.2773221, -1.3211336, -1.2735173, -1.2493027, -1.2953175, -1.2575724, -1.32349, -1.2816014, -1.2522439, -1.2345294, -1.2694513, -1.3068667, -1.271185, -1.2857603, -1.3138776, -1.2774177, -1.2844938, -1.2920658, -1.2520284, -1.3205309, -1.3647519, -1.2964585, -1.2856445, -1.2004353, -1.2742434, -1.2741186, -1.317058, -1.1852458, -1.3244384, -1.2323179, -1.272905, -1.2959953, -1.2525589, -1.2523093, -1.277364, -1.1975121, -1.284504, -1.2837102, -1.275237, -1.2763955, -1.2906482, -1.2871746, -1.2846548, -1.2931221, -1.3082142, -1.260093, -1.","36.8290212, 36.7530976, 36.9120257, 36.9109491, 36.8266431, 36.9294375, 36.8093088, 36.8936368, 36.9759005, 36.8237412, 36.9029929, 36.843886, 36.8142488, 36.8480778, 36.8389479, 36.8478688, 36.8506309, 36.8512824, 36.9210154, 36.8620558, 36.86992360000001, 36.889599, 36.87666979999999, 36.9000191, 36.8959913, 36.9031977, 36.921258, 36.84557, 36.7339325, 36.89315819999999, 36.987496, 36.8945577, 36.8268476, 36.9861242, 36.8686616, 36.9012134, 36.910138, 36.823283, 36.9025676, 36.889222, 36.8158265, 36.8006868, 36.96363580000001, 36.6845007, 36.6984177, 36.8117362, 36.70831, 36.818184, 36.8674089, 36.9038803, 36.7998296, 36.8969262, 36.8493086, 36.984962, 36.8951043, 36.7917285, 36.828068, 36.7946567, 36.70374049999999, 36.9454922, 36.7995443, 36.8297902, 36.9005796, 36.8435388, 36.844201, 36.8959223, 36.9068067, 36.8984997, 36.8035009, 36.851265, 36.8082191, 36.927833, 36.9497128, 36.8760519, 36.9025748, 36.9002232, 36.7586288, 36.8219406, 36.8268934, 36.9029842, 36.89397, 36.8572037, 36.7897254, 36.9118572, ",21202
630,Cod Liver,Seven Seas,"Apotek Pharmaceutical, BetahCare Family Health Clinic, Bripamu Medical Stores, KARURA CHEMIST II  TILL 8073490","-1.2885927, -1.3111251, -1.2196352","36.9504001, 36.8939304, 36.7128582",11
632,Cod Liver ,"Seven Seas, Multivitamin","EMIR HEALTH CENTER , MEDPLEX CHEMIST","-1.266125, -1.4293031","36.910522, 36.6872005",11
635,Cold,E - Cold,"Eloc pharmacy , urit medical ","-1.2953742, -1.1009928","36.7455442, 37.0129877",53
636,Cold,Flucold,Apotek Pharmaceutical,-1.2885927,36.9504001,12
638,Cold,Flucoldex,"Eloc pharmacy , MEDPLEX CHEMIST","-1.2953742, -1.4293031","36.7455442, 36.6872005",17
640,Cold,Good Morning,"ABIJO PHARMACY- WANYEE (Nairobi), ABM PHARMACY (NGARA STAGE) (Nairobi), ABM PHARMACY LIMITED (Nairobi), ABRAPHARMA PHARMACEUTICALS KASARANI (Nairobi), ACCIPITRIDAE CHEMIST (Nairobi), ACCRA PHARMACY LTD HAKATI (Nairobi), ACCRA-MED CHEMISTS LIMITED (Nairobi), ACE CARE PHARMACEUTICALS  (Nairobi), ACESO PHARMACY WELLNESS PHARMACY KASARANI (Nairobi), ADONISI PHARMACEUTICALS (Nairobi), AFYACARE PHARMA (Nairobi), AGA KHAN HEALTH SERVICES,KENYA - HOMA BAY (Nairobi), AGAROSE PHARMACY (Nairobi), AGMART PHARMACEUTICALS-MUHOHO AVENUE (Nairobi), AHWAN PHARMACEUTICALS LIMITED (Nairobi), AHZAAB PHARMACY (Nairobi), AJWA PHARMACEUTICALS LIMITED (Nairobi), AKIMA PHARMACY (Nairobi), AL-AQSA DISPENSING CHEMIST (Nairobi), AL-HANAF PHARMACY (Nairobi), AL-HARAMAIN PHARMACEUTICAL COMPANY LIMITED (Nairobi), ALANE PHARMACY LTD (Nairobi), ALIF MEDICAL SERVICES LIMITED (Nairobi), ALISON AGROCHEM CHEMISTS LIMITED (Nairobi), ALKEN PHARMACEUTICAL LTD (Nairobi), ALKEN PHARMACEUTICAL LTD - B-CENTRE (Nairobi), ALKEN PHARMACEUTICALS LTD (Nairo","-1.2757621, -1.2848129, -1.2172469, -1.2575249, -1.3066383, -1.2832624, -1.2829416, -1.2333266, -1.2688065, -1.3089651, -1.2618776, -1.2831312, -1.323767, -1.2589182, -1.2717589, -1.2647119, -1.2059489, -1.2715424, -1.2721321, -1.2744794, -1.276733, -1.2731049, -1.2253857, -1.2880112, -1.2958752, -1.3128673, -1.2460403, -1.284749, -1.1990686, -1.2579931, -1.2705845, -1.2913585, -1.2715203, -1.2849625, -1.2869817, -1.2597254, -1.2849438, -1.2469388, -1.3139741, -1.2752485, -1.3152957, -1.2834847, -1.2773221, -1.3210273, -1.2493027, -1.2786587, -1.2953175, -1.2624961, -1.2575724, -1.2885927, -1.32349, -1.2816014, -1.2345294, -1.2736832, -1.3068667, -1.271185, -1.2857603, -1.3138776, -1.2774177, -1.2844938, -1.2920658, -1.2520284, -1.3205309, -1.2706834, -1.1835554, -1.3647519, -1.2964585, -1.2856445, -1.2004353, -1.2742434, -1.2741186, -1.317058, -1.1852458, -1.3127776, -1.2323179, -1.272905, -1.2959953, -1.2525589, -1.2523093, -1.277364, -1.3244384, -1.284504, -1.2837102, -1.275237, -1.2763955, -1.291999, -1.2","36.8290212, 36.7530976, 36.8959913, 36.9120257, 36.8024294, 36.8266431, 36.7369557, 36.9294375, 36.8093088, 36.8936368, 36.8237412, 36.9029929, 36.843886, 36.8142488, 36.8480778, 36.8389479, 36.8952592, 36.8478688, 36.8424626, 36.8506309, 36.8307703, 36.8512824, 36.9210154, 36.8620558, 36.86992360000001, 36.889599, 36.87666979999999, 36.9000191, 36.9031977, 36.921258, 36.84557, 36.7339325, 36.987496, 36.8945577, 36.8268476, 36.9861242, 36.8686616, 36.9012134, 36.910138, 36.823283, 36.889222, 36.8158265, 36.8974843, 36.6845007, 36.88855, 36.6984177, 36.8222835, 36.8117362, 36.9504001, 36.70831, 36.818184, 36.9038803, 36.8511881, 36.8969262, 36.8493086, 36.984962, 36.8951043, 36.7917285, 36.828068, 36.8219462, 36.7946567, 36.70374049999999, 36.8466657, 36.9005074, 36.9454922, 36.7995443, 36.8297902, 36.9005796, 36.8435388, 36.844201, 36.8959223, 36.9068067, 36.8295928, 36.8035009, 36.851265, 36.8082191, 36.927833, 36.9497128, 36.8760519, 36.8984997, 36.9002232, 36.7586288, 36.8219406, 36.8268934, 36.8458016, 36",244743
641,Cold,Homagon,"ANGELIC STAR PHARMACEUTICALS, BetahCare Family Health Clinic, Eloc pharmacy , EMIR HEALTH CENTER ","-1.2834847, -1.2953742, -1.266125","36.889222, 36.7455442, 36.910522",113
642,Cold,Flucoldex,"ANGELLIC STAR PHARMACY , Apotek Pharmaceutical, BetahCare Family Health Clinic, Disanjo Chemist , Eloc pharmacy , MEDPLEX CHEMIST","-1.2844625, -1.2885927, -1.2650867, -1.2953742, -1.4293031","36.885289, 36.9504001, 36.8826178, 36.7455442, 36.6872005",462
643,Cold,Coldcap,"ANGELIC STAR PHARMACEUTICALS, B-sons pharmacy, BetahCare Family Health Clinic, Bripamu Medical Stores, Crowmed pharmaceuticals , EMIR HEALTH CENTER , Falcon medical clinic , KARURA CHEMIST II  TILL 8073490, Perta Chemist, urit medical ","-1.2834847, -1.2673667, -1.3111251, -1.3621855, -1.266125, -1.2196352, -1.1079318, -1.1009928","36.889222, 36.7509204, 36.8939304, 36.6555867, 36.910522, 36.7128582, 37.016326, 37.0129877",496
644,Cold,Flu Gone,B-sons pharmacy,-1.2673667,36.7509204,4
646,Condom,Salama,CARDINAL CHEMIST,-1.3958137,36.7638655,3
648,Condom,"Durex, Performa","ABM PHARMACY (NGARA STAGE) (Nairobi), ABM PHARMACY LIMITED (Nairobi), ABRAPHARMA PHARMACEUTICALS KASARANI (Nairobi), ACCIPITRIDAE CHEMIST (Nairobi), ACCRA PHARMACY LTD HAKATI (Nairobi), ACCRA-MED CHEMISTS LIMITED (Nairobi), ACE CARE PHARMACEUTICALS  (Nairobi), ACESO PHARMACY WELLNESS PHARMACY KASARANI (Nairobi), ADONISI PHARMACEUTICALS (Nairobi), AFRILIFE CHEMIST LTD (BURUBURU) (Nairobi), AFYACARE PHARMA (Nairobi), AGA KHAN HEALTH  SERVICES,KENYA-RUAI (Nairobi), AGA KHAN HEALTH SERVICES,KENYA - HOMA BAY (Nairobi), AGAROSE PHARMACY (Nairobi), AGMART PHARMACEUTICALS-MUHOHO AVENUE (Nairobi), AHWAN PHARMACEUTICALS LIMITED (Nairobi), AHZAAB PHARMACY (Nairobi), AJWA PHARMACEUTICALS LIMITED (Nairobi), AKIMA PHARMACY (Nairobi), AL-AQSA DISPENSING CHEMIST (Nairobi), AL-HARAMAIN PHARMACEUTICAL COMPANY LIMITED (Nairobi), ALANE PHARMACY LTD (Nairobi), ALIF MEDICAL SERVICES LIMITED (Nairobi), ALISON AGROCHEM CHEMISTS LIMITED (Nairobi), ALKEN PHARMACEUTICAL LTD (Nairobi), ALKEN PHARMACEUTICAL LTD - B-CENTRE (Nairobi), ALKE","-1.2757621, -1.2848129, -1.2575249, -1.3066383, -1.2832624, -1.2829416, -1.2333266, -1.2688065, -1.3089651, -1.2616578, -1.2618776, -1.2831312, -1.323767, -1.2589182, -1.2717589, -1.2647119, -1.2059489, -1.2715424, -1.2744794, -1.276733, -1.2731049, -1.2253857, -1.2880112, -1.2958752, -1.3128673, -1.284749, -1.2172469, -1.1990686, -1.2579931, -1.2705845, -1.2913585, -1.2715203, -1.2849625, -1.2869817, -1.2849438, -1.2469388, -1.3139741, -1.2752485, -1.3152957, -1.2185276, -1.2834847, -1.2773221, -1.3210273, -1.3211336, -1.2735173, -1.2493027, -1.2786587, -1.2953175, -1.2575724, -1.32349, -1.2816014, -1.2345294, -1.2736832, -1.2694513, -1.3068667, -1.3590694, -1.271185, -1.2857603, -1.3138776, -1.2774177, -1.2844938, -1.2920658, -1.2520284, -1.3205309, -1.1835554, -1.2774587, -1.3647519, -1.2964585, -1.2856445, -1.2004353, -1.2742434, -1.2741186, -1.317058, -1.1852458, -1.3127776, -1.2323179, -1.272905, -1.2959953, -1.2525589, -1.2523093, -1.277364, -1.1975121, -1.3244384, -1.275237, -1.2763955, -1.291999, -1.","36.8290212, 36.7530976, 36.9120257, 36.8024294, 36.8266431, 36.7369557, 36.9294375, 36.8093088, 36.8936368, 36.9759005, 36.8237412, 36.9029929, 36.843886, 36.8142488, 36.8480778, 36.8389479, 36.8952592, 36.8478688, 36.8506309, 36.8307703, 36.8512824, 36.9210154, 36.8620558, 36.86992360000001, 36.889599, 36.9000191, 36.8959913, 36.9031977, 36.921258, 36.84557, 36.7339325, 36.89315819999999, 36.987496, 36.8945577, 36.9861242, 36.8686616, 36.9012134, 36.910138, 36.823283, 36.9025676, 36.889222, 36.8158265, 36.8974843, 36.8006868, 36.96363580000001, 36.6845007, 36.88855, 36.6984177, 36.8117362, 36.70831, 36.818184, 36.9038803, 36.8511881, 36.7998296, 36.8969262, 36.7468779, 36.8493086, 36.984962, 36.8951043, 36.7917285, 36.828068, 36.8219462, 36.7946567, 36.70374049999999, 36.9005074, 36.85141, 36.9454922, 36.7995443, 36.8297902, 36.9005796, 36.8435388, 36.844201, 36.8959223, 36.9068067, 36.8295928, 36.8035009, 36.851265, 36.8082191, 36.927833, 36.9497128, 36.8760519, 36.9025748, 36.8984997, 36.8219406, 36.826893",10153
651,Condom,Deluxe,"Bripamu Medical Stores, CARDINAL CHEMIST","-1.3111251, -1.3958137","36.8939304, 36.7638655",3
652,Condom,"Kiss, Chocolate Dotted","Jubilee-Care Chemist, MEDPLEX CHEMIST, Neighborcare chemist , Romac Pharmacy ","-1.1003338, -1.4293031, -1.2869045, -1.2706834","37.0129017, 36.6872005, 36.8897774, 36.8466657",112
653,Condom,"Trust, Classic ","ANGELIC STAR PHARMACEUTICALS, B-sons pharmacy, BetahCare Family Health Clinic, CHARLIK PHARMACY, Eloc pharmacy , EMIR HEALTH CENTER , Halleluyah chemist , MEDIBLEND , MEDPLEX CHEMIST, Minimall pharmacy , Perta Chemist, urit medical ","-1.2834847, -1.2673667, -1.215894, -1.2953742, -1.266125, -1.2698582, -1.282731, -1.4293031, -1.2075997, -1.1079318, -1.1009928","36.889222, 36.7509204, 36.88669160000001, 36.7455442, 36.910522, 36.8990098, 36.7848689, 36.6872005, 36.9289285, 37.016326, 37.0129877",225
654,Condom,Trust Ribbed,"BetahCare Family Health Clinic, Jubilee-Care Chemist, MEDPLEX CHEMIST","-1.1003338, -1.4293031","37.0129017, 36.6872005",13
655,Condom,"Trust, Studded","ANGELIC STAR PHARMACEUTICALS, Apotek Pharmaceutical, BetahCare Family Health Clinic, Bonaim pharmacy , CARDINAL CHEMIST, Disanjo Chemist , Eloc pharmacy , EMIR HEALTH CENTER , Jubilee-Care Chemist, KARURA CHEMIST II  TILL 8073490, MEDIBLEND , MEDPLEX CHEMIST, Nas Chemist","-1.2834847, -1.2885927, -1.2062072, -1.3958137, -1.2650867, -1.2953742, -1.266125, -1.1003338, -1.2196352, -1.282731, -1.4293031, 0.5206237","36.889222, 36.9504001, 36.89570200000001, 36.7638655, 36.8826178, 36.7455442, 36.910522, 37.0129017, 36.7128582, 36.7848689, 36.6872005, 35.2762755",189
656,Condom,Leo,Eloc pharmacy ,-1.2953742,36.7455442,2
658,Consultation Fee - New Visit,5 Years and Above,Falcon medical clinic ,,,13
660,Corn Caps,Corn Caps Carnation,MEDIBLEND ,-1.282731,36.7848689,1
661,Cotrimoxazole,Cotrimoxazole,"Apotek Pharmaceutical, Disanjo Chemist ","-1.2885927, -1.2650867","36.9504001, 36.8826178",5
662,Cotrimoxazole 50 mls,Biotrim 50 mls,"Eloc pharmacy , EMIR HEALTH CENTER , Falcon medical clinic , Genevision pharmacy, SIDAI CHEMIST, urit medical ","-1.2953742, -1.266125, -1.4532496, -1.4779526, -1.1009928","36.7455442, 36.910522, 36.971792, 36.9577694, 37.0129877",33
663,Cotton Wool,Generic,"BetahCare Family Health Clinic, CARDINAL CHEMIST, KARURA CHEMIST II  TILL 8073490, Romac Pharmacy ","-1.3958137, -1.2196352, -1.2706834","36.7638655, 36.7128582, 36.8466657",73
665,Cotton Wool,Generic,"BetahCare Family Health Clinic, KARURA CHEMIST II  TILL 8073490",-1.2196352,36.7128582,3
666,Cotton Wool,Generic,Crowmed pharmaceuticals ,-1.3621855,36.6555867,1
667,Cough Expectorant,Tridacof Expectorant,Mercilin Afya services ,-1.3921923,36.9407301,1
672,Cough Expectorant,Imacoff,"MEDIBLEND , MEDPLEX CHEMIST","-1.282731, -1.4293031","36.7848689, 36.6872005",5
673,Cough Expectorant,Ascoff Mucolytic Expectorant Bronchodilator,"Jubilee-Care Chemist, Romac Pharmacy ","-1.1003338, -1.2706834","37.0129017, 36.8466657",103
675,Cough Mixture,Menthodex,EMIR HEALTH CENTER ,-1.266125,36.910522,1
677,Cough Syrup,Carydex For Dry Cough,"ANGELIC STAR PHARMACEUTICALS, Eloc pharmacy ","-1.2834847, -1.2953742","36.889222, 36.7455442",2
684,Cough Syrup,Lunahist,PIO Pharmacy ,-1.2728879,36.744336,1
685,Cough Syrup,Nicof,"MEDPLEX CHEMIST, Sanjon","-1.4293031, -0.7808666999999999","36.6872005, 35.3419008",50
686,Cough Syrup,Lunahist,B-sons pharmacy,-1.2673667,36.7509204,1
687,Cough Syrup,Acticoff Chesty,Nas Chemist,0.5206237,35.2762755,1
689,Cough Syrup,"Coscof, Expectorant","KARURA CHEMIST II  TILL 8073490, SIDAI CHEMIST","-1.2196352, -1.4779526","36.7128582, 36.9577694",4
690,Cough Syrup,"Trimex, Mucolytic","ANGELIC STAR PHARMACEUTICALS, Apotek Pharmaceutical","-1.2834847, -1.2885927","36.889222, 36.9504001",6
691,Cough Syrup,Tuspel,Gitrose Pharmacy,-1.2552408,36.6943718,2732879
692,Cough Syrup,Zedex,MEDPLEX CHEMIST,-1.4293031,36.6872005,1
694,Cough Syrup,"Benylin, 4 Flu",KARURA CHEMIST II  TILL 8073490,-1.2196352,36.7128582,1
695,Cough Syrup,"Coscof, Expectorant",KARURA CHEMIST II  TILL 8073490,-1.2196352,36.7128582,1
696,Cough Syrup,Tricoff Green,"BetahCare Family Health Clinic, CALMAK CHEMIST , MEDPLEX CHEMIST, Nas Chemist, SABED PHARMACY , SIDAI CHEMIST, urit medical , Wellright chemist","-1.053931, -1.4293031, 0.5206237, -1.2573158, -1.4779526, -1.1009928, -1.2205128","38.3631399, 36.6872005, 35.2762755, 36.9162208, 36.9577694, 37.0129877, 36.7125344",33
697,Cough Syrup,"Delased, Dry Non Drowsy","Jubilee-Care Chemist, KARURA CHEMIST II  TILL 8073490","-1.1003338, -1.2196352","37.0129017, 36.7128582",3
698,Cough Syrup,Solvin Plus,"KARURA CHEMIST II  TILL 8073490, SIDAI CHEMIST","-1.2196352, -1.4779526","36.7128582, 36.9577694",2
700,Cough Syrup,"Zecuf, Herbal",MEDPLEX CHEMIST,-1.4293031,36.6872005,3
701,Cough Syrup,"Benylin, Paediatric","Eloc pharmacy , KARURA CHEMIST II  TILL 8073490, MEDPLEX CHEMIST, Sawalink pharmacy ","-1.2953742, -1.2196352, -1.4293031, -1.3018248","36.7455442, 36.7128582, 36.6872005, 36.8901475",7
702,Cough Syrup,Cofta,"Jufan Pharmacy, MEDPLEX CHEMIST, Nas Chemist","-1.1650403, -1.4293031, 0.5206237","36.9696471, 36.6872005, 35.2762755",13
704,Cough Syrup,"Delased, Dry","AL-AMIN CHEMIST, MEDIBLEND , MEDPLEX CHEMIST","-1.3484893, -1.282731, -1.4293031","36.661076, 36.7848689, 36.6872005",8
705,Cough Syrup,"Benylin, Chesty",Romac Pharmacy ,-1.2706834,36.8466657,76
707,Cough Syrup,Tuspel Plus,MEDPLEX CHEMIST,-1.4293031,36.6872005,2
710,Cough Syrup,Cadiphen,"benkay, SIDAI CHEMIST","0.7899406, -1.4779526","34.8844867, 36.9577694",2
712,Cough Syrup,"Upacof, Dry","EMIR HEALTH CENTER , MEDIBLEND , memah bestcare pharmacy, Perta Chemist","-1.266125, -1.282731, -0.3076936, -1.1079318","36.910522, 36.7848689, 38.2196697, 37.016326",9
713,Cough Syrup,Trihistamin,"BetahCare Family Health Clinic, LakeSide Chemist , Update chemists","-1.3157648, -1.4522902","36.7837175, 36.974174",3
714,Cough Syrup,Imacoff Dry,"KEGAKA PHARMACY, MEDPLEX CHEMIST","-1.0133967, -1.4293031","36.9058388, 36.6872005",12
715,Cough Syrup,Tuspel Plus,"ABIJO PHARMACY- WANYEE (Nairobi), ABM PHARMACY (NGARA STAGE) (Nairobi), ABM PHARMACY LIMITED (Nairobi), ABRAPHARMA PHARMACEUTICALS KASARANI (Nairobi), ACCIPITRIDAE CHEMIST (Nairobi), ACCRA PHARMACY LTD - OPPOSITE MLK HOSP (Nairobi), ACCRA PHARMACY LTD HAKATI (Nairobi), ACCRA-MED CHEMISTS LIMITED (Nairobi), ACE CARE PHARMACEUTICALS  (Nairobi), ADONISI PHARMACEUTICALS (Nairobi), AFRILIFE CHEMIST LTD (BURUBURU) (Nairobi), AFYACARE PHARMA (Nairobi), AGA KHAN HEALTH SERVICES,KENYA - HOMA BAY (Nairobi), AGAROSE PHARMACY (Nairobi), AGMART PHARMACEUTICALS-MUHOHO AVENUE (Nairobi), AHWAN PHARMACEUTICALS LIMITED (Nairobi), AJWA PHARMACEUTICALS LIMITED (Nairobi), AKIMA PHARMACY (Nairobi), AL-AQSA DISPENSING CHEMIST (Nairobi), AL-HANAF PHARMACY (Nairobi), AL-HARAMAIN PHARMACEUTICAL COMPANY LIMITED (Nairobi), ALANE PHARMACY LTD (Nairobi), ALIF MEDICAL SERVICES LIMITED (Nairobi), ALISON AGROCHEM CHEMISTS LIMITED (Nairobi), ALKEN PHARMACEUTICAL LTD (Nairobi), ALKEN PHARMACEUTICAL LTD - B-CENTRE (Nairobi), ALKEN PHARMACEUTICA","-1.2953742, -1.2757621, -1.2848129, -1.2172469, -1.2575249, -1.2755888, -1.3066383, -1.2832624, -1.2829416, -1.2688065, -1.3089651, -1.2618776, -1.2831312, -1.323767, -1.2589182, -1.2647119, -1.2059489, -1.2715424, -1.2721321, -1.2744794, -1.276733, -1.2731049, -1.2253857, -1.2880112, -1.2958752, -1.3128673, -1.284749, -1.1990686, -1.2579931, -1.2705845, -1.2913585, -1.2715203, -1.2849625, -1.2869817, -1.2849438, -1.2469388, -1.3139741, -1.3152957, -1.2185276, -1.2834847, -1.2773221, -1.3210273, -1.3211336, -1.2735173, -1.2493027, -1.2786587, -1.2953175, -1.2624961, -1.2575724, -1.32349, -1.2816014, -1.2345294, -1.2736832, -1.2694513, -1.3590694, -1.271185, -1.3138776, -1.2774177, -1.2844938, -1.2920658, -1.2520284, -1.3205309, -1.1835554, -1.2774587, -1.3647519, -1.2964585, -1.2004353, -1.2742434, -1.2741186, -1.317058, -1.1852458, -1.3127776, -1.2323179, -1.272905, -1.2959953, -1.2525589, -1.2523093, -1.277364, -1.3244384, -1.284504, -1.2837102, -1.275237, -1.2763955, -1.291999, -1.2906482, -1.2931221, -1.2","36.7455442, 36.8290212, 36.7530976, 36.8959913, 36.9120257, 36.9109491, 36.8024294, 36.8266431, 36.7369557, 36.8093088, 36.8936368, 36.8237412, 36.9029929, 36.843886, 36.8142488, 36.8389479, 36.8952592, 36.8478688, 36.8424626, 36.8506309, 36.8307703, 36.8512824, 36.9210154, 36.8620558, 36.86992360000001, 36.889599, 36.9000191, 36.9031977, 36.921258, 36.84557, 36.7339325, 36.987496, 36.8945577, 36.9861242, 36.8686616, 36.9012134, 36.823283, 36.9025676, 36.889222, 36.8158265, 36.8974843, 36.8006868, 36.96363580000001, 36.6845007, 36.88855, 36.6984177, 36.8222835, 36.8117362, 36.70831, 36.818184, 36.9038803, 36.8511881, 36.7998296, 36.7468779, 36.8493086, 36.8951043, 36.7917285, 36.828068, 36.7946567, 36.70374049999999, 36.9005074, 36.85141, 36.9454922, 36.7995443, 36.9005796, 36.8435388, 36.844201, 36.8959223, 36.9068067, 36.8295928, 36.8035009, 36.851265, 36.8082191, 36.927833, 36.9497128, 36.8760519, 36.8984997, 36.9002232, 36.7586288, 36.8219406, 36.8268934, 36.8458016, 36.9029842, 36.7897254, 36.8026754, 36",125182
716,Cough Syrup,Tricohist,"BetahCare Family Health Clinic, EMIR HEALTH CENTER , Falcon medical clinic , Lifemed 3ds mlolongo , Maxima pharmaceuticals , MEDIBLEND , Nas Chemist, Perta Chemist, SIDAI CHEMIST, trophychem","-1.266125, -1.3940237, -1.2891915, -1.282731, 0.5206237, -1.1079318, -1.4779526, -1.261017","36.910522, 36.9390723, 36.7535798, 36.7848689, 35.2762755, 37.016326, 36.9577694, 36.802003",15
717,Cough Syrup,Tricoff Green,"ANGELIC STAR PHARMACEUTICALS, CARDINAL CHEMIST, Disanjo Chemist , EMIR HEALTH CENTER , MEDPLEX CHEMIST","-1.2834847, -1.3958137, -1.2650867, -1.266125, -1.4293031","36.889222, 36.7638655, 36.8826178, 36.910522, 36.6872005",26
718,Cough Syrup,"Benylin, Original",MEDPLEX CHEMIST,-1.4293031,36.6872005,1
719,Cough Syrup,Flugone P+,"EMIR HEALTH CENTER , KARURA CHEMIST II  TILL 8073490, MEDIBLEND , SIDAI CHEMIST","-1.266125, -1.2196352, -1.282731, -1.4779526","36.910522, 36.7128582, 36.7848689, 36.9577694",7
721,Cough Syrup,Bro - Zedex,"EMIR HEALTH CENTER , Nas Chemist","-1.266125, 0.5206237","36.910522, 35.2762755",2
722,Cough Syrup,"Trimex, Diabetic","KARURA CHEMIST II  TILL 8073490, MEDPLEX CHEMIST","-1.2196352, -1.4293031","36.7128582, 36.6872005",3
723,Cough Syrup,Tuspress,"KARURA CHEMIST II  TILL 8073490, MEDPLEX CHEMIST","-1.2196352, -1.4293031","36.7128582, 36.6872005",3
724,Cough Syrup,Chestcof,"B-sons pharmacy, EMIR HEALTH CENTER , Jubilee-Care Chemist, MEDPLEX CHEMIST","-1.2673667, -1.266125, -1.1003338, -1.4293031","36.7509204, 36.910522, 37.0129017, 36.6872005",6
725,Cough Syrup,Imacoff Paediatric,"B-sons pharmacy, MEDPLEX CHEMIST","-1.2673667, -1.4293031","36.7509204, 36.6872005",7
726,Cough Syrup,"Delased, Chesty","Eloc pharmacy , MEDPLEX CHEMIST","-1.2953742, -1.4293031","36.7455442, 36.6872005",6
727,Cough Syrup,Flugone Expectorant,KARURA CHEMIST II  TILL 8073490,-1.2196352,36.7128582,1
728,Cough Syrup,Tuspress,ANGELIC STAR PHARMACEUTICALS,-1.2834847,36.889222,2
729,Cough Syrup,"Dacof, Mucolytic","Mercilin Afya services , SIDAI CHEMIST","-1.3921923, -1.4779526","36.9407301, 36.9577694",2
730,Cough Syrup,"Trimex, Paediatric","ANGELIC STAR PHARMACEUTICALS, Apotek Pharmaceutical, B-sons pharmacy, EMIR HEALTH CENTER , MEDPLEX CHEMIST","-1.2834847, -1.2885927, -1.2673667, -1.266125, -1.4293031","36.889222, 36.9504001, 36.7509204, 36.910522, 36.6872005",11
731,Cough Syrup,"Benylin, Dry","KARURA CHEMIST II  TILL 8073490, MEDPLEX CHEMIST","-1.2196352, -1.4293031","36.7128582, 36.6872005",3
732,Cough Syrup,Coldcap,KARURA CHEMIST II  TILL 8073490,-1.2196352,36.7128582,1
733,Cough Syrup,Good Morning,"Apotek Pharmaceutical, B-sons pharmacy, Crowmed pharmaceuticals , EMIR HEALTH CENTER , MEDPLEX CHEMIST, SIDAI CHEMIST, Sportpharm chemist","-1.2885927, -1.2673667, -1.3621855, -1.266125, -1.4293031, -1.4779526, -1.2937908","36.9504001, 36.7509204, 36.6555867, 36.910522, 36.6872005, 36.9577694, 36.8797927",143
735,Cough Syrup,Flugone Dm,"ANGELLIC STAR PHARMACY , Apotek Pharmaceutical, KARURA CHEMIST II  TILL 8073490","-1.2844625, -1.2885927, -1.2196352","36.885289, 36.9504001, 36.7128582",6
737,Cough Syrup,Trihistamin,"BetahCare Family Health Clinic, Nas Chemist",0.5206237,35.2762755,2
738,Cough Syrup,Nicof,"ANGELLIC STAR PHARMACY , CARDINAL CHEMIST","-1.2844625, -1.3958137","36.885289, 36.7638655",2
739,Cough Syrup,Glykof,"Eloc pharmacy , Jannice  chemist , KEGAKA PHARMACY","-1.2953742, -1.2864807, -1.0133967","36.7455442, 36.8229751, 36.9058388",4
740,Cough Syrup,Herbigor HTC,"Disanjo Chemist , KARURA CHEMIST II  TILL 8073490, MEDPLEX CHEMIST, Tikotiko Chemist ","-1.2650867, -1.2196352, -1.4293031, -1.3080828","36.8826178, 36.7128582, 36.6872005, 36.7819929",10
741,Cough Syrup,Flugone P +,"ABIJO PHARMACY- WANYEE (Nairobi), ABM PHARMACY (NGARA STAGE) (Nairobi), ABM PHARMACY LIMITED (Nairobi), ABRAPHARMA PHARMACEUTICALS KASARANI (Nairobi), ACCIPITRIDAE CHEMIST (Nairobi), ACCRA PHARMACY LTD - OPPOSITE MLK HOSP (Nairobi), ACCRA PHARMACY LTD HAKATI (Nairobi), ACE CARE PHARMACEUTICALS  (Nairobi), ACESO PHARMACY WELLNESS PHARMACY KASARANI (Nairobi), ADONISI PHARMACEUTICALS (Nairobi), AFRILIFE CHEMIST LTD (BURUBURU) (Nairobi), AFYACARE PHARMA (Nairobi), AGA KHAN HEALTH  SERVICES,KENYA-RUAI (Nairobi), AGA KHAN HEALTH SERVICES,KENYA - HOMA BAY (Nairobi), AGAROSE PHARMACY (Nairobi), AHWAN PHARMACEUTICALS LIMITED (Nairobi), AHZAAB PHARMACY (Nairobi), AJWA PHARMACEUTICALS LIMITED (Nairobi), AKIMA PHARMACY (Nairobi), AL-AQSA DISPENSING CHEMIST (Nairobi), AL-HANAF PHARMACY (Nairobi), AL-HARAMAIN PHARMACEUTICAL COMPANY LIMITED (Nairobi), ALANE PHARMACY LTD (Nairobi), ALIF MEDICAL SERVICES LIMITED (Nairobi), ALISON AGROCHEM CHEMISTS LIMITED (Nairobi), ALKEN PHARMACEUTICAL LTD (Nairobi), ALKEN PHARMACEUTICAL LTD","-1.2757621, -1.2848129, -1.2575249, -1.2755888, -1.3066383, -1.2829416, -1.2333266, -1.2688065, -1.3089651, -1.2616578, -1.2618776, -1.2831312, -1.2589182, -1.2717589, -1.2647119, -1.2059489, -1.2715424, -1.2721321, -1.2744794, -1.276733, -1.2731049, -1.2253857, -1.2880112, -1.2958752, -1.3128673, -1.2460403, -1.284749, -1.2172469, -1.1990686, -1.2579931, -1.2705845, -1.2913585, -1.2715203, -1.2849625, -1.2869817, -1.2469388, -1.3139741, -1.2752485, -1.3152957, -1.2185276, -1.2834847, -1.2844625, -1.2773221, -1.3210273, -1.2493027, -1.2786587, -1.2624961, -1.2575724, -1.2885927, -1.2816014, -1.2345294, -1.2694513, -1.3068667, -1.3590694, -1.271185, -1.2857603, -1.3138776, -1.2774177, -1.2844938, -1.2920658, -1.2520284, -1.2706834, -1.1835554, -1.2774587, -1.3647519, -1.2607843, -1.2964585, -1.2004353, -1.2742434, -1.2741186, -1.317058, -1.1852458, -1.3244384, -1.3127776, -1.272905, -1.2959953, -1.2525589, -1.2523093, -1.277364, -1.1975121, -1.2837102, -1.275237, -1.2763955, -1.291999, -1.2906482, -1.2871746, ","36.8290212, 36.7530976, 36.9120257, 36.9109491, 36.8024294, 36.7369557, 36.9294375, 36.8093088, 36.8936368, 36.9759005, 36.8237412, 36.9029929, 36.8142488, 36.8480778, 36.8389479, 36.8952592, 36.8478688, 36.8424626, 36.8506309, 36.8307703, 36.8512824, 36.9210154, 36.8620558, 36.86992360000001, 36.889599, 36.87666979999999, 36.9000191, 36.8959913, 36.9031977, 36.921258, 36.84557, 36.7339325, 36.89315819999999, 36.987496, 36.8945577, 36.8686616, 36.9012134, 36.910138, 36.823283, 36.9025676, 36.889222, 36.885289, 36.8158265, 36.8974843, 36.6845007, 36.88855, 36.8222835, 36.8117362, 36.9504001, 36.818184, 36.9038803, 36.7998296, 36.8969262, 36.7468779, 36.8493086, 36.984962, 36.8951043, 36.7917285, 36.828068, 36.7946567, 36.8466657, 36.9005074, 36.85141, 36.9454922, 36.8082989, 36.7995443, 36.9005796, 36.8435388, 36.844201, 36.8959223, 36.9068067, 36.8984997, 36.8295928, 36.851265, 36.8082191, 36.927833, 36.9497128, 36.8760519, 36.9025748, 36.7586288, 36.8219406, 36.8268934, 36.8458016, 36.9029842, 36.89397, 36.8",1230
742,Cough Syrup,Brozelin,"ANGELIC STAR PHARMACEUTICALS, ANGELLIC STAR PHARMACY , EMIR HEALTH CENTER , Goblet Enterprise, KARURA CHEMIST II  TILL 8073490, MEDPLEX CHEMIST","-1.2834847, -1.2844625, -1.266125, -1.454577, -1.2196352, -1.4293031","36.889222, 36.885289, 36.910522, 36.9882026, 36.7128582, 36.6872005",16
745,Cough Syrup,"Trimex, Paediatric","Apotek Pharmaceutical, SIDAI CHEMIST","-1.2885927, -1.4779526","36.9504001, 36.9577694",11
746,Cough Syrup,Zefcolin,"Bripamu Medical Stores, Eloc pharmacy , KARURA CHEMIST II  TILL 8073490","-1.3111251, -1.2953742, -1.2196352","36.8939304, 36.7455442, 36.7128582",5
748,Cough Syrup,Tricohist,"Apotek Pharmaceutical, BetahCare Family Health Clinic, EMIR HEALTH CENTER , MEDIBLEND , Nas Chemist","-1.2885927, -1.266125, -1.282731, 0.5206237","36.9504001, 36.910522, 36.7848689, 35.2762755",10
749,Cough Syrup,Flugone Dm,"Apotek Pharmaceutical, EMIR HEALTH CENTER , Nas Chemist","-1.2885927, -1.266125, 0.5206237","36.9504001, 36.910522, 35.2762755",20
750,Cough Syrup,"Dacof, Paediatric","MEDIBLEND , MEDPLEX CHEMIST, SIDAI CHEMIST","-1.282731, -1.4293031, -1.4779526","36.7848689, 36.6872005, 36.9577694",3
751,Cough Syrup,"Piriton, Original","ABIJO PHARMACY- WANYEE (Nairobi), ABM PHARMACY LIMITED (Nairobi), ABRAPHARMA PHARMACEUTICALS KASARANI (Nairobi), ACCIPITRIDAE CHEMIST (Nairobi), ACCRA PHARMACY LTD - OPPOSITE MLK HOSP (Nairobi), ACCRA PHARMACY LTD HAKATI (Nairobi), ACE CARE PHARMACEUTICALS  (Nairobi), ADONISI PHARMACEUTICALS (Nairobi), AFRILIFE CHEMIST LTD (BURUBURU) (Nairobi), AGA KHAN HEALTH  SERVICES,KENYA-RUAI (Nairobi), AGA KHAN HEALTH SERVICES,KENYA - HOMA BAY (Nairobi), AGAROSE PHARMACY (Nairobi), AGMART PHARMACEUTICALS-MUHOHO AVENUE (Nairobi), AHWAN PHARMACEUTICALS LIMITED (Nairobi), AHZAAB PHARMACY (Nairobi), AJWA PHARMACEUTICALS LIMITED (Nairobi), AKIMA PHARMACY (Nairobi), AL-AQSA DISPENSING CHEMIST (Nairobi), AL-HARAMAIN PHARMACEUTICAL COMPANY LIMITED (Nairobi), ALANE PHARMACY LTD (Nairobi), ALIF MEDICAL SERVICES LIMITED (Nairobi), ALISON AGROCHEM CHEMISTS LIMITED (Nairobi), ALKEN PHARMACEUTICAL LTD (Nairobi), ALKEN PHARMACEUTICAL LTD - B-CENTRE (Nairobi), ALKEN PHARMACEUTICALS LTD (Nairobi), ALKEN PHARMACEUTICALS-JOGOO RD (Nairobi","-1.2953742, -1.2848129, -1.2172469, -1.2575249, -1.2755888, -1.3066383, -1.2829416, -1.2688065, -1.2616578, -1.2618776, -1.2831312, -1.323767, -1.2589182, -1.2717589, -1.2647119, -1.2059489, -1.2715424, -1.2744794, -1.276733, -1.2731049, -1.2253857, -1.2880112, -1.2958752, -1.3128673, -1.2460403, -1.1990686, -1.2579931, -1.2705845, -1.2913585, -1.2849625, -1.2869817, -1.2469388, -1.3139741, -1.2752485, -1.3152957, -1.2185276, -1.2834847, -1.2773221, -1.3210273, -1.3211336, -1.2735173, -1.2493027, -1.2786587, -1.2953175, -1.2624961, -1.2575724, -1.32349, -1.2816014, -1.2736832, -1.3068667, -1.3590694, -1.271185, -1.2857603, -1.3138776, -1.2774177, -1.2844938, -1.2920658, -1.2520284, -1.1835554, -1.2774587, -1.3647519, -1.2964585, -1.2856445, -1.2004353, -1.2742434, -1.2741186, -1.1852458, -1.3127776, -1.2323179, -1.272905, -1.2959953, -1.2525589, -1.1975121, -1.3244384, -1.2837102, -1.275237, -1.2763955, -1.291999, -1.2906482, -1.2871746, -1.2931221, -1.260093, -1.2868487, -1.2710617, -1.2569541, -1.2803592, -","36.7455442, 36.7530976, 36.8959913, 36.9120257, 36.9109491, 36.8024294, 36.7369557, 36.8093088, 36.9759005, 36.8237412, 36.9029929, 36.843886, 36.8142488, 36.8480778, 36.8389479, 36.8952592, 36.8478688, 36.8506309, 36.8307703, 36.8512824, 36.9210154, 36.8620558, 36.86992360000001, 36.889599, 36.87666979999999, 36.9031977, 36.921258, 36.84557, 36.7339325, 36.987496, 36.8945577, 36.8686616, 36.9012134, 36.910138, 36.823283, 36.9025676, 36.889222, 36.8158265, 36.8974843, 36.8006868, 36.96363580000001, 36.6845007, 36.88855, 36.6984177, 36.8222835, 36.8117362, 36.70831, 36.818184, 36.8511881, 36.8969262, 36.7468779, 36.8493086, 36.984962, 36.8951043, 36.7917285, 36.828068, 36.8219462, 36.7946567, 36.9005074, 36.85141, 36.9454922, 36.7995443, 36.8297902, 36.9005796, 36.8435388, 36.844201, 36.9068067, 36.8295928, 36.8035009, 36.851265, 36.8082191, 36.927833, 36.9025748, 36.8984997, 36.7586288, 36.8219406, 36.8268934, 36.8458016, 36.9029842, 36.89397, 36.7897254, 36.8026754, 36.862608, 36.8325956, 36.9215126, 36.8221",933587
752,Cough Syrup,Tridex,"BetahCare Family Health Clinic, Eloc pharmacy , KARURA CHEMIST II  TILL 8073490, Nas Chemist, SIDAI CHEMIST","-1.2953742, -1.2196352, 0.5206237, -1.4779526","36.7455442, 36.7128582, 35.2762755, 36.9577694",6
753,Cough Syrup,Tridex,"Eloc pharmacy , EMIR HEALTH CENTER , Nas Chemist","-1.2953742, -1.266125, 0.5206237","36.7455442, 36.910522, 35.2762755",4
754,Cough Syrup,Cadistin,Nas Chemist,0.5206237,35.2762755,2
755,Cough Syrup ,"Coscof, C-Linctus","BetahCare Family Health Clinic, Jubilee-Care Chemist, MEDPLEX CHEMIST","-1.1003338, -1.4293031","37.0129017, 36.6872005",8
759,Cough Tablets,Chestcof,"ANGELLIC STAR PHARMACY , CARDINAL CHEMIST, Mercilin Afya services ","-1.2844625, -1.3958137, -1.3921923","36.885289, 36.7638655, 36.9407301",9
760,Cough and Colds,Benaflu Toto Syrup,B-sons pharmacy,-1.2673667,36.7509204,1
761,Cough and Colds,Benacoff Expectorant,"KARURA CHEMIST II  TILL 8073490, KEGAKA PHARMACY","-1.2196352, -1.0133967","36.7128582, 36.9058388",9
762,Cough and Colds,Benacoff Paediatric,MEDPLEX CHEMIST,-1.4293031,36.6872005,10
763,Cough and Colds,Benacoff Linctus,"Bripamu Medical Stores, CARDINAL CHEMIST, Eloc pharmacy , Goblet Enterprise, MEDIBLEND , MEDPLEX CHEMIST","-1.3111251, -1.3958137, -1.2953742, -1.454577, -1.282731, -1.4293031","36.8939304, 36.7638655, 36.7455442, 36.9882026, 36.7848689, 36.6872005",28
764,Cream - Antihistamine,Intamine,"KARURA CHEMIST II  TILL 8073490, MEDPLEX CHEMIST","-1.2196352, -1.4293031","36.7128582, 36.6872005",9
771,Crotamiton ,Scabion Cream,EMIR HEALTH CENTER ,-1.266125,36.910522,1
777,Cyproheptadine,becoactin tabs,EMIR HEALTH CENTER ,-1.266125,36.910522,175
778,Cyproheptadine,becoactin,EMIR HEALTH CENTER ,-1.266125,36.910522,14
779,Cyproheptadine,Cyproactin Syrup,CARDINAL CHEMIST,-1.3958137,36.7638655,2
781,Cyproheptadine,Crypto B Plus,"B-sons pharmacy, KEGAKA PHARMACY, MEDIBLEND ","-1.2673667, -1.0133967, -1.282731","36.7509204, 36.9058388, 36.7848689",3
782,Cyproheptadine,Crypto B Plus,"EMIR HEALTH CENTER , KARURA CHEMIST II  TILL 8073490","-1.266125, -1.2196352","36.910522, 36.7128582",97
784,Cyproheptadine ,Cypon,SIDAI CHEMIST,-1.4779526,36.9577694,2
788,Deflazacort,Dynacort,Eloc pharmacy ,-1.2953742,36.7455442,20
792,Dentogel,Dentogel Adult,"EMIR HEALTH CENTER , KARURA CHEMIST II  TILL 8073490, MEDPLEX CHEMIST","-1.266125, -1.2196352, -1.4293031","36.910522, 36.7128582, 36.6872005",6
796,Desloratadine,Momento,Eloc pharmacy ,-1.2953742,36.7455442,10
797,Desloratadine,Desostar,"Bripamu Medical Stores, Perta Chemist","-1.3111251, -1.1079318","36.8939304, 37.016326",19
799,Dexamethasone,"Maxidex, Eye Ointment",KARURA CHEMIST II  TILL 8073490,-1.2196352,36.7128582,1
801,Dexamethasone,Dexamethasone 100's,"MEDIBLEND , MEDPLEX CHEMIST","-1.282731, -1.4293031","36.7848689, 36.6872005",443
803,Dexamethasone,Dexamethasone 4mg,"EMIR HEALTH CENTER , Jubilee-Care Chemist, KARURA CHEMIST II  TILL 8073490, urit medical ","-1.266125, -1.1003338, -1.2196352, -1.1009928","36.910522, 37.0129017, 36.7128582, 37.0129877",206
806,Dexamethasone ,"Maxitrol, Ointment",KARURA CHEMIST II  TILL 8073490,-1.2196352,36.7128582,1
807,Dexamethasone ,"Dextracin, Eye","Benpeny Chemist, CALMAK CHEMIST , KEGAKA PHARMACY, MEDPLEX CHEMIST","-1.1469238, -1.053931, -1.0133967, -1.4293031","36.9587031, 38.3631399, 36.9058388, 36.6872005",9
808,Dexamethasone ,"Maxitrol, Eye","MEDPLEX CHEMIST, Tikotiko Chemist ","-1.4293031, -1.3080828","36.6872005, 36.7819929",2
809,Dexamethasone ,Dexomet-N,"Jubilee-Care Chemist, MEDPLEX CHEMIST","-1.1003338, -1.4293031","37.0129017, 36.6872005",5
810,"Dexamethasone, Gentamycin",Dexa G,MEDPLEX CHEMIST,-1.4293031,36.6872005,1
812,Dextromethorphan ,Ascoril D,"ABIJO PHARMACY- WANYEE (Nairobi), ABM PHARMACY (NGARA STAGE) (Nairobi), ABM PHARMACY LIMITED (Nairobi), ABRAPHARMA PHARMACEUTICALS KASARANI (Nairobi), ACCIPITRIDAE CHEMIST (Nairobi), ACCRA PHARMACY LTD - OPPOSITE MLK HOSP (Nairobi), ACCRA PHARMACY LTD HAKATI (Nairobi), ACCRA-MED CHEMISTS LIMITED (Nairobi), ACE CARE PHARMACEUTICALS  (Nairobi), ACESO PHARMACY WELLNESS PHARMACY KASARANI (Nairobi), ADONISI PHARMACEUTICALS (Nairobi), AFRILIFE CHEMIST LTD (BURUBURU) (Nairobi), AFYACARE PHARMA (Nairobi), AGA KHAN HEALTH  SERVICES,KENYA-RUAI (Nairobi), AGA KHAN HEALTH SERVICES,KENYA - HOMA BAY (Nairobi), AGAROSE PHARMACY (Nairobi), AGMART PHARMACEUTICALS-MUHOHO AVENUE (Nairobi), AJWA PHARMACEUTICALS LIMITED (Nairobi), AKIMA PHARMACY (Nairobi), AL-HANAF PHARMACY (Nairobi), AL-HARAMAIN PHARMACEUTICAL COMPANY LIMITED (Nairobi), ALANE PHARMACY LTD (Nairobi), ALIF MEDICAL SERVICES LIMITED (Nairobi), ALISON AGROCHEM CHEMISTS LIMITED (Nairobi), ALKEN PHARMACEUTICAL LTD (Nairobi), ALKEN PHARMACEUTICAL LTD - B-CENTRE (Nairobi","-1.2953742, -1.2757621, -1.2848129, -1.2172469, -1.2575249, -1.2755888, -1.3066383, -1.2832624, -1.2829416, -1.2333266, -1.2688065, -1.3089651, -1.2616578, -1.2618776, -1.2831312, -1.323767, -1.2647119, -1.2059489, -1.2721321, -1.2744794, -1.276733, -1.2731049, -1.2253857, -1.2880112, -1.2958752, -1.3128673, -1.2460403, -1.284749, -1.1990686, -1.2579931, -1.2705845, -1.2913585, -1.2715203, -1.2849625, -1.2869817, -1.2849438, -1.2469388, -1.3139741, -1.2752485, -1.3152957, -1.2185276, -1.2834847, -1.2773221, -1.3210273, -1.3211336, -1.2493027, -1.2786587, -1.2953175, -1.2624961, -1.32349, -1.2816014, -1.2522439, -1.2345294, -1.2736832, -1.2694513, -1.3068667, -1.3590694, -1.271185, -1.2857603, -1.3138776, -1.2774177, -1.2920658, -1.2520284, -1.3205309, -1.2774587, -1.3647519, -1.2607843, -1.2856445, -1.2004353, -1.2742434, -1.2741186, -1.317058, -1.1852458, -1.3127776, -1.2323179, -1.272905, -1.2959953, -1.2525589, -1.2523093, -1.277364, -1.1975121, -1.3244384, -1.275237, -1.2763955, -1.291999, -1.2906482, -1.","36.7455442, 36.8290212, 36.7530976, 36.8959913, 36.9120257, 36.9109491, 36.8024294, 36.8266431, 36.7369557, 36.9294375, 36.8093088, 36.8936368, 36.9759005, 36.8237412, 36.9029929, 36.843886, 36.8389479, 36.8952592, 36.8424626, 36.8506309, 36.8307703, 36.8512824, 36.9210154, 36.8620558, 36.86992360000001, 36.889599, 36.87666979999999, 36.9000191, 36.9031977, 36.921258, 36.84557, 36.7339325, 36.987496, 36.8945577, 36.9861242, 36.8686616, 36.9012134, 36.910138, 36.823283, 36.9025676, 36.889222, 36.8158265, 36.8974843, 36.8006868, 36.6845007, 36.88855, 36.6984177, 36.8222835, 36.70831, 36.818184, 36.8674089, 36.9038803, 36.8511881, 36.7998296, 36.8969262, 36.7468779, 36.8493086, 36.984962, 36.8951043, 36.7917285, 36.7946567, 36.70374049999999, 36.85141, 36.9454922, 36.8082989, 36.8297902, 36.9005796, 36.8435388, 36.844201, 36.8959223, 36.9068067, 36.8295928, 36.8035009, 36.851265, 36.8082191, 36.927833, 36.9497128, 36.8760519, 36.9025748, 36.8984997, 36.8219406, 36.8268934, 36.8458016, 36.9029842, 36.8572037, 36.",132234
815,Diclofenac,Cataflam,"Jubilee-Care Chemist, Royal doc medical clinic/pharmacy ",-1.1003338,37.0129017,5
816,Diclofenac,Rokon,"B-sons pharmacy, Crowmed pharmaceuticals , urit medical ","-1.2673667, -1.3621855, -1.1009928","36.7509204, 36.6555867, 37.0129877",413
818,Diclofenac,Voltamed,"ANGELIC STAR PHARMACEUTICALS, CARDINAL CHEMIST, Eloc pharmacy ","-1.2834847, -1.3958137, -1.2953742","36.889222, 36.7638655, 36.7455442",112
820,Diclofenac,Rheumac Gel,"Apotek Pharmaceutical, KARURA CHEMIST II  TILL 8073490","-1.2885927, -1.2196352","36.9504001, 36.7128582",8
821,Diclofenac,Dinac,"BetahCare Family Health Clinic, Jubilee-Care Chemist, MEDIBLEND ","-1.1003338, -1.282731","37.0129017, 36.7848689",209
830,Diclofenac,Diclomol gel,Disanjo Chemist ,-1.2650867,36.8826178,2
831,Diclofenac,Nelac,"MEDPLEX CHEMIST, Nas Chemist","-1.4293031, 0.5206237","36.6872005, 35.2762755",96
838,Diclofenac,"Voltaren, Retard",KARURA CHEMIST II  TILL 8073490,-1.2196352,36.7128582,5
840,Diclofenac,Dinac,Falcon medical clinic ,,,738
841,Diclofenac,Cataflam,KARURA CHEMIST II  TILL 8073490,-1.2196352,36.7128582,10
842,Diclofenac,Diclofenac Injection,"Falcon medical clinic , Jubilee-Care Chemist",-1.1003338,37.0129017,10
845,Diclofenac,"Volini, Gel",MEDPLEX CHEMIST,-1.4293031,36.6872005,2
847,Diclofenac,Doloact MR,"ABIJO PHARMACY- WANYEE (Nairobi), ABM PHARMACY (NGARA STAGE) (Nairobi), ABM PHARMACY LIMITED (Nairobi), ABRAPHARMA PHARMACEUTICALS KASARANI (Nairobi), ACCIPITRIDAE CHEMIST (Nairobi), ACCRA PHARMACY LTD - OPPOSITE MLK HOSP (Nairobi), ACCRA PHARMACY LTD HAKATI (Nairobi), ACCRA-MED CHEMISTS LIMITED (Nairobi), ACE CARE PHARMACEUTICALS  (Nairobi), ACESO PHARMACY WELLNESS PHARMACY KASARANI (Nairobi), ADONISI PHARMACEUTICALS (Nairobi), AFRILIFE CHEMIST LTD (BURUBURU) (Nairobi), AFYACARE PHARMA (Nairobi), AGA KHAN HEALTH  SERVICES,KENYA-RUAI (Nairobi), AGA KHAN HEALTH SERVICES,KENYA - HOMA BAY (Nairobi), AGAROSE PHARMACY (Nairobi), AGMART PHARMACEUTICALS-MUHOHO AVENUE (Nairobi), AHWAN PHARMACEUTICALS LIMITED (Nairobi), AHZAAB PHARMACY (Nairobi), AJWA PHARMACEUTICALS LIMITED (Nairobi), AKIMA PHARMACY (Nairobi), AL-AQSA DISPENSING CHEMIST (Nairobi), AL-HANAF PHARMACY (Nairobi), AL-HARAMAIN PHARMACEUTICAL COMPANY LIMITED (Nairobi), ALANE PHARMACY LTD (Nairobi), ALIF MEDICAL SERVICES LIMITED (Nairobi), ALISON AGROCHEM CH","-1.2757621, -1.2848129, -1.2575249, -1.2755888, -1.3066383, -1.2832624, -1.2829416, -1.2333266, -1.2688065, -1.3089651, -1.2616578, -1.2618776, -1.2831312, -1.323767, -1.2589182, -1.2717589, -1.2647119, -1.2059489, -1.2715424, -1.2721321, -1.2744794, -1.276733, -1.2731049, -1.2253857, -1.2880112, -1.2958752, -1.284749, -1.2172469, -1.2579931, -1.2705845, -1.2913585, -1.2715203, -1.2849625, -1.2869817, -1.2849438, -1.2469388, -1.3139741, -1.2752485, -1.3152957, -1.2185276, -1.2844625, -1.2773221, -1.3210273, -1.3211336, -1.2493027, -1.2786587, -1.2953175, -1.2624961, -1.2575724, -1.2885927, -1.32349, -1.2816014, -1.2345294, -1.2736832, -1.2694513, -1.3068667, -1.3590694, -1.271185, -1.2857603, -1.3138776, -1.2774177, -1.2844938, -1.2920658, -1.2520284, -1.3205309, -1.2706834, -1.1835554, -1.3647519, -1.2964585, -1.2856445, -1.2004353, -1.2742434, -1.2741186, -1.317058, -1.1852458, -1.3127776, -1.2323179, -1.272905, -1.2959953, -1.2525589, -1.2523093, -1.277364, -1.3244384, -1.2837102, -1.275237, -1.2763955, -1","36.8290212, 36.7530976, 36.9120257, 36.9109491, 36.8024294, 36.8266431, 36.7369557, 36.9294375, 36.8093088, 36.8936368, 36.9759005, 36.8237412, 36.9029929, 36.843886, 36.8142488, 36.8480778, 36.8389479, 36.8952592, 36.8478688, 36.8424626, 36.8506309, 36.8307703, 36.8512824, 36.9210154, 36.8620558, 36.86992360000001, 36.9000191, 36.8959913, 36.921258, 36.84557, 36.7339325, 36.89315819999999, 36.987496, 36.8945577, 36.9861242, 36.8686616, 36.9012134, 36.910138, 36.823283, 36.9025676, 36.885289, 36.8158265, 36.8974843, 36.8006868, 36.6845007, 36.88855, 36.6984177, 36.8222835, 36.8117362, 36.9504001, 36.70831, 36.818184, 36.9038803, 36.8511881, 36.7998296, 36.8969262, 36.7468779, 36.8493086, 36.984962, 36.8951043, 36.7917285, 36.828068, 36.7946567, 36.70374049999999, 36.8466657, 36.9005074, 36.9454922, 36.7995443, 36.8297902, 36.9005796, 36.8435388, 36.844201, 36.8959223, 36.9068067, 36.8295928, 36.8035009, 36.851265, 36.8082191, 36.927833, 36.9497128, 36.8760519, 36.8984997, 36.7586288, 36.8219406, 36.8268934, 3",153867
848,Diclofenac,Powergsic Gel,"ABIJO PHARMACY- WANYEE (Nairobi), ABM PHARMACY (NGARA STAGE) (Nairobi), ABRAPHARMA PHARMACEUTICALS KASARANI (Nairobi), ACCIPITRIDAE CHEMIST (Nairobi), ACCRA PHARMACY LTD HAKATI (Nairobi), ACCRA-MED CHEMISTS LIMITED (Nairobi), ACE CARE PHARMACEUTICALS  (Nairobi), ACESO PHARMACY WELLNESS PHARMACY KASARANI (Nairobi), ADONISI PHARMACEUTICALS (Nairobi), AFRILIFE CHEMIST LTD (BURUBURU) (Nairobi), AFYACARE PHARMA (Nairobi), AGA KHAN HEALTH  SERVICES,KENYA-RUAI (Nairobi), AGA KHAN HEALTH SERVICES,KENYA - HOMA BAY (Nairobi), AGAROSE PHARMACY (Nairobi), AGMART PHARMACEUTICALS-MUHOHO AVENUE (Nairobi), AHWAN PHARMACEUTICALS LIMITED (Nairobi), AHZAAB PHARMACY (Nairobi), AJWA PHARMACEUTICALS LIMITED (Nairobi), AKIMA PHARMACY (Nairobi), AL-AQSA DISPENSING CHEMIST (Nairobi), AL-HANAF PHARMACY (Nairobi), AL-HARAMAIN PHARMACEUTICAL COMPANY LIMITED (Nairobi), ALIF MEDICAL SERVICES LIMITED (Nairobi), ALISON AGROCHEM CHEMISTS LIMITED (Nairobi), ALKEN PHARMACEUTICAL LTD (Nairobi), ALKEN PHARMACEUTICAL LTD - B-CENTRE (Nairobi), ALK","-1.2757621, -1.2172469, -1.2575249, -1.3066383, -1.2832624, -1.2829416, -1.2333266, -1.2688065, -1.3089651, -1.2616578, -1.2618776, -1.2831312, -1.323767, -1.2589182, -1.2717589, -1.2647119, -1.2059489, -1.2715424, -1.2721321, -1.2744794, -1.2731049, -1.2253857, -1.2880112, -1.2958752, -1.3128673, -1.2460403, -1.284749, -1.1990686, -1.2579931, -1.2705845, -1.2913585, -1.2715203, -1.2849625, -1.2869817, -1.2849438, -1.2469388, -1.3139741, -1.2752485, -1.2185276, -1.2834847, -1.2773221, -1.3210273, -1.3211336, -1.2735173, -1.2493027, -1.2624961, -1.2575724, -1.32349, -1.2816014, -1.2345294, -1.2736832, -1.2694513, -1.3068667, -1.271185, -1.2857603, -1.3138776, -1.2774177, -1.2844938, -1.2920658, -1.2520284, -1.1835554, -1.2774587, -1.3647519, -1.2964585, -1.2004353, -1.2742434, -1.2741186, -1.317058, -1.1852458, -1.3244384, -1.3127776, -1.2323179, -1.277364, -1.1975121, -1.2837102, -1.275237, -1.291999, -1.2906482, -1.2871746, -1.2846548, -1.2931221, -1.3082142, -1.260093, -1.2828012, -1.2868487, -1.2710617, -1","36.8290212, 36.8959913, 36.9120257, 36.8024294, 36.8266431, 36.7369557, 36.9294375, 36.8093088, 36.8936368, 36.9759005, 36.8237412, 36.9029929, 36.843886, 36.8142488, 36.8480778, 36.8389479, 36.8952592, 36.8478688, 36.8424626, 36.8506309, 36.8512824, 36.9210154, 36.8620558, 36.86992360000001, 36.889599, 36.87666979999999, 36.9000191, 36.9031977, 36.921258, 36.84557, 36.7339325, 36.987496, 36.8945577, 36.9861242, 36.8686616, 36.9012134, 36.910138, 36.9025676, 36.889222, 36.8158265, 36.8974843, 36.8006868, 36.96363580000001, 36.6845007, 36.8222835, 36.8117362, 36.70831, 36.818184, 36.9038803, 36.8511881, 36.7998296, 36.8969262, 36.8493086, 36.984962, 36.8951043, 36.7917285, 36.828068, 36.7946567, 36.9005074, 36.85141, 36.9454922, 36.7995443, 36.9005796, 36.8435388, 36.844201, 36.8959223, 36.9068067, 36.8984997, 36.8295928, 36.8035009, 36.8760519, 36.9025748, 36.7586288, 36.8219406, 36.8458016, 36.9029842, 36.89397, 36.8572037, 36.7897254, 36.9118572, 36.8026754, 36.8160691, 36.862608, 36.8325956, 36.82219449999",97021
849,Diclofenac,"Rufenac, Gel","ABIJO PHARMACY- WANYEE (Nairobi), ABM PHARMACY (NGARA STAGE) (Nairobi), ABM PHARMACY LIMITED (Nairobi), ACCIPITRIDAE CHEMIST (Nairobi), ACCRA PHARMACY LTD - OPPOSITE MLK HOSP (Nairobi), ACCRA PHARMACY LTD HAKATI (Nairobi), ACCRA-MED CHEMISTS LIMITED (Nairobi), ACE CARE PHARMACEUTICALS  (Nairobi), ACESO PHARMACY WELLNESS PHARMACY KASARANI (Nairobi), ADONISI PHARMACEUTICALS (Nairobi), AFRILIFE CHEMIST LTD (BURUBURU) (Nairobi), AFYACARE PHARMA (Nairobi), AGA KHAN HEALTH  SERVICES,KENYA-RUAI (Nairobi), AGA KHAN HEALTH SERVICES,KENYA - HOMA BAY (Nairobi), AGAROSE PHARMACY (Nairobi), AGMART PHARMACEUTICALS-MUHOHO AVENUE (Nairobi), AHWAN PHARMACEUTICALS LIMITED (Nairobi), AHZAAB PHARMACY (Nairobi), AJWA PHARMACEUTICALS LIMITED (Nairobi), AKIMA PHARMACY (Nairobi), AL-HANAF PHARMACY (Nairobi), ALANE PHARMACY LTD (Nairobi), ALIF MEDICAL SERVICES LIMITED (Nairobi), ALISON AGROCHEM CHEMISTS LIMITED (Nairobi), ALKEN PHARMACEUTICAL LTD (Nairobi), ALKEN PHARMACEUTICAL LTD - B-CENTRE (Nairobi), ALKEN PHARMACEUTICALS LTD (Nai","-1.2953742, -1.2757621, -1.2848129, -1.2575249, -1.2755888, -1.3066383, -1.2832624, -1.2829416, -1.2333266, -1.2688065, -1.3089651, -1.2616578, -1.2618776, -1.2831312, -1.323767, -1.2589182, -1.2717589, -1.2647119, -1.2059489, -1.2721321, -1.276733, -1.2731049, -1.2253857, -1.2880112, -1.2958752, -1.3128673, -1.2460403, -1.284749, -1.2172469, -1.1990686, -1.2579931, -1.2705845, -1.2913585, -1.2849625, -1.2869817, -1.2597254, -1.2849438, -1.2469388, -1.3139741, -1.2752485, -1.3152957, -1.2185276, -1.2834847, -1.2844625, -1.2773221, -1.3210273, -1.3211336, -1.2735173, -1.2493027, -1.2786587, -1.2953175, -1.2624961, -1.2575724, -1.2816014, -1.2345294, -1.2736832, -1.2694513, -1.3068667, -1.3590694, -1.271185, -1.2857603, -1.3138776, -1.2844938, -1.2920658, -1.2520284, -1.3205309, -1.1835554, -1.2774587, -1.3647519, -1.2964585, -1.2856445, -1.2004353, -1.2742434, -1.2741186, -1.317058, -1.1852458, -1.3127776, -1.2323179, -1.272905, -1.2959953, -1.2525589, -1.2523093, -1.277364, -1.1975121, -1.3244384, -1.284504, ","36.7455442, 36.8290212, 36.7530976, 36.9120257, 36.9109491, 36.8024294, 36.8266431, 36.7369557, 36.9294375, 36.8093088, 36.8936368, 36.9759005, 36.8237412, 36.9029929, 36.843886, 36.8142488, 36.8480778, 36.8389479, 36.8952592, 36.8424626, 36.8307703, 36.8512824, 36.9210154, 36.8620558, 36.86992360000001, 36.889599, 36.87666979999999, 36.9000191, 36.8959913, 36.9031977, 36.921258, 36.84557, 36.7339325, 36.987496, 36.8945577, 36.8268476, 36.9861242, 36.8686616, 36.9012134, 36.910138, 36.823283, 36.9025676, 36.889222, 36.885289, 36.8158265, 36.8974843, 36.8006868, 36.96363580000001, 36.6845007, 36.88855, 36.6984177, 36.8222835, 36.8117362, 36.818184, 36.9038803, 36.8511881, 36.7998296, 36.8969262, 36.7468779, 36.8493086, 36.984962, 36.8951043, 36.828068, 36.7946567, 36.70374049999999, 36.9005074, 36.85141, 36.9454922, 36.7995443, 36.8297902, 36.9005796, 36.8435388, 36.844201, 36.8959223, 36.9068067, 36.8295928, 36.8035009, 36.851265, 36.8082191, 36.927833, 36.9497128, 36.8760519, 36.9025748, 36.8984997, 36.90022",6668084
855,Diclofenac ,Powergsic MR,"EMIR HEALTH CENTER , KARURA CHEMIST II  TILL 8073490, MEDPLEX CHEMIST, Romac Pharmacy ","-1.266125, -1.2196352, -1.4293031, -1.2706834","36.910522, 36.7128582, 36.6872005, 36.8466657",90
858,Diclofenac ,Lobak,"CHARLIK PHARMACY, Hopepharm , Jubilee-Care Chemist, Nas Chemist, The Maverick's Pharmacy ","-1.215894, -1.3956224, -1.1003338, 0.5206237, -1.2132114","36.88669160000001, 36.7641454, 37.0129017, 35.2762755, 36.8941331",241
863,Dicyclomine ,Cyclopam P,"ANGELLIC STAR PHARMACY , SIDAI CHEMIST","-1.2844625, -1.4779526","36.885289, 36.9577694",15
877,Diloxanide ,Entamaxin,Apotek Pharmaceutical,-1.2885927,36.9504001,60
879,Diloxanide ,Diracip M,"EMIR HEALTH CENTER , MEDIBLEND , urit medical ","-1.266125, -1.282731, -1.1009928","36.910522, 36.7848689, 37.0129877",83
880,Diloxanide ,"Eflaron, Plus",Jubilee-Care Chemist,-1.1003338,37.0129017,60
882,Diloxanide ,Entamaxin,"ANGELIC STAR PHARMACEUTICALS, Apotek Pharmaceutical, Disanjo Chemist , THE MUTHAMI  HOSPITAL ","-1.2834847, -1.2885927, -1.2650867, -1.214086","36.889222, 36.9504001, 36.8826178, 36.7222231",13
883,Diloxanide ,Entamaxin,"ANGELLIC STAR PHARMACY , Apotek Pharmaceutical, BetahCare Family Health Clinic, CARDINAL CHEMIST, SIDAI CHEMIST","-1.2844625, -1.2885927, -1.3958137, -1.4779526","36.885289, 36.9504001, 36.7638655, 36.9577694",14
885,Dimethicone ,Norash Cream,Apotek Pharmaceutical,-1.2885927,36.9504001,2
886,Diosmin ,Daflon,Apotek Pharmaceutical,-1.2885927,36.9504001,10
887,Diphenhydramine,"Upacof, Paediatric","Eloc pharmacy , MEDPLEX CHEMIST","-1.2953742, -1.4293031","36.7455442, 36.6872005",13
889,Domperidone,Domi,"B-sons pharmacy, KARURA CHEMIST II  TILL 8073490","-1.2673667, -1.2196352","36.7509204, 36.7128582",2
892,Domperidone,Domnac,"Crowmed pharmaceuticals , THE MUTHAMI  HOSPITAL ","-1.3621855, -1.214086","36.6555867, 36.7222231",2
898,Doxylamine ,Nosic,"ANGELLIC STAR PHARMACY , Disanjo Chemist , EMIR HEALTH CENTER , KARURA CHEMIST II  TILL 8073490, MEDIBLEND ","-1.2844625, -1.2650867, -1.266125, -1.2196352, -1.282731","36.885289, 36.8826178, 36.910522, 36.7128582, 36.7848689",88
899,Drospirenone ,Yasmin,Bripamu Medical Stores,-1.3111251,36.8939304,1
902,Dydrogeterone,Duphaston,"EMIR HEALTH CENTER , KARURA CHEMIST II  TILL 8073490, MEDPLEX CHEMIST","-1.266125, -1.2196352, -1.4293031","36.910522, 36.7128582, 36.6872005",36
903,Ear Drops,Cerumol,"MEDPLEX CHEMIST, Romac Pharmacy ","-1.4293031, -1.2706834","36.6872005, 36.8466657",15
904,Ear Drops,Otorex,"KARURA CHEMIST II  TILL 8073490, MEDPLEX CHEMIST, Romac Pharmacy ","-1.2196352, -1.4293031, -1.2706834","36.7128582, 36.6872005, 36.8466657",31
909,Ebastine,Erostin,Romac Pharmacy ,-1.2706834,36.8466657,5
916,Enalapril,Enril,Romac Pharmacy ,-1.2706834,36.8466657,70
919,Enalapril,Cardace,MEDIBLEND ,-1.282731,36.7848689,1
923,Enalapril,Cardace,MEDIBLEND ,-1.282731,36.7848689,22
925,Ephedrine,"Generic, Paediatric - Nasal","Apotek Pharmaceutical, Bonaim pharmacy , Eloc pharmacy ","-1.2885927, -1.2062072, -1.2953742","36.9504001, 36.89570200000001, 36.7455442",5
926,Epiderm,Epiderm,"Bonaim pharmacy , MEDPLEX CHEMIST, SIDAI CHEMIST","-1.2062072, -1.4293031, -1.4779526","36.89570200000001, 36.6872005, 36.9577694",61
930,Erythromycin,Generic,"ABIJO PHARMACY- WANYEE (Nairobi), ABM PHARMACY (NGARA STAGE) (Nairobi), ABM PHARMACY LIMITED (Nairobi), ACCIPITRIDAE CHEMIST (Nairobi), ACCRA PHARMACY LTD - OPPOSITE MLK HOSP (Nairobi), ACCRA PHARMACY LTD HAKATI (Nairobi), ACCRA-MED CHEMISTS LIMITED (Nairobi), ACE CARE PHARMACEUTICALS  (Nairobi), ACESO PHARMACY WELLNESS PHARMACY KASARANI (Nairobi), ADONISI PHARMACEUTICALS (Nairobi), AFRILIFE CHEMIST LTD (BURUBURU) (Nairobi), AFYACARE PHARMA (Nairobi), AGA KHAN HEALTH  SERVICES,KENYA-RUAI (Nairobi), AGA KHAN HEALTH SERVICES,KENYA - HOMA BAY (Nairobi), AGAROSE PHARMACY (Nairobi), AGMART PHARMACEUTICALS-MUHOHO AVENUE (Nairobi), AHWAN PHARMACEUTICALS LIMITED (Nairobi), AHZAAB PHARMACY (Nairobi), AJWA PHARMACEUTICALS LIMITED (Nairobi), AKIMA PHARMACY (Nairobi), AL-AQSA DISPENSING CHEMIST (Nairobi), AL-HANAF PHARMACY (Nairobi), AL-HARAMAIN PHARMACEUTICAL COMPANY LIMITED (Nairobi), ALANE PHARMACY LTD (Nairobi), ALIF MEDICAL SERVICES LIMITED (Nairobi), ALISON AGROCHEM CHEMISTS LIMITED (Nairobi), ALKEN PHARMACEUTICAL ","-1.2953742, -1.2757621, -1.2848129, -1.2575249, -1.2755888, -1.3066383, -1.2832624, -1.2829416, -1.2333266, -1.2688065, -1.3089651, -1.2616578, -1.2618776, -1.2831312, -1.323767, -1.2589182, -1.2717589, -1.2647119, -1.2059489, -1.2715424, -1.2721321, -1.2744794, -1.276733, -1.2731049, -1.2253857, -1.2880112, -1.2958752, -1.3128673, -1.2172469, -1.1990686, -1.2579931, -1.2705845, -1.2913585, -1.2715203, -1.2849625, -1.2869817, -1.2849438, -1.2469388, -1.3139741, -1.3152957, -1.2834847, -1.2773221, -1.3210273, -1.3211336, -1.2735173, -1.2493027, -1.2786587, -1.2624961, -1.2575724, -1.32349, -1.2816014, -1.2345294, -1.2736832, -1.3068667, -1.3590694, -1.271185, -1.2857603, -1.3138776, -1.2844938, -1.2920658, -1.3205309, -1.1835554, -1.2774587, -1.3647519, -1.2964585, -1.2856445, -1.2004353, -1.2742434, -1.2741186, -1.317058, -1.1852458, -1.3127776, -1.2323179, -1.272905, -1.2525589, -1.2523093, -1.277364, -1.1975121, -1.3244384, -1.2837102, -1.275237, -1.2763955, -1.291999, -1.2906482, -1.2871746, -1.2846548, -1","36.7455442, 36.8290212, 36.7530976, 36.9120257, 36.9109491, 36.8024294, 36.8266431, 36.7369557, 36.9294375, 36.8093088, 36.8936368, 36.9759005, 36.8237412, 36.9029929, 36.843886, 36.8142488, 36.8480778, 36.8389479, 36.8952592, 36.8478688, 36.8424626, 36.8506309, 36.8307703, 36.8512824, 36.9210154, 36.8620558, 36.86992360000001, 36.889599, 36.8959913, 36.9031977, 36.921258, 36.84557, 36.7339325, 36.987496, 36.8945577, 36.9861242, 36.8686616, 36.9012134, 36.823283, 36.889222, 36.8158265, 36.8974843, 36.8006868, 36.96363580000001, 36.6845007, 36.88855, 36.8222835, 36.8117362, 36.70831, 36.818184, 36.9038803, 36.8511881, 36.8969262, 36.7468779, 36.8493086, 36.984962, 36.8951043, 36.828068, 36.70374049999999, 36.9005074, 36.85141, 36.9454922, 36.7995443, 36.8297902, 36.9005796, 36.8435388, 36.844201, 36.8959223, 36.9068067, 36.8295928, 36.8035009, 36.851265, 36.927833, 36.9497128, 36.8760519, 36.9025748, 36.8984997, 36.7586288, 36.8219406, 36.8268934, 36.8458016, 36.9029842, 36.89397, 36.8572037, 36.7897254, 36.91",1124
931,Erythromycin,Erythrox,"EMIR HEALTH CENTER , Falcon medical clinic , MEDPLEX CHEMIST, Mercilin Afya services ","-1.266125, -1.4293031, -1.3921923","36.910522, 36.6872005, 36.9407301",16
933,Esomeprazole,Esome,MEDIBLEND ,-1.282731,36.7848689,65
934,Esomeprazole,Esotac 40,"MEDIBLEND , urit medical ","-1.282731, -1.1009928","36.7848689, 37.0129877",14
937,Esomeprazole,Nexium,The marshchem pharmacy,-1.2047323,36.8959688,1
939,Esomeprazole,protas 20,"EMIR HEALTH CENTER , KARURA CHEMIST II  TILL 8073490","-1.266125, -1.2196352","36.910522, 36.7128582",180
940,Esomeprazole,Esome,"Disanjo Chemist , Romac Pharmacy ","-1.2650867, -1.2706834","36.8826178, 36.8466657",9
941,Esomeprazole,Nexium,"KARURA CHEMIST II  TILL 8073490, MEDPLEX CHEMIST","-1.2196352, -1.4293031","36.7128582, 36.6872005",26
944,Esomeprazole,Nexium,Jubilee-Care Chemist,-1.1003338,37.0129017,6
947,Esomeprazole,Esose,Nas Chemist,0.5206237,35.2762755,10
948,Esomeprazole,Esomezol,Falcon medical clinic ,,,145
951,Esomeprazole,prazonac 20 mg,"ANGELLIC STAR PHARMACY , Apotek Pharmaceutical, Crowmed pharmaceuticals ","-1.2844625, -1.2885927, -1.3621855","36.885289, 36.9504001, 36.6555867",21
952,Esomeprazole,Esomac,"EMIR HEALTH CENTER , MEDPLEX CHEMIST","-1.266125, -1.4293031","36.910522, 36.6872005",82
953,Esomeprazole,Esomac,"ANGELIC STAR PHARMACEUTICALS, Apotek Pharmaceutical","-1.2834847, -1.2885927","36.889222, 36.9504001",44
954,Esomeprazole ,"Esclam, H. Pylori",Falcon medical clinic ,,,4
959,Esomeprazole 40mg,Zomep,"Apotek Pharmaceutical, Eloc pharmacy , Jubilee-Care Chemist","-1.2885927, -1.2953742, -1.1003338","36.9504001, 36.7455442, 37.0129017",73
961,Etamsylate,Sylate,"ABIJO PHARMACY- WANYEE (Nairobi), ABM PHARMACY (NGARA STAGE) (Nairobi), ABM PHARMACY LIMITED (Nairobi), ABRAPHARMA PHARMACEUTICALS KASARANI (Nairobi), ACCIPITRIDAE CHEMIST (Nairobi), ACCRA PHARMACY LTD - OPPOSITE MLK HOSP (Nairobi), ACCRA PHARMACY LTD HAKATI (Nairobi), ACE CARE PHARMACEUTICALS  (Nairobi), ACESO PHARMACY WELLNESS PHARMACY KASARANI (Nairobi), ADONISI PHARMACEUTICALS (Nairobi), AFRILIFE CHEMIST LTD (BURUBURU) (Nairobi), AFYACARE PHARMA (Nairobi), AGA KHAN HEALTH  SERVICES,KENYA-RUAI (Nairobi), AGMART PHARMACEUTICALS-MUHOHO AVENUE (Nairobi), AHWAN PHARMACEUTICALS LIMITED (Nairobi), AHZAAB PHARMACY (Nairobi), AJWA PHARMACEUTICALS LIMITED (Nairobi), AKIMA PHARMACY (Nairobi), AL-AQSA DISPENSING CHEMIST (Nairobi), AL-HANAF PHARMACY (Nairobi), AL-HARAMAIN PHARMACEUTICAL COMPANY LIMITED (Nairobi), ALANE PHARMACY LTD (Nairobi), ALIF MEDICAL SERVICES LIMITED (Nairobi), ALISON AGROCHEM CHEMISTS LIMITED (Nairobi), ALKEN PHARMACEUTICAL LTD (Nairobi), ALKEN PHARMACEUTICAL LTD - B-CENTRE (Nairobi), ALKEN PHAR","-1.2953742, -1.2757621, -1.2848129, -1.2172469, -1.2575249, -1.2755888, -1.3066383, -1.2829416, -1.2333266, -1.2688065, -1.3089651, -1.2616578, -1.323767, -1.2589182, -1.2717589, -1.2647119, -1.2059489, -1.2715424, -1.2721321, -1.2744794, -1.276733, -1.2731049, -1.2253857, -1.2880112, -1.2958752, -1.3128673, -1.2460403, -1.284749, -1.1990686, -1.2579931, -1.2705845, -1.2913585, -1.2715203, -1.2849625, -1.2869817, -1.2849438, -1.2469388, -1.3139741, -1.2752485, -1.3152957, -1.2185276, -1.2834847, -1.2773221, -1.3210273, -1.3211336, -1.2735173, -1.2493027, -1.2786587, -1.2953175, -1.2624961, -1.2575724, -1.32349, -1.2816014, -1.2345294, -1.2736832, -1.2694513, -1.3068667, -1.3590694, -1.271185, -1.2857603, -1.3138776, -1.2774177, -1.2844938, -1.2920658, -1.2520284, -1.3205309, -1.1835554, -1.2774587, -1.3647519, -1.2964585, -1.2004353, -1.2742434, -1.2741186, -1.317058, -1.1852458, -1.3127776, -1.2323179, -1.272905, -1.2959953, -1.277364, -1.1975121, -1.3244384, -1.284504, -1.2837102, -1.275237, -1.291999, -1.2","36.7455442, 36.8290212, 36.7530976, 36.8959913, 36.9120257, 36.9109491, 36.8024294, 36.7369557, 36.9294375, 36.8093088, 36.8936368, 36.9759005, 36.843886, 36.8142488, 36.8480778, 36.8389479, 36.8952592, 36.8478688, 36.8424626, 36.8506309, 36.8307703, 36.8512824, 36.9210154, 36.8620558, 36.86992360000001, 36.889599, 36.87666979999999, 36.9000191, 36.9031977, 36.921258, 36.84557, 36.7339325, 36.987496, 36.8945577, 36.9861242, 36.8686616, 36.9012134, 36.910138, 36.823283, 36.9025676, 36.889222, 36.8158265, 36.8974843, 36.8006868, 36.96363580000001, 36.6845007, 36.88855, 36.6984177, 36.8222835, 36.8117362, 36.70831, 36.818184, 36.9038803, 36.8511881, 36.7998296, 36.8969262, 36.7468779, 36.8493086, 36.984962, 36.8951043, 36.7917285, 36.828068, 36.7946567, 36.70374049999999, 36.9005074, 36.85141, 36.9454922, 36.7995443, 36.9005796, 36.8435388, 36.844201, 36.8959223, 36.9068067, 36.8295928, 36.8035009, 36.851265, 36.8082191, 36.8760519, 36.9025748, 36.8984997, 36.9002232, 36.7586288, 36.8219406, 36.8458016, 36.90298",1173
964,Etoricoxib,ecofree 90mg,Jubilee-Care Chemist,-1.1003338,37.0129017,2
966,Etoricoxib,Tory 60,KARURA CHEMIST II  TILL 8073490,-1.2196352,36.7128582,1
968,Etoricoxib,tory,"Apotek Pharmaceutical, KARURA CHEMIST II  TILL 8073490","-1.2885927, -1.2196352","36.9504001, 36.7128582",7
969,Etoricoxib,Tory 120,SIDAI CHEMIST,-1.4779526,36.9577694,18
973,Eye Drops,Hylocomed,Romac Pharmacy ,-1.2706834,36.8466657,31
980,Febuxostat,Goutgesic 80,Romac Pharmacy ,-1.2706834,36.8466657,46
983,Ferrous Fumarate ,Hemosan,Romac Pharmacy ,-1.2706834,36.8466657,37
984,Ferrous Sulfate,Generic,Falcon medical clinic ,,,66
986,Ferrous Sulfate ,Ranferon,"Barnos Medicare , EMIR HEALTH CENTER , MEDPLEX CHEMIST, Nas Chemist, SIDAI CHEMIST","-1.2832919, -1.266125, -1.4293031, 0.5206237, -1.4779526","36.8884715, 36.910522, 36.6872005, 35.2762755, 36.9577694",8
994,Flucloxacillin,Floxapen,ANGELIC STAR PHARMACEUTICALS,-1.2834847,36.889222,1
997,Flucloxacillin,Floxapen,urit medical ,-1.1009928,37.0129877,11
999,Flucloxacillin ,Flamox,Falcon medical clinic ,,,293
1000,Flucloxacillin ,Flamox,Falcon medical clinic ,,,11
1001,Fluconazole,Flucozal,"ANGELIC STAR PHARMACEUTICALS, BetahCare Family Health Clinic, Bripamu Medical Stores, Crowmed pharmaceuticals , MEGAWELL PHARMACY, urit medical ","-1.2834847, -1.3111251, -1.3621855, -1.0734595, -1.1009928","36.889222, 36.8939304, 36.6555867, 37.0952195, 37.0129877",60
1003,Fluconazole,fc zole,"CARDINAL CHEMIST, Crowmed pharmaceuticals , Jubilee-Care Chemist, MEDPLEX CHEMIST","-1.3958137, -1.3621855, -1.1003338, -1.4293031","36.7638655, 36.6555867, 37.0129017, 36.6872005",140
1005,Fluconazole,Fucol,"ABIJO PHARMACY- WANYEE (Nairobi), ABM PHARMACY (NGARA STAGE) (Nairobi), ABM PHARMACY LIMITED (Nairobi), ABRAPHARMA PHARMACEUTICALS KASARANI (Nairobi), ACCIPITRIDAE CHEMIST (Nairobi), ACCRA PHARMACY LTD - OPPOSITE MLK HOSP (Nairobi), ACCRA PHARMACY LTD HAKATI (Nairobi), ACCRA-MED CHEMISTS LIMITED (Nairobi), ACE CARE PHARMACEUTICALS  (Nairobi), ACESO PHARMACY WELLNESS PHARMACY KASARANI (Nairobi), ADONISI PHARMACEUTICALS (Nairobi), AFYACARE PHARMA (Nairobi), AGA KHAN HEALTH  SERVICES,KENYA-RUAI (Nairobi), AGA KHAN HEALTH SERVICES,KENYA - HOMA BAY (Nairobi), AGAROSE PHARMACY (Nairobi), AGMART PHARMACEUTICALS-MUHOHO AVENUE (Nairobi), AHWAN PHARMACEUTICALS LIMITED (Nairobi), AHZAAB PHARMACY (Nairobi), AJWA PHARMACEUTICALS LIMITED (Nairobi), AKIMA PHARMACY (Nairobi), AL-AQSA DISPENSING CHEMIST (Nairobi), AL-HANAF PHARMACY (Nairobi), ALANE PHARMACY LTD (Nairobi), ALIF MEDICAL SERVICES LIMITED (Nairobi), ALISON AGROCHEM CHEMISTS LIMITED (Nairobi), ALKEN PHARMACEUTICAL LTD (Nairobi), ALKEN PHARMACEUTICAL LTD - B-CENTRE","-1.2953742, -1.2757621, -1.2848129, -1.2575249, -1.2755888, -1.3066383, -1.2832624, -1.2829416, -1.2333266, -1.2688065, -1.3089651, -1.2616578, -1.2618776, -1.2831312, -1.323767, -1.2589182, -1.2717589, -1.2647119, -1.2059489, -1.2715424, -1.2721321, -1.276733, -1.2731049, -1.2253857, -1.2880112, -1.2958752, -1.2460403, -1.284749, -1.2172469, -1.2579931, -1.2705845, -1.2913585, -1.2715203, -1.2849625, -1.2849438, -1.2469388, -1.3139741, -1.2752485, -1.3152957, -1.2185276, -1.2773221, -1.3210273, -1.3211336, -1.2735173, -1.2493027, -1.2786587, -1.2953175, -1.2624961, -1.2575724, -1.32349, -1.2345294, -1.2694513, -1.3068667, -1.3590694, -1.271185, -1.3138776, -1.2774177, -1.2844938, -1.2920658, -1.2520284, -1.3205309, -1.2706834, -1.1835554, -1.2774587, -1.2964585, -1.2004353, -1.2742434, -1.2741186, -1.317058, -1.1852458, -1.3244384, -1.3127776, -1.2323179, -1.2959953, -1.2525589, -1.2523093, -1.277364, -1.1975121, -1.284504, -1.275237, -1.2763955, -1.291999, -1.2906482, -1.2871746, -1.2846548, -1.2931221, -1.","36.7455442, 36.8290212, 36.7530976, 36.9120257, 36.9109491, 36.8024294, 36.8266431, 36.7369557, 36.9294375, 36.8093088, 36.8936368, 36.9759005, 36.8237412, 36.9029929, 36.843886, 36.8142488, 36.8480778, 36.8389479, 36.8952592, 36.8478688, 36.8424626, 36.8307703, 36.8512824, 36.9210154, 36.8620558, 36.86992360000001, 36.87666979999999, 36.9000191, 36.8959913, 36.921258, 36.84557, 36.7339325, 36.89315819999999, 36.987496, 36.9861242, 36.8686616, 36.9012134, 36.910138, 36.823283, 36.9025676, 36.8158265, 36.8974843, 36.8006868, 36.96363580000001, 36.6845007, 36.88855, 36.6984177, 36.8222835, 36.8117362, 36.70831, 36.9038803, 36.7998296, 36.8969262, 36.7468779, 36.8493086, 36.8951043, 36.7917285, 36.828068, 36.8219462, 36.7946567, 36.70374049999999, 36.8466657, 36.9005074, 36.85141, 36.7995443, 36.9005796, 36.8435388, 36.844201, 36.8959223, 36.9068067, 36.8984997, 36.8295928, 36.8035009, 36.8082191, 36.927833, 36.9497128, 36.8760519, 36.9025748, 36.9002232, 36.8219406, 36.8268934, 36.8458016, 36.9029842, 36.89397,",1146
1009,Fluconazole,Criptocan,Eloc pharmacy ,-1.2953742,36.7455442,22
1010,Fluconazole,Diconazol,"Apotek Pharmaceutical, Jubilee-Care Chemist, MEDIBLEND , MEDPLEX CHEMIST","-1.2885927, -1.1003338, -1.282731, -1.4293031","36.9504001, 37.0129017, 36.7848689, 36.6872005",260
1012,Fluconazole,Candizole,KARURA CHEMIST II  TILL 8073490,-1.2196352,36.7128582,40
1014,Fluconazole Suspension,Omastin,Falcon medical clinic ,,,3
1018,Fluticasone,"Avamys, Nasal","Eloc pharmacy , MEDPLEX CHEMIST","-1.2953742, -1.4293031","36.7455442, 36.6872005",5
1019,Folic Acid,Folic Acid,"KARURA CHEMIST II  TILL 8073490, MEDPLEX CHEMIST","-1.2196352, -1.4293031","36.7128582, 36.6872005",200
1021,Folic Acid,Cosmos,EMIR HEALTH CENTER ,-1.266125,36.910522,30
1027,Furosemide,Lasix,KEGAKA PHARMACY,-1.0133967,36.9058388,60
1034,Gabapentin,Gaba,Eloc pharmacy ,-1.2953742,36.7455442,10
1037,Gentamycin,Gentax,"BetahCare Family Health Clinic, CARDINAL CHEMIST",-1.3958137,36.7638655,10
1038,Gentamycin,Abgenta,"Apotek Pharmaceutical, EMIR HEALTH CENTER , urit medical , Wellness","-1.2885927, -1.266125, -1.1009928, -1.1365363","36.9504001, 36.910522, 37.0129877, 36.97286320000001",16
1040,Gentamycin ,"Xtraderm, Cream","ABIJO PHARMACY- WANYEE (Nairobi), ABM PHARMACY (NGARA STAGE) (Nairobi), ABM PHARMACY LIMITED (Nairobi), ABRAPHARMA PHARMACEUTICALS KASARANI (Nairobi), ACCIPITRIDAE CHEMIST (Nairobi), ACCRA PHARMACY LTD - OPPOSITE MLK HOSP (Nairobi), ACCRA PHARMACY LTD HAKATI (Nairobi), ACCRA-MED CHEMISTS LIMITED (Nairobi), ACE CARE PHARMACEUTICALS  (Nairobi), ACESO PHARMACY WELLNESS PHARMACY KASARANI (Nairobi), ADONISI PHARMACEUTICALS (Nairobi), AFRILIFE CHEMIST LTD (BURUBURU) (Nairobi), AFYACARE PHARMA (Nairobi), AGA KHAN HEALTH  SERVICES,KENYA-RUAI (Nairobi), AGA KHAN HEALTH SERVICES,KENYA - HOMA BAY (Nairobi), AGAROSE PHARMACY (Nairobi), AGMART PHARMACEUTICALS-MUHOHO AVENUE (Nairobi), AHWAN PHARMACEUTICALS LIMITED (Nairobi), AHZAAB PHARMACY (Nairobi), AJWA PHARMACEUTICALS LIMITED (Nairobi), AKIMA PHARMACY (Nairobi), AL-AQSA DISPENSING CHEMIST (Nairobi), AL-HANAF PHARMACY (Nairobi), AL-HARAMAIN PHARMACEUTICAL COMPANY LIMITED (Nairobi), ALIF MEDICAL SERVICES LIMITED (Nairobi), ALKEN PHARMACEUTICAL LTD (Nairobi), ALKEN PHARMA","-1.2953742, -1.2757621, -1.2848129, -1.2172469, -1.2575249, -1.2755888, -1.3066383, -1.2832624, -1.2829416, -1.2333266, -1.2688065, -1.3089651, -1.2616578, -1.2618776, -1.2831312, -1.323767, -1.2589182, -1.2717589, -1.2647119, -1.2059489, -1.2715424, -1.2721321, -1.2744794, -1.2731049, -1.2880112, -1.2958752, -1.3128673, -1.2460403, -1.284749, -1.1990686, -1.2579931, -1.2705845, -1.2913585, -1.2715203, -1.2849625, -1.2869817, -1.2849438, -1.2469388, -1.3139741, -1.2752485, -1.3152957, -1.2834847, -1.2773221, -1.3210273, -1.3211336, -1.2735173, -1.2493027, -1.2786587, -1.2953175, -1.2624961, -1.2575724, -1.2816014, -1.2345294, -1.2736832, -1.3068667, -1.2857603, -1.3138776, -1.2774177, -1.2844938, -1.2920658, -1.2520284, -1.3205309, -1.2774587, -1.3647519, -1.2607843, -1.2004353, -1.2742434, -1.2741186, -1.317058, -1.1852458, -1.3244384, -1.3127776, -1.2323179, -1.272905, -1.2525589, -1.2523093, -1.277364, -1.1975121, -1.2837102, -1.275237, -1.2763955, -1.291999, -1.2871746, -1.2846548, -1.2931221, -1.3082142,","36.7455442, 36.8290212, 36.7530976, 36.8959913, 36.9120257, 36.9109491, 36.8024294, 36.8266431, 36.7369557, 36.9294375, 36.8093088, 36.8936368, 36.9759005, 36.8237412, 36.9029929, 36.843886, 36.8142488, 36.8480778, 36.8389479, 36.8952592, 36.8478688, 36.8424626, 36.8506309, 36.8512824, 36.8620558, 36.86992360000001, 36.889599, 36.87666979999999, 36.9000191, 36.9031977, 36.921258, 36.84557, 36.7339325, 36.987496, 36.8945577, 36.9861242, 36.8686616, 36.9012134, 36.910138, 36.823283, 36.889222, 36.8158265, 36.8974843, 36.8006868, 36.96363580000001, 36.6845007, 36.88855, 36.6984177, 36.8222835, 36.8117362, 36.818184, 36.9038803, 36.8511881, 36.8969262, 36.984962, 36.8951043, 36.7917285, 36.828068, 36.8219462, 36.7946567, 36.70374049999999, 36.85141, 36.9454922, 36.8082989, 36.9005796, 36.8435388, 36.844201, 36.8959223, 36.9068067, 36.8984997, 36.8295928, 36.8035009, 36.851265, 36.927833, 36.9497128, 36.8760519, 36.9025748, 36.7586288, 36.8219406, 36.8268934, 36.8458016, 36.89397, 36.8572037, 36.7897254, 36.911857",1273
1043,Ginesomega,Ginesomega,Eloc pharmacy ,-1.2953742,36.7455442,14
1048,Gliclazide,Diagluc,KARURA CHEMIST II  TILL 8073490,-1.2196352,36.7128582,5
1049,Gliclazide,Diamicron,"KARURA CHEMIST II  TILL 8073490, Nas Chemist","-1.2196352, 0.5206237","36.7128582, 35.2762755",77
1051,Gliclazide Modified Release,Glycinorm MR,KARURA CHEMIST II  TILL 8073490,-1.2196352,36.7128582,34
1054,Glimepiride,Glypin,Churmad Retail Pharmacy ,-1.3319206,36.8571633,5
1059,Gloves - Exam,"Generic, Latex","Bonaim pharmacy , Bripamu Medical Stores, KARURA CHEMIST II  TILL 8073490","-1.2062072, -1.3111251, -1.2196352","36.89570200000001, 36.8939304, 36.7128582",30
1060,Gloves - Surgical,"Generic, Non-Powdered",Romac Pharmacy ,-1.2706834,36.8466657,26
1063,Glucosamine,Osteomin Once A Day,KARURA CHEMIST II  TILL 8073490,-1.2196352,36.7128582,10
1067,Glucosamine ,Cartil Forte,MEDPLEX CHEMIST,-1.4293031,36.6872005,34
1070,Glycerin,Generic,Apotek Pharmaceutical,-1.2885927,36.9504001,1
1076,Gripe Water,Beta,"Apotek Pharmaceutical, MEDPLEX CHEMIST","-1.2885927, -1.4293031","36.9504001, 36.6872005",5
1077,Gripe Water,Beta,"Apotek Pharmaceutical, Drughub Pharmacy ","-1.2885927, -1.2318004","36.9504001, 36.8725528",3
1078,Gripe Water,Woodwards,KARURA CHEMIST II  TILL 8073490,-1.2196352,36.7128582,1
1081,Griseofulvin,Grisofulvin,"Apotek Pharmaceutical, CHARLIK PHARMACY, KARURA CHEMIST II  TILL 8073490","-1.2885927, -1.215894, -1.2196352","36.9504001, 36.88669160000001, 36.7128582",113
1082,Griseofulvin,Griseofulvin,Apotek Pharmaceutical,-1.2885927,36.9504001,72
1083,HIV kit,insti hiv,"Disanjo Chemist , SAMIALBA","-1.2650867, -1.279668","36.8826178, 36.82553",5
1084,Haematinic,Ranferon,"ANGELIC STAR PHARMACEUTICALS, EMIR HEALTH CENTER , KARURA CHEMIST II  TILL 8073490, Perta Chemist","-1.2834847, -1.266125, -1.2196352, -1.1079318","36.889222, 36.910522, 36.7128582, 37.016326",28
1087,Hand Sanitizer,Joy Pharm,Romac Pharmacy ,-1.2706834,36.8466657,49
1090,Herbal Cough Lozanges,Mentho King Double Action,MEDPLEX CHEMIST,-1.4293031,36.6872005,1
1091,Herbal Cough Syrup,Kofkich,Disanjo Chemist ,-1.2650867,36.8826178,1
1093,Hiv Test Kit,Accufast Test Kit,"Falcon medical clinic , Gitrose Pharmacy, urit medical ","-1.2552408, -1.1009928","36.6943718, 37.0129877",388
1100,Hydrocortisone,Labohydro,Jubilee-Care Chemist,-1.1003338,37.0129017,10
1101,Hydrocortisone,Hydrocortisone Injection,"Bripamu Medical Stores, Falcon medical clinic ",-1.3111251,36.8939304,34
1102,Hydrocortisone,"hycorum, Cream","ANGELIC STAR PHARMACEUTICALS, Apotek Pharmaceutical","-1.2834847, -1.2885927","36.889222, 36.9504001",4
1108,Hydrocortisone,Hycorum Cream,Falcon medical clinic ,,,25
1110,Hydrocortisone,"Anusol, Ointment","EMIR HEALTH CENTER , KARURA CHEMIST II  TILL 8073490, MEDPLEX CHEMIST","-1.266125, -1.2196352, -1.4293031","36.910522, 36.7128582, 36.6872005",3
1114,Hydrocortisone ,Anomex Suppository,"Bophelo Pele Pharmacy, MEDPLEX CHEMIST","-28.8742772, -1.4293031","28.048548, 36.6872005",28
1115,Hydrogen Peroxide,Generic,"ABIJO PHARMACY- WANYEE (Nairobi), ABM PHARMACY (NGARA STAGE) (Nairobi), ABM PHARMACY LIMITED (Nairobi), ABRAPHARMA PHARMACEUTICALS KASARANI (Nairobi), ACCIPITRIDAE CHEMIST (Nairobi), ACCRA PHARMACY LTD - OPPOSITE MLK HOSP (Nairobi), ACCRA PHARMACY LTD HAKATI (Nairobi), ACE CARE PHARMACEUTICALS  (Nairobi), ACESO PHARMACY WELLNESS PHARMACY KASARANI (Nairobi), ADONISI PHARMACEUTICALS (Nairobi), AFYACARE PHARMA (Nairobi), AGA KHAN HEALTH  SERVICES,KENYA-RUAI (Nairobi), AGA KHAN HEALTH SERVICES,KENYA - HOMA BAY (Nairobi), AGAROSE PHARMACY (Nairobi), AGMART PHARMACEUTICALS-MUHOHO AVENUE (Nairobi), AHWAN PHARMACEUTICALS LIMITED (Nairobi), AHZAAB PHARMACY (Nairobi), AJWA PHARMACEUTICALS LIMITED (Nairobi), AKIMA PHARMACY (Nairobi), AL-AQSA DISPENSING CHEMIST (Nairobi), AL-HANAF PHARMACY (Nairobi), AL-HARAMAIN PHARMACEUTICAL COMPANY LIMITED (Nairobi), ALANE PHARMACY LTD (Nairobi), ALIF MEDICAL SERVICES LIMITED (Nairobi), ALISON AGROCHEM CHEMISTS LIMITED (Nairobi), ALKEN PHARMACEUTICAL LTD (Nairobi), ALKEN PHARMACEUTICA","-1.2953742, -1.2757621, -1.2848129, -1.2575249, -1.2755888, -1.3066383, -1.2829416, -1.2333266, -1.2688065, -1.3089651, -1.2616578, -1.2618776, -1.2831312, -1.323767, -1.2589182, -1.2717589, -1.2647119, -1.2059489, -1.2715424, -1.2721321, -1.2744794, -1.276733, -1.2731049, -1.2253857, -1.2880112, -1.2958752, -1.3128673, -1.2460403, -1.284749, -1.2172469, -1.1990686, -1.2579931, -1.2705845, -1.2913585, -1.2715203, -1.2849625, -1.2869817, -1.2849438, -1.2469388, -1.3139741, -1.2752485, -1.3152957, -1.2185276, -1.2834847, -1.2773221, -1.3210273, -1.3211336, -1.2493027, -1.2786587, -1.2624961, -1.2575724, -1.32349, -1.2816014, -1.2345294, -1.2736832, -1.2694513, -1.3068667, -1.3590694, -1.271185, -1.3138776, -1.2774177, -1.2844938, -1.2920658, -1.2520284, -1.2706834, -1.3205309, -1.1835554, -1.2774587, -1.2673667, -1.3647519, -1.2607843, -1.2964585, -1.2856445, -1.2004353, -1.2742434, -1.2741186, -1.317058, -1.1852458, -1.3244384, -1.3127776, -1.2323179, -1.272905, -1.2525589, -1.277364, -1.1975121, -1.2837102, -","36.7455442, 36.8290212, 36.7530976, 36.9120257, 36.9109491, 36.8024294, 36.7369557, 36.9294375, 36.8093088, 36.8936368, 36.9759005, 36.8237412, 36.9029929, 36.843886, 36.8142488, 36.8480778, 36.8389479, 36.8952592, 36.8478688, 36.8424626, 36.8506309, 36.8307703, 36.8512824, 36.9210154, 36.8620558, 36.86992360000001, 36.889599, 36.87666979999999, 36.9000191, 36.8959913, 36.9031977, 36.921258, 36.84557, 36.7339325, 36.89315819999999, 36.987496, 36.8945577, 36.9861242, 36.8686616, 36.9012134, 36.910138, 36.823283, 36.9025676, 36.889222, 36.8158265, 36.8974843, 36.8006868, 36.6845007, 36.88855, 36.8222835, 36.8117362, 36.70831, 36.818184, 36.9038803, 36.8511881, 36.7998296, 36.8969262, 36.7468779, 36.8493086, 36.8951043, 36.7917285, 36.828068, 36.7946567, 36.8466657, 36.70374049999999, 36.9005074, 36.85141, 36.7509204, 36.9454922, 36.8082989, 36.7995443, 36.8297902, 36.9005796, 36.8435388, 36.844201, 36.8959223, 36.9068067, 36.8984997, 36.8295928, 36.8035009, 36.851265, 36.927833, 36.8760519, 36.9025748, 36.75862",1270
1116,Hydroxychloroquine,HCQS,KARURA CHEMIST II  TILL 8073490,-1.2196352,36.7128582,90
1117,Hydroxyprogesterone,Primolut N,"EMIR HEALTH CENTER , MEDPLEX CHEMIST","-1.266125, -1.4293031","36.910522, 36.6872005",70
1119,Hyoscine Butylbromide,Bispanol,B-sons pharmacy,-1.2673667,36.7509204,25
1123,Hyoscine Butylbromide,Buscopan,"Apotek Pharmaceutical, Bripamu Medical Stores, EMIR HEALTH CENTER , Falcon medical clinic ","-1.2885927, -1.3111251, -1.266125","36.9504001, 36.8939304, 36.910522",125
1125,Ibuprofen,Ibuflam 100mls,"Bripamu Medical Stores, Romac Pharmacy ","-1.3111251, -1.2706834","36.8939304, 36.8466657",27
1128,Ibuprofen,Brufen Paediatric,"Apotek Pharmaceutical, CALMAK CHEMIST ","-1.2885927, -1.053931","36.9504001, 38.3631399",5
1129,Ibuprofen,Brufen Generic,"Disanjo Chemist , Eloc pharmacy , EMIR HEALTH CENTER , KARURA CHEMIST II  TILL 8073490, Nas Chemist, Tarapharm , urit medical ","-1.2650867, -1.2953742, -1.266125, -1.2196352, 0.5206237, -1.26445, -1.1009928","36.8826178, 36.7455442, 36.910522, 36.7128582, 35.2762755, 36.721303, 37.0129877",1619
1130,Ibuprofen,Daprofen,"Eloc pharmacy , Jubilee-Care Chemist, Romac Pharmacy ","-1.2953742, -1.1003338, -1.2706834","36.7455442, 37.0129017, 36.8466657",22
1132,Ibuprofen,Ibumex,SIDAI CHEMIST,-1.4779526,36.9577694,1
1133,Ibuprofen,Brufen Generic,"Apotek Pharmaceutical, BetahCare Family Health Clinic, Bonaim pharmacy , CARDINAL CHEMIST, Fast Health Pharmacy , Jubilee-Care Chemist, MEDPLEX CHEMIST, pharmaland, urit medical ","-1.2885927, -1.2062072, -1.3958137, -1.2908275, -1.1003338, -1.4293031, -4.0587263, -1.1009928","36.9504001, 36.89570200000001, 36.7638655, 36.7327734, 37.0129017, 36.6872005, 39.6728888, 37.0129877",769
1134,Ibuprofen,Gofen,Goblet Enterprise,-1.454577,36.9882026,3
1136,Ibuprofen,Brufen  100's,"Apotek Pharmaceutical, B-sons pharmacy, Bripamu Medical Stores, CARDINAL CHEMIST, Carlmuko Chemist, Falcon medical clinic , Fast Health Pharmacy , KEGAKA PHARMACY, MEDIBLEND , Perta Chemist","-1.2885927, -1.2673667, -1.3111251, -1.3958137, -1.2498215, -1.2908275, -1.0133967, -1.282731, -1.1079318","36.9504001, 36.7509204, 36.8939304, 36.7638655, 36.9514526, 36.7327734, 36.9058388, 36.7848689, 37.016326",1884
1140,Ibuprofen ,Brufamol,Miliecare,,,1
1144,Ibuprofen ,Brustan,"Apotek Pharmaceutical, BetahCare Family Health Clinic, EMIR HEALTH CENTER , MEDPLEX CHEMIST","-1.2885927, -1.266125, -1.4293031","36.9504001, 36.910522, 36.6872005",23
1146,Ibuprofen ,Brustan,"Apotek Pharmaceutical, Bripamu Medical Stores, EMIR HEALTH CENTER , KARURA CHEMIST II  TILL 8073490, MEDPLEX CHEMIST","-1.2885927, -1.3111251, -1.266125, -1.2196352, -1.4293031","36.9504001, 36.8939304, 36.910522, 36.7128582, 36.6872005",250
1150,Ibuprofen N Paracetamol,Totowell,EMIR HEALTH CENTER ,-1.266125,36.910522,1
1151,Ibuprofen plus paracetamol,Ibucap,"Crowmed pharmaceuticals , Eloc pharmacy , EMIR HEALTH CENTER , Minimall pharmacy ","-1.3621855, -1.2953742, -1.266125, -1.2075997","36.6555867, 36.7455442, 36.910522, 36.9289285",21
1157,Indomethacin,Indocid,"CALMAK CHEMIST , Crowmed pharmaceuticals , Disanjo Chemist , Eloc pharmacy , floram pharmacy, KARURA CHEMIST II  TILL 8073490, urit medical ","-1.053931, -1.3621855, -1.2650867, -1.2953742, -1.4756257, -1.2196352, -1.1009928","38.3631399, 36.6555867, 36.8826178, 36.7455442, 36.957177, 36.7128582, 37.0129877",255
1161,Insulin Lispro ,Humalog Kwikpen,"ABIJO PHARMACY- WANYEE (Nairobi), ABM PHARMACY (NGARA STAGE) (Nairobi), ABM PHARMACY LIMITED (Nairobi), ABRAPHARMA PHARMACEUTICALS KASARANI (Nairobi), ACCIPITRIDAE CHEMIST (Nairobi), ACCRA PHARMACY LTD - OPPOSITE MLK HOSP (Nairobi), ACCRA PHARMACY LTD HAKATI (Nairobi), ACCRA-MED CHEMISTS LIMITED (Nairobi), ACE CARE PHARMACEUTICALS  (Nairobi), ACESO PHARMACY WELLNESS PHARMACY KASARANI (Nairobi), ADONISI PHARMACEUTICALS (Nairobi), AFRILIFE CHEMIST LTD (BURUBURU) (Nairobi), AFYACARE PHARMA (Nairobi), AGA KHAN HEALTH  SERVICES,KENYA-RUAI (Nairobi), AGA KHAN HEALTH SERVICES,KENYA - HOMA BAY (Nairobi), AGAROSE PHARMACY (Nairobi), AGMART PHARMACEUTICALS-MUHOHO AVENUE (Nairobi), AHZAAB PHARMACY (Nairobi), AJWA PHARMACEUTICALS LIMITED (Nairobi), AL-AQSA DISPENSING CHEMIST (Nairobi), AL-HANAF PHARMACY (Nairobi), AL-HARAMAIN PHARMACEUTICAL COMPANY LIMITED (Nairobi), ALANE PHARMACY LTD (Nairobi), ALIF MEDICAL SERVICES LIMITED (Nairobi), ALISON AGROCHEM CHEMISTS LIMITED (Nairobi), ALKEN PHARMACEUTICAL LTD (Nairobi), ALKEN","-1.2953742, -1.2757621, -1.2848129, -1.2172469, -1.2575249, -1.2755888, -1.3066383, -1.2832624, -1.2829416, -1.2333266, -1.2688065, -1.3089651, -1.2616578, -1.2618776, -1.2831312, -1.323767, -1.2717589, -1.2647119, -1.2715424, -1.2721321, -1.2744794, -1.276733, -1.2731049, -1.2253857, -1.2880112, -1.2958752, -1.3128673, -1.284749, -1.1990686, -1.2705845, -1.2913585, -1.2849625, -1.2869817, -1.2849438, -1.2469388, -1.3139741, -1.2752485, -1.3152957, -1.2185276, -1.2834847, -1.2773221, -1.3210273, -1.3211336, -1.2493027, -1.2786587, -1.2953175, -1.2624961, -1.2575724, -1.32349, -1.2816014, -1.2345294, -1.2736832, -1.3068667, -1.3590694, -1.271185, -1.3138776, -1.2774177, -1.2844938, -1.2920658, -1.2520284, -1.2706834, -1.1835554, -1.2774587, -1.3647519, -1.2607843, -1.2964585, -1.2856445, -1.2004353, -1.2742434, -1.317058, -1.1852458, -1.3244384, -1.3127776, -1.272905, -1.2525589, -1.2523093, -1.277364, -1.1975121, -1.275237, -1.2763955, -1.291999, -1.2906482, -1.2871746, -1.2846548, -1.2931221, -1.3082142, -1.","36.7455442, 36.8290212, 36.7530976, 36.8959913, 36.9120257, 36.9109491, 36.8024294, 36.8266431, 36.7369557, 36.9294375, 36.8093088, 36.8936368, 36.9759005, 36.8237412, 36.9029929, 36.843886, 36.8480778, 36.8389479, 36.8478688, 36.8424626, 36.8506309, 36.8307703, 36.8512824, 36.9210154, 36.8620558, 36.86992360000001, 36.889599, 36.9000191, 36.9031977, 36.84557, 36.7339325, 36.987496, 36.8945577, 36.9861242, 36.8686616, 36.9012134, 36.910138, 36.823283, 36.9025676, 36.889222, 36.8158265, 36.8974843, 36.8006868, 36.6845007, 36.88855, 36.6984177, 36.8222835, 36.8117362, 36.70831, 36.818184, 36.9038803, 36.8511881, 36.8969262, 36.7468779, 36.8493086, 36.8951043, 36.7917285, 36.828068, 36.7946567, 36.8466657, 36.9005074, 36.85141, 36.9454922, 36.8082989, 36.7995443, 36.8297902, 36.9005796, 36.8435388, 36.8959223, 36.9068067, 36.8984997, 36.8295928, 36.851265, 36.927833, 36.9497128, 36.8760519, 36.9025748, 36.8219406, 36.8268934, 36.8458016, 36.9029842, 36.89397, 36.8572037, 36.7897254, 36.9118572, 36.8160691, 36.86",1160
1165,Insulin Syringe G32,Microfine 4mm,Romac Pharmacy ,-1.2706834,36.8466657,26
1166,Irbesartan,Irovel,"ABIJO PHARMACY- WANYEE (Nairobi), ABM PHARMACY (NGARA STAGE) (Nairobi), ABM PHARMACY LIMITED (Nairobi), ABRAPHARMA PHARMACEUTICALS KASARANI (Nairobi), ACCIPITRIDAE CHEMIST (Nairobi), ACCRA PHARMACY LTD - OPPOSITE MLK HOSP (Nairobi), ACCRA PHARMACY LTD HAKATI (Nairobi), ACCRA-MED CHEMISTS LIMITED (Nairobi), ACE CARE PHARMACEUTICALS  (Nairobi), ACESO PHARMACY WELLNESS PHARMACY KASARANI (Nairobi), ADONISI PHARMACEUTICALS (Nairobi), AFRILIFE CHEMIST LTD (BURUBURU) (Nairobi), AFYACARE PHARMA (Nairobi), AGA KHAN HEALTH  SERVICES,KENYA-RUAI (Nairobi), AGA KHAN HEALTH SERVICES,KENYA - HOMA BAY (Nairobi), AGAROSE PHARMACY (Nairobi), AGMART PHARMACEUTICALS-MUHOHO AVENUE (Nairobi), AHWAN PHARMACEUTICALS LIMITED (Nairobi), AHZAAB PHARMACY (Nairobi), AJWA PHARMACEUTICALS LIMITED (Nairobi), AKIMA PHARMACY (Nairobi), AL-AQSA DISPENSING CHEMIST (Nairobi), AL-HANAF PHARMACY (Nairobi), AL-HARAMAIN PHARMACEUTICAL COMPANY LIMITED (Nairobi), ALANE PHARMACY LTD (Nairobi), ALIF MEDICAL SERVICES LIMITED (Nairobi), ALKEN PHARMACEUTIC","-1.2953742, -1.2757621, -1.2848129, -1.2172469, -1.2575249, -1.2755888, -1.3066383, -1.2832624, -1.2829416, -1.2333266, -1.2688065, -1.3089651, -1.2616578, -1.2618776, -1.2831312, -1.323767, -1.2589182, -1.2717589, -1.2647119, -1.2059489, -1.2715424, -1.2721321, -1.2744794, -1.276733, -1.2731049, -1.2880112, -1.2958752, -1.3128673, -1.2460403, -1.284749, -1.2579931, -1.2705845, -1.2913585, -1.2715203, -1.2849625, -1.2869817, -1.2597254, -1.2469388, -1.3139741, -1.2752485, -1.3152957, -1.2185276, -1.2834847, -1.2773221, -1.3210273, -1.3211336, -1.2735173, -1.2493027, -1.2786587, -1.2953175, -1.2624961, -1.2575724, -1.32349, -1.2816014, -1.2522439, -1.2345294, -1.2736832, -1.2694513, -1.3068667, -1.3590694, -1.271185, -1.2857603, -1.3138776, -1.2774177, -1.2844938, -1.2920658, -1.2520284, -1.3205309, -1.1835554, -1.2774587, -1.3647519, -1.2964585, -1.2856445, -1.2004353, -1.2742434, -1.2741186, -1.317058, -1.1852458, -1.3244384, -1.3127776, -1.2323179, -1.272905, -1.2959953, -1.2525589, -1.2523093, -1.277364, -","36.7455442, 36.8290212, 36.7530976, 36.8959913, 36.9120257, 36.9109491, 36.8024294, 36.8266431, 36.7369557, 36.9294375, 36.8093088, 36.8936368, 36.9759005, 36.8237412, 36.9029929, 36.843886, 36.8142488, 36.8480778, 36.8389479, 36.8952592, 36.8478688, 36.8424626, 36.8506309, 36.8307703, 36.8512824, 36.8620558, 36.86992360000001, 36.889599, 36.87666979999999, 36.9000191, 36.921258, 36.84557, 36.7339325, 36.987496, 36.8945577, 36.8268476, 36.8686616, 36.9012134, 36.910138, 36.823283, 36.9025676, 36.889222, 36.8158265, 36.8974843, 36.8006868, 36.96363580000001, 36.6845007, 36.88855, 36.6984177, 36.8222835, 36.8117362, 36.70831, 36.818184, 36.8674089, 36.9038803, 36.8511881, 36.7998296, 36.8969262, 36.7468779, 36.8493086, 36.984962, 36.8951043, 36.7917285, 36.828068, 36.8219462, 36.7946567, 36.70374049999999, 36.9005074, 36.85141, 36.9454922, 36.7995443, 36.8297902, 36.9005796, 36.8435388, 36.844201, 36.8959223, 36.9068067, 36.8984997, 36.8295928, 36.8035009, 36.851265, 36.8082191, 36.927833, 36.9497128, 36.876051",1166
1175,Ivermectin,Ivermectin,KARURA CHEMIST II  TILL 8073490,-1.2196352,36.7128582,2
1178,Ketoconazole,"Konazol, Cream","Apotek Pharmaceutical, MEDPLEX CHEMIST","-1.2885927, -1.4293031","36.9504001, 36.6872005",4
1179,Ketoconazole,Hitoral Shampoo,"EMIR HEALTH CENTER , Jubilee-Care Chemist, KARURA CHEMIST II  TILL 8073490, MEDPLEX CHEMIST","-1.266125, -1.1003338, -1.2196352, -1.4293031","36.910522, 37.0129017, 36.7128582, 36.6872005",5
1181,Ketoconazole,Ketoconazole cream,"KARURA CHEMIST II  TILL 8073490, MEDIBLEND ","-1.2196352, -1.282731","36.7128582, 36.7848689",34
1183,Ketoconazole,Ketoziral,"Apotek Pharmaceutical, Perta Chemist, urit medical ","-1.2885927, -1.1079318, -1.1009928","36.9504001, 37.016326, 37.0129877",104
1196,Lactulose,lactitoss,MEDPLEX CHEMIST,-1.4293031,36.6872005,4
1200,Lansoprazole ,"Pylotrip, H.Pylori",Goblet Enterprise,-1.454577,36.9882026,2
1201,"Lansoprazole, Tinidazole,clarithromycin",Sure Kit,"KARURA CHEMIST II  TILL 8073490, MEDPLEX CHEMIST","-1.2196352, -1.4293031","36.7128582, 36.6872005",4
1202,Laxative,Movicol,Romac Pharmacy ,-1.2706834,36.8466657,20
1211,Levocetirizine,Levofast,CARDINAL CHEMIST,-1.3958137,36.7638655,4
1213,Levofloxacin,Levoquin,"CARDINAL CHEMIST, Eloc pharmacy ","-1.3958137, -1.2953742","36.7638655, 36.7455442",70
1214,Levofloxacin,My Dawa Levofloxacin,"Bonaim pharmacy , MEDIBLEND , SIDAI CHEMIST","-1.2062072, -1.282731, -1.4779526","36.89570200000001, 36.7848689, 36.9577694",16
1217,Levofloxacin,Levobact,"KARURA CHEMIST II  TILL 8073490, MEDPLEX CHEMIST","-1.2196352, -1.4293031","36.7128582, 36.6872005",2
1219,Levonorgestrel,Emcon,"ANGELLIC STAR PHARMACY , CARDINAL CHEMIST, Fred chemist, Lifemed 3ds mlolongo , memah bestcare pharmacy","-1.2844625, -1.3958137, -1.2859995, -1.3940237, -0.3076936","36.885289, 36.7638655, 36.7455585, 36.9390723, 38.2196697",12
1220,Levonorgestrel,Postinor 2,"ANGELIC STAR PHARMACEUTICALS, ANGELLIC STAR PHARMACY , Apotek Pharmaceutical, BetahCare Family Health Clinic, Bonaim pharmacy , CARDINAL CHEMIST, CHARLIK PHARMACY, Crowmed pharmaceuticals , Disanjo Chemist , Eloc pharmacy , Falcon medical clinic , Fastmedd , KARURA CHEMIST II  TILL 8073490, Kasrut pharmacy, MEDIBLEND , MEDPLEX CHEMIST, Nas Chemist","-1.2834847, -1.2844625, -1.2885927, -1.2062072, -1.3958137, -1.215894, -1.3621855, -1.2650867, -1.2953742, -1.2196352, -1.4928076, -1.282731, -1.4293031, 0.5206237","36.889222, 36.885289, 36.9504001, 36.89570200000001, 36.7638655, 36.88669160000001, 36.6555867, 36.8826178, 36.7455442, 36.7128582, 37.2463473, 36.7848689, 36.6872005, 35.2762755",483
1221,Levonorgestrel,Ecee2,"ANGELLIC STAR PHARMACY , CHARLIK PHARMACY, Crowmed pharmaceuticals , Eloc pharmacy , Perta Chemist, Sportpharm chemist","-1.2844625, -1.215894, -1.3621855, -1.2953742, -1.1079318, -1.2937908","36.885289, 36.88669160000001, 36.6555867, 36.7455442, 37.016326, 36.8797927",18
1222,Levonorgestrel ,Microgynon Original,"ANGELLIC STAR PHARMACY , KARURA CHEMIST II  TILL 8073490","-1.2844625, -1.2196352","36.885289, 36.7128582",4
1223,Levonorgestrel ,Femiplan,"ANGELLIC STAR PHARMACY , BetahCare Family Health Clinic, Bripamu Medical Stores, CHARLIK PHARMACY, EMIR HEALTH CENTER , Jubilee-Care Chemist, MEDIBLEND , Nas Chemist","-1.2844625, -1.3111251, -1.215894, -1.266125, -1.1003338, -1.282731, 0.5206237","36.885289, 36.8939304, 36.88669160000001, 36.910522, 37.0129017, 36.7848689, 35.2762755",181
1224,Levonorgestrel ,Microgynon Fe,"ANGELLIC STAR PHARMACY , Barbie's chem , BetahCare Family Health Clinic, Bripamu Medical Stores, Disanjo Chemist , Jubilee-Care Chemist, KARURA CHEMIST II  TILL 8073490","-1.2844625, -1.2827303, -1.3111251, -1.2650867, -1.1003338, -1.2196352","36.885289, 36.82766, 36.8939304, 36.8826178, 37.0129017, 36.7128582",47
1229,Levothyroxine,Euthyrox,KARURA CHEMIST II  TILL 8073490,-1.2196352,36.7128582,30
1237,Liniment,"Rubem, Cream",KARURA CHEMIST II  TILL 8073490,-1.2196352,36.7128582,1
1239,Liniment,"Nauma, Balm",EMIR HEALTH CENTER ,-1.266125,36.910522,1
1243,Lisinopril,Zestril,space race,-1.311053,36.745584,1
1245,Loperamide,Imodium,urit medical ,-1.1009928,37.0129877,1
1246,Loperamide,Generic,"Apotek Pharmaceutical, BetahCare Family Health Clinic, CHARLIK PHARMACY, Eloc pharmacy , KARURA CHEMIST II  TILL 8073490, Lifemed 3ds mlolongo , MEDPLEX CHEMIST","-1.2885927, -1.215894, -1.2953742, -1.2196352, -1.3940237, -1.4293031","36.9504001, 36.88669160000001, 36.7455442, 36.7128582, 36.9390723, 36.6872005",88
1249,Loratadine,Loratin Fast,"ANGELIC STAR PHARMACEUTICALS, THE MUTHAMI  HOSPITAL ","-1.2834847, -1.214086","36.889222, 36.7222231",11
1257,Losartan,Prosan,"ABIJO PHARMACY- WANYEE (Nairobi), ABM PHARMACY (NGARA STAGE) (Nairobi), ABM PHARMACY LIMITED (Nairobi), ABRAPHARMA PHARMACEUTICALS KASARANI (Nairobi), ACCIPITRIDAE CHEMIST (Nairobi), ACCRA PHARMACY LTD - OPPOSITE MLK HOSP (Nairobi), ACCRA PHARMACY LTD HAKATI (Nairobi), ACCRA-MED CHEMISTS LIMITED (Nairobi), ACE CARE PHARMACEUTICALS  (Nairobi), ACESO PHARMACY WELLNESS PHARMACY KASARANI (Nairobi), ADONISI PHARMACEUTICALS (Nairobi), AFYACARE PHARMA (Nairobi), AGA KHAN HEALTH  SERVICES,KENYA-RUAI (Nairobi), AGA KHAN HEALTH SERVICES,KENYA - HOMA BAY (Nairobi), AGAROSE PHARMACY (Nairobi), AGMART PHARMACEUTICALS-MUHOHO AVENUE (Nairobi), AHWAN PHARMACEUTICALS LIMITED (Nairobi), AJWA PHARMACEUTICALS LIMITED (Nairobi), AKIMA PHARMACY (Nairobi), AL-AQSA DISPENSING CHEMIST (Nairobi), AL-HANAF PHARMACY (Nairobi), AL-HARAMAIN PHARMACEUTICAL COMPANY LIMITED (Nairobi), ALANE PHARMACY LTD (Nairobi), ALIF MEDICAL SERVICES LIMITED (Nairobi), ALISON AGROCHEM CHEMISTS LIMITED (Nairobi), ALKEN PHARMACEUTICAL LTD (Nairobi), ALKEN PH","-1.2953742, -1.2757621, -1.2848129, -1.2575249, -1.2755888, -1.3066383, -1.2832624, -1.2829416, -1.2333266, -1.2688065, -1.3089651, -1.2616578, -1.2618776, -1.2831312, -1.323767, -1.2589182, -1.2647119, -1.2059489, -1.2715424, -1.2721321, -1.2744794, -1.276733, -1.2731049, -1.2253857, -1.2880112, -1.2958752, -1.3128673, -1.2460403, -1.2172469, -1.1990686, -1.2579931, -1.2705845, -1.2913585, -1.2715203, -1.2849625, -1.2869817, -1.2597254, -1.2849438, -1.3139741, -1.2752485, -1.3152957, -1.2185276, -1.2834847, -1.2773221, -1.3210273, -1.3211336, -1.2735173, -1.2493027, -1.2786587, -1.2953175, -1.2624961, -1.2575724, -1.32349, -1.2816014, -1.2522439, -1.2345294, -1.2736832, -1.2694513, -1.3590694, -1.271185, -1.2857603, -1.3138776, -1.2774177, -1.2844938, -1.2920658, -1.2520284, -1.2706834, -1.2774587, -1.3647519, -1.2964585, -1.2856445, -1.2004353, -1.2742434, -1.2741186, -1.1852458, -1.3127776, -1.2323179, -1.272905, -1.2959953, -1.2525589, -1.2523093, -1.277364, -1.3244384, -1.2837102, -1.275237, -1.2763955, ","36.7455442, 36.8290212, 36.7530976, 36.9120257, 36.9109491, 36.8024294, 36.8266431, 36.7369557, 36.9294375, 36.8093088, 36.8936368, 36.9759005, 36.8237412, 36.9029929, 36.843886, 36.8142488, 36.8389479, 36.8952592, 36.8478688, 36.8424626, 36.8506309, 36.8307703, 36.8512824, 36.9210154, 36.8620558, 36.86992360000001, 36.889599, 36.87666979999999, 36.8959913, 36.9031977, 36.921258, 36.84557, 36.7339325, 36.89315819999999, 36.987496, 36.8945577, 36.8268476, 36.9861242, 36.9012134, 36.910138, 36.823283, 36.9025676, 36.889222, 36.8158265, 36.8974843, 36.8006868, 36.96363580000001, 36.6845007, 36.88855, 36.6984177, 36.8222835, 36.8117362, 36.70831, 36.818184, 36.8674089, 36.9038803, 36.8511881, 36.7998296, 36.7468779, 36.8493086, 36.984962, 36.8951043, 36.7917285, 36.828068, 36.8219462, 36.7946567, 36.8466657, 36.85141, 36.9454922, 36.7995443, 36.8297902, 36.9005796, 36.8435388, 36.844201, 36.9068067, 36.8295928, 36.8035009, 36.851265, 36.8082191, 36.927833, 36.9497128, 36.8760519, 36.8984997, 36.7586288, 36.821940",1166
1258,Losartan,Losar Denk 50,Churmad Retail Pharmacy ,-1.3319206,36.8571633,3
1259,Losartan,Losar Denk 100,Churmad Retail Pharmacy ,-1.3319206,36.8571633,5
1261,Losartan,"Losartas, Orange",KARURA CHEMIST II  TILL 8073490,-1.2196352,36.7128582,1
1262,Losartan,Carditan,"KARURA CHEMIST II  TILL 8073490, MEDPLEX CHEMIST","-1.2196352, -1.4293031","36.7128582, 36.6872005",290
1264,Losartan ,Carditan AM,"KARURA CHEMIST II  TILL 8073490, MEDPLEX CHEMIST","-1.2196352, -1.4293031","36.7128582, 36.6872005",56
1266,Losartan ,Amlozaar,"KARURA CHEMIST II  TILL 8073490, MEDPLEX CHEMIST","-1.2196352, -1.4293031","36.7128582, 36.6872005",393
1274,Losartan ,Losartas HT,"Bonaim pharmacy , KARURA CHEMIST II  TILL 8073490","-1.2062072, -1.2196352","36.89570200000001, 36.7128582",5
1276,Losartan ,Presartan H 50,"Bripamu Medical Stores, KARURA CHEMIST II  TILL 8073490, MEDIBLEND , MEDPLEX CHEMIST, Nas Chemist, SIDAI CHEMIST","-1.3111251, -1.2196352, -1.282731, -1.4293031, 0.5206237, -1.4779526","36.8939304, 36.7128582, 36.7848689, 36.6872005, 35.2762755, 36.9577694",1191
1277,Losartan ,Carditan H,"Benpeny Chemist, Jubilee-Care Chemist, KARURA CHEMIST II  TILL 8073490, KEGAKA PHARMACY, MEDPLEX CHEMIST, Nas Chemist, SIDAI CHEMIST","-1.1469238, -1.1003338, -1.2196352, -1.0133967, -1.4293031, 0.5206237, -1.4779526","36.9587031, 37.0129017, 36.7128582, 36.9058388, 36.6872005, 35.2762755, 36.9577694",1077
1278,Lotion,Opele,Apotek Pharmaceutical,-1.2885927,36.9504001,2
1279,Lozenges,"Zecuf, Orange","ANGELLIC STAR PHARMACY , Jufan Pharmacy","-1.2844625, -1.1650403","36.885289, 36.9696471",6
1280,Lozenges,Cofta,EMIR HEALTH CENTER ,-1.266125,36.910522,45
1281,Lozenges,"Strepsils, Regular","ANGELIC STAR PHARMACEUTICALS, ANGELLIC STAR PHARMACY , Apotek Pharmaceutical, CHARLIK PHARMACY, Jubilee-Care Chemist, MEDIBLEND , MEDPLEX CHEMIST, Nas Chemist","-1.2834847, -1.2844625, -1.2885927, -1.215894, -1.1003338, -1.282731, -1.4293031, 0.5206237","36.889222, 36.885289, 36.9504001, 36.88669160000001, 37.0129017, 36.7848689, 36.6872005, 35.2762755",77
1282,Lozenges,"Strepsils, Honey & Lemon","ANGELIC STAR PHARMACEUTICALS, ANGELLIC STAR PHARMACY , Apotek Pharmaceutical, CHARLIK PHARMACY, Crowmed pharmaceuticals , Eloc pharmacy , EMIR HEALTH CENTER , MEDIBLEND , MEDPLEX CHEMIST, Perta Chemist","-1.2834847, -1.2844625, -1.2885927, -1.215894, -1.3621855, -1.2953742, -1.266125, -1.282731, -1.4293031, -1.1079318","36.889222, 36.885289, 36.9504001, 36.88669160000001, 36.6555867, 36.7455442, 36.910522, 36.7848689, 36.6872005, 37.016326",164
1283,Lozenges,Kaluma King,"ANGELLIC STAR PHARMACY , BetahCare Family Health Clinic, EMIR HEALTH CENTER , Falcon medical clinic , Jubilee-Care Chemist, MEDPLEX CHEMIST, Nas Chemist","-1.2844625, -1.266125, -1.1003338, -1.4293031, 0.5206237","36.885289, 36.910522, 37.0129017, 36.6872005, 35.2762755",195
1285,Lubricating Jelly,Ky Durex jelly,"ABIJO PHARMACY- WANYEE (Nairobi), ABM PHARMACY (NGARA STAGE) (Nairobi), ABM PHARMACY LIMITED (Nairobi), ABRAPHARMA PHARMACEUTICALS KASARANI (Nairobi), ACCIPITRIDAE CHEMIST (Nairobi), ACCRA PHARMACY LTD - OPPOSITE MLK HOSP (Nairobi), ACCRA PHARMACY LTD HAKATI (Nairobi), ACCRA-MED CHEMISTS LIMITED (Nairobi), ACE CARE PHARMACEUTICALS  (Nairobi), ACESO PHARMACY WELLNESS PHARMACY KASARANI (Nairobi), ADONISI PHARMACEUTICALS (Nairobi), AFYACARE PHARMA (Nairobi), AGA KHAN HEALTH  SERVICES,KENYA-RUAI (Nairobi), AGAROSE PHARMACY (Nairobi), AGMART PHARMACEUTICALS-MUHOHO AVENUE (Nairobi), AHWAN PHARMACEUTICALS LIMITED (Nairobi), AHZAAB PHARMACY (Nairobi), AKIMA PHARMACY (Nairobi), AL-AQSA DISPENSING CHEMIST (Nairobi), AL-HANAF PHARMACY (Nairobi), AL-HARAMAIN PHARMACEUTICAL COMPANY LIMITED (Nairobi), ALANE PHARMACY LTD (Nairobi), ALIF MEDICAL SERVICES LIMITED (Nairobi), ALISON AGROCHEM CHEMISTS LIMITED (Nairobi), ALKEN PHARMACEUTICAL LTD (Nairobi), ALKEN PHARMACEUTICAL LTD - B-CENTRE (Nairobi), ALKEN PHARMACEUTICALS LTD (","-1.2757621, -1.2848129, -1.2172469, -1.2575249, -1.2755888, -1.3066383, -1.2832624, -1.2829416, -1.2333266, -1.2688065, -1.3089651, -1.2616578, -1.2831312, -1.323767, -1.2589182, -1.2717589, -1.2059489, -1.2715424, -1.2721321, -1.2744794, -1.276733, -1.2731049, -1.2253857, -1.2880112, -1.2958752, -1.3128673, -1.284749, -1.2705845, -1.2913585, -1.2715203, -1.2849625, -1.2869817, -1.2849438, -1.2469388, -1.2752485, -1.3152957, -1.2834847, -1.2773221, -1.3210273, -1.2735173, -1.2493027, -1.2786587, -1.2953175, -1.2624961, -1.2575724, -1.32349, -1.2816014, -1.2345294, -1.2736832, -1.2694513, -1.3590694, -1.271185, -1.2857603, -1.3138776, -1.2774177, -1.2844938, -1.2920658, -1.2520284, -1.2706834, -1.3205309, -1.3647519, -1.2607843, -1.2964585, -1.2004353, -1.2742434, -1.317058, -1.1852458, -1.3244384, -1.2323179, -1.272905, -1.2959953, -1.2523093, -1.277364, -1.1975121, -1.2837102, -1.275237, -1.2763955, -1.291999, -1.2906482, -1.2871746, -1.2846548, -1.2931221, -1.3082142, -1.2828012, -1.2868487, -1.2710617, -1.","36.8290212, 36.7530976, 36.8959913, 36.9120257, 36.9109491, 36.8024294, 36.8266431, 36.7369557, 36.9294375, 36.8093088, 36.8936368, 36.9759005, 36.9029929, 36.843886, 36.8142488, 36.8480778, 36.8952592, 36.8478688, 36.8424626, 36.8506309, 36.8307703, 36.8512824, 36.9210154, 36.8620558, 36.86992360000001, 36.889599, 36.9000191, 36.84557, 36.7339325, 36.987496, 36.8945577, 36.9861242, 36.8686616, 36.910138, 36.823283, 36.889222, 36.8158265, 36.8974843, 36.96363580000001, 36.6845007, 36.88855, 36.6984177, 36.8222835, 36.8117362, 36.70831, 36.818184, 36.9038803, 36.8511881, 36.7998296, 36.7468779, 36.8493086, 36.984962, 36.8951043, 36.7917285, 36.828068, 36.7946567, 36.8466657, 36.70374049999999, 36.9454922, 36.8082989, 36.7995443, 36.9005796, 36.8435388, 36.8959223, 36.9068067, 36.8984997, 36.8035009, 36.851265, 36.8082191, 36.9497128, 36.8760519, 36.9025748, 36.7586288, 36.8219406, 36.8268934, 36.8458016, 36.9029842, 36.89397, 36.8572037, 36.7897254, 36.9118572, 36.8160691, 36.862608, 36.8325956, 36.9215126, 36",1278
1289,Magnesium ,Flatameal DS,KARURA CHEMIST II  TILL 8073490,-1.2196352,36.7128582,30
1290,Magnesium ,Flatameal DS,Nas Chemist,0.5206237,35.2762755,1
1291,Magnesium ,Nilacid,Falcon medical clinic ,,,12
1293,Mask - Face,Disposable Mask,"Apotek Pharmaceutical, Jubilee-Care Chemist","-1.2885927, -1.1003338","36.9504001, 37.0129017",33
1295,Mebendazole,Natoa,KEGAKA PHARMACY,-1.0133967,36.9058388,10
1300,Mefenamic Acid,Mefen,"ABIJO PHARMACY- WANYEE (Nairobi), ABM PHARMACY (NGARA STAGE) (Nairobi), ABRAPHARMA PHARMACEUTICALS KASARANI (Nairobi), ACCIPITRIDAE CHEMIST (Nairobi), ACCRA PHARMACY LTD - OPPOSITE MLK HOSP (Nairobi), ACCRA PHARMACY LTD HAKATI (Nairobi), ACCRA-MED CHEMISTS LIMITED (Nairobi), ACE CARE PHARMACEUTICALS  (Nairobi), ACESO PHARMACY WELLNESS PHARMACY KASARANI (Nairobi), ADONISI PHARMACEUTICALS (Nairobi), AFRILIFE CHEMIST LTD (BURUBURU) (Nairobi), AFYACARE PHARMA (Nairobi), AGA KHAN HEALTH  SERVICES,KENYA-RUAI (Nairobi), AGA KHAN HEALTH SERVICES,KENYA - HOMA BAY (Nairobi), AGAROSE PHARMACY (Nairobi), AGMART PHARMACEUTICALS-MUHOHO AVENUE (Nairobi), AHWAN PHARMACEUTICALS LIMITED (Nairobi), AHZAAB PHARMACY (Nairobi), AJWA PHARMACEUTICALS LIMITED (Nairobi), AKIMA PHARMACY (Nairobi), AL-HANAF PHARMACY (Nairobi), AL-HARAMAIN PHARMACEUTICAL COMPANY LIMITED (Nairobi), ALANE PHARMACY LTD (Nairobi), ALIF MEDICAL SERVICES LIMITED (Nairobi), ALISON AGROCHEM CHEMISTS LIMITED (Nairobi), ALKEN PHARMACEUTICAL LTD - B-CENTRE (Nairobi","-1.2757621, -1.2172469, -1.2575249, -1.2755888, -1.3066383, -1.2832624, -1.2829416, -1.2333266, -1.2688065, -1.3089651, -1.2616578, -1.2618776, -1.2831312, -1.323767, -1.2589182, -1.2717589, -1.2647119, -1.2059489, -1.2721321, -1.2744794, -1.276733, -1.2731049, -1.2253857, -1.2880112, -1.2958752, -1.3128673, -1.2460403, -1.284749, -1.1990686, -1.2579931, -1.2705845, -1.2913585, -1.2715203, -1.2849625, -1.2869817, -1.2469388, -1.2752485, -1.2185276, -1.2773221, -1.3210273, -1.2735173, -1.2493027, -1.2786587, -1.2953175, -1.2624961, -1.2575724, -1.32349, -1.2816014, -1.2522439, -1.2345294, -1.2736832, -1.2694513, -1.3068667, -1.3590694, -1.271185, -1.2857603, -1.3138776, -1.2844938, -1.2920658, -1.2520284, -1.2706834, -1.3205309, -1.1835554, -1.3647519, -1.2607843, -1.2964585, -1.2856445, -1.2004353, -1.2742434, -1.2741186, -1.317058, -1.1852458, -1.3127776, -1.2323179, -1.272905, -1.2959953, -1.277364, -1.1975121, -1.3244384, -1.2837102, -1.275237, -1.2763955, -1.291999, -1.2906482, -1.2871746, -1.2846548, -1.","36.8290212, 36.8959913, 36.9120257, 36.9109491, 36.8024294, 36.8266431, 36.7369557, 36.9294375, 36.8093088, 36.8936368, 36.9759005, 36.8237412, 36.9029929, 36.843886, 36.8142488, 36.8480778, 36.8389479, 36.8952592, 36.8424626, 36.8506309, 36.8307703, 36.8512824, 36.9210154, 36.8620558, 36.86992360000001, 36.889599, 36.87666979999999, 36.9000191, 36.9031977, 36.921258, 36.84557, 36.7339325, 36.987496, 36.8945577, 36.8686616, 36.910138, 36.9025676, 36.8158265, 36.8974843, 36.96363580000001, 36.6845007, 36.88855, 36.6984177, 36.8222835, 36.8117362, 36.70831, 36.818184, 36.8674089, 36.9038803, 36.8511881, 36.7998296, 36.8969262, 36.7468779, 36.8493086, 36.984962, 36.8951043, 36.828068, 36.8219462, 36.7946567, 36.8466657, 36.70374049999999, 36.9005074, 36.9454922, 36.8082989, 36.7995443, 36.8297902, 36.9005796, 36.8435388, 36.844201, 36.8959223, 36.9068067, 36.8295928, 36.8035009, 36.851265, 36.8082191, 36.8760519, 36.9025748, 36.8984997, 36.7586288, 36.8219406, 36.8268934, 36.8458016, 36.9029842, 36.89397, 36.857",1184
1302,Mefenamic Acid,Ponstan Forte,"MEDPLEX CHEMIST, Perta Chemist","-1.4293031, -1.1079318","36.6872005, 37.016326",23
1303,Meloxicam,Muvera,edlian hope u,0.0,0.0,5
1304,Meloxicam,Mobic 7.5,Falcon medical clinic ,,,44
1305,Meloxicam,Mexic,MEDPLEX CHEMIST,-1.4293031,36.6872005,25
1311,Meloxicam,Melcam,"Apotek Pharmaceutical, BetahCare Family Health Clinic, urit medical ","-1.2885927, -1.1009928","36.9504001, 37.0129877",240
1312,Meloxicam,Melcam,"Apotek Pharmaceutical, CALMAK CHEMIST , Crowmed pharmaceuticals , Eloc pharmacy , KARURA CHEMIST II  TILL 8073490, Nas Chemist","-1.2885927, -1.053931, -1.3621855, -1.2953742, -1.2196352, 0.5206237","36.9504001, 38.3631399, 36.6555867, 36.7455442, 36.7128582, 35.2762755",176
1314,Menthol,"Deep Freeze, Gel",EMIR HEALTH CENTER ,-1.266125,36.910522,1
1317,Menthol,menthol plus,EMIR HEALTH CENTER ,-1.266125,36.910522,20
1318,Menthol,"Deep Heat, Rub",Falcon medical clinic ,,,7
1319,Menthol,Deep Freeze,Disanjo Chemist ,-1.2650867,36.8826178,1
1320,Menthol,"Menthoplus, Balm","ANGELLIC STAR PHARMACY , Eloc pharmacy ","-1.2844625, -1.2953742","36.885289, 36.7455442",9
1322,Menthol,"Kaluma, Balm","ANGELIC STAR PHARMACEUTICALS, B-sons pharmacy, EMIR HEALTH CENTER , Falcon medical clinic , Nas Chemist","-1.2834847, -1.2673667, -1.266125, 0.5206237","36.889222, 36.7509204, 36.910522, 35.2762755",59
1323,Menthol ,Kaluma Inhailer,"Disanjo Chemist , Jubilee-Care Chemist, MEDPLEX CHEMIST","-1.2650867, -1.1003338, -1.4293031","36.8826178, 37.0129017, 36.6872005",17
1328,Metformin,Metformin-Denk,Churmad Retail Pharmacy ,-1.3319206,36.8571633,1
1333,Metformin,Glucophage,"EMIR HEALTH CENTER , Nas Chemist","-1.266125, 0.5206237","36.910522, 35.2762755",87
1335,Metformin ,"Glucomet, N",MEDPLEX CHEMIST,-1.4293031,36.6872005,122
1339,Methyl Salicylate ,"Pharmasal, Ointment","EMIR HEALTH CENTER , Falcon medical clinic , MEDIBLEND , SIDAI CHEMIST","-1.266125, -1.282731, -1.4779526","36.910522, 36.7848689, 36.9577694",23
1340,Methylated Spirit,Generic,Nas Chemist,0.5206237,35.2762755,1
1341,Methylated Spirit,Generic,CARDINAL CHEMIST,-1.3958137,36.7638655,1
1342,Methylated Spirit,Generic,CARDINAL CHEMIST,-1.3958137,36.7638655,1
1345,Methylcobalamin ,Neurocare,MEDPLEX CHEMIST,-1.4293031,36.6872005,47
1347,Methylcobalamin ,Pronerve Forte,Romac Pharmacy ,-1.2706834,36.8466657,6
1356,Metolazone,Metoz,Romac Pharmacy ,-1.2706834,36.8466657,5
1357,Metronidazole,Dangyl,"Apotek Pharmaceutical, B-sons pharmacy","-1.2885927, -1.2673667","36.9504001, 36.7509204",69
1358,Metronidazole,Generic,"Apotek Pharmaceutical, B-sons pharmacy, CARDINAL CHEMIST, Eloc pharmacy , KARURA CHEMIST II  TILL 8073490","-1.2885927, -1.2673667, -1.3958137, -1.2953742, -1.2196352","36.9504001, 36.7509204, 36.7638655, 36.7455442, 36.7128582",385
1359,Metronidazole,Nidozox,urit medical ,-1.1009928,37.0129877,6
1360,Metronidazole,Flagyl,"ANGELLIC STAR PHARMACY , BetahCare Family Health Clinic, Falcon medical clinic , urit medical ","-1.2844625, -1.1009928","36.885289, 37.0129877",99
1361,Metronidazole,Amebazole,B-sons pharmacy,-1.2673667,36.7509204,2
1363,Metronidazole,Eflaron,CALMAK CHEMIST ,-1.053931,38.3631399,100
1364,Metronidazole,Flagyl,"BetahCare Family Health Clinic, Disanjo Chemist , Falcon medical clinic ",-1.2650867,36.8826178,59
1365,Metronidazole,Calzole,"BetahCare Family Health Clinic, KARURA CHEMIST II  TILL 8073490, MEDPLEX CHEMIST","-1.2196352, -1.4293031","36.7128582, 36.6872005",6
1366,Metronidazole,Tricozole,"BetahCare Family Health Clinic, Bripamu Medical Stores, CARDINAL CHEMIST, CHARLIK PHARMACY, Jubilee-Care Chemist, MEDIBLEND ","-1.3111251, -1.3958137, -1.215894, -1.1003338, -1.282731","36.8939304, 36.7638655, 36.88669160000001, 37.0129017, 36.7848689",431
1374,Miconazole,Fungistat Cream,ANGELLIC STAR PHARMACY ,-1.2844625,36.885289,1
1377,Mometasone,Momate Nasal Spray,MEDPLEX CHEMIST,-1.4293031,36.6872005,1
1378,Mometasone,Elocon Cream,Eloc pharmacy ,-1.2953742,36.7455442,1
1379,Mometasone,Momate Oint,Romac Pharmacy ,-1.2706834,36.8466657,12
1382,Mometasone,Momate Cream,"EMIR HEALTH CENTER , MEDPLEX CHEMIST","-1.266125, -1.4293031","36.910522, 36.6872005",8
1390,Montelukast,"Montiget, Paediatric","EMIR HEALTH CENTER , KARURA CHEMIST II  TILL 8073490","-1.266125, -1.2196352","36.910522, 36.7128582",15
1391,Montelukast,Montallerg,EMIR HEALTH CENTER ,-1.266125,36.910522,6
1392,Montelukast,Solo,MEDPLEX CHEMIST,-1.4293031,36.6872005,4
1394,Montelukast ,Montel,KARURA CHEMIST II  TILL 8073490,-1.2196352,36.7128582,5
1397,Montelukast ,L - Montus,"Jubilee-Care Chemist, KARURA CHEMIST II  TILL 8073490","-1.1003338, -1.2196352","37.0129017, 36.7128582",14
1399,Mouthwash,Sonatec,KARURA CHEMIST II  TILL 8073490,-1.2196352,36.7128582,1
1403,Moxifloxacin,Apdrops,KARURA CHEMIST II  TILL 8073490,-1.2196352,36.7128582,1
1406,Multivitamin,ZinComplex,Disanjo Chemist ,-1.2650867,36.8826178,7
1412,Multivitamin - Bones,"Osteocare, Chewable",KARURA CHEMIST II  TILL 8073490,-1.2196352,36.7128582,30
1413,Multivitamin - Bones,Osteocare,EMIR HEALTH CENTER ,-1.266125,36.910522,47
1417,Multivitamin - General,Euvitan,Falcon medical clinic ,,,64
1421,Multivitamin - General,Rinavit,Falcon medical clinic ,,,19
1422,Multivitamin - General,Nutrivita,MEDPLEX CHEMIST,-1.4293031,36.6872005,1
1423,Multivitamin - General,Dawavite,B-sons pharmacy,-1.2673667,36.7509204,1
1427,Multivitamin - General,Jointcare Daily Vitahealth,Romac Pharmacy ,-1.2706834,36.8466657,18
1428,Multivitamin - General,Trimetabol,MEDPLEX CHEMIST,-1.4293031,36.6872005,1
1435,Multivitamin - Neuro,"Neuro, Forte","Apotek Pharmaceutical, Falcon medical clinic , KARURA CHEMIST II  TILL 8073490, MEDPLEX CHEMIST","-1.2885927, -1.2196352, -1.4293031","36.9504001, 36.7128582, 36.6872005",540
1438,Multivitamin - Pregnancy,"Pregnacare, Conception",Jubilee-Care Chemist,-1.1003338,37.0129017,60
1440,Multivitamin - Pregnancy,Pregnacare Original,"EMIR HEALTH CENTER , MEDPLEX CHEMIST","-1.266125, -1.4293031","36.910522, 36.6872005",63
1443,Multivitamins,Omega H3,"KARURA CHEMIST II  TILL 8073490, MEDPLEX CHEMIST, SIDAI CHEMIST","-1.2196352, -1.4293031, -1.4779526","36.7128582, 36.6872005, 36.9577694",284
1446,Mupirocin,Zupricin Ointment,"EMIR HEALTH CENTER , KEGAKA PHARMACY","-1.266125, -1.0133967","36.910522, 36.9058388",2
1448,Naproxen,Naprin,KARURA CHEMIST II  TILL 8073490,-1.2196352,36.7128582,10
1449,Nasal Hygiene,Sterimar,Romac Pharmacy ,-1.2706834,36.8466657,10
1454,Nebivolol,Nebilong,KARURA CHEMIST II  TILL 8073490,-1.2196352,36.7128582,5
1455,Nebivolol ,Nebilet,Kasrut pharmacy,-1.4928076,37.2463473,2
1457,Needle - General,Fino Ject,Romac Pharmacy ,-1.2706834,36.8466657,23
1458,Needle - General,"Needles, G21",KARURA CHEMIST II  TILL 8073490,-1.2196352,36.7128582,60
1461,Neomycin ,"Grabacin, Powder","ANGELIC STAR PHARMACEUTICALS, Apotek Pharmaceutical","-1.2834847, -1.2885927","36.889222, 36.9504001",5
1464,Neopeptine Capsules,Neopeptine,KARURA CHEMIST II  TILL 8073490,-1.2196352,36.7128582,2
1468,Nifedipine,Nifedidenk,"Churmad Retail Pharmacy , KARURA CHEMIST II  TILL 8073490","-1.3319206, -1.2196352","36.8571633, 36.7128582",5
1472,Nifedipine ,Nilol,KARURA CHEMIST II  TILL 8073490,-1.2196352,36.7128582,14
1478,Nitrofurantoin,Cosmos,"ANGELIC STAR PHARMACEUTICALS, Falcon medical clinic ",-1.2834847,36.889222,143
1479,Norethisterone,Steron,"B-sons pharmacy, BetahCare Family Health Clinic, Bripamu Medical Stores, EMIR HEALTH CENTER , Falcon medical clinic , Jubilee-Care Chemist, KARURA CHEMIST II  TILL 8073490, MEDIBLEND , MEDPLEX CHEMIST, Nas Chemist, SIDAI CHEMIST","-1.2673667, -1.3111251, -1.266125, -1.1003338, -1.2196352, -1.282731, -1.4293031, 0.5206237, -1.4779526","36.7509204, 36.8939304, 36.910522, 37.0129017, 36.7128582, 36.7848689, 36.6872005, 35.2762755, 36.9577694",443
1482,Normal Saline,Nosalla,urit medical ,-1.1009928,37.0129877,3
1483,Normal Saline,Generic,"Bonaim pharmacy , Falcon medical clinic , KARURA CHEMIST II  TILL 8073490, Kizito Medical Clinic, MEDPLEX CHEMIST","-1.2062072, -1.2196352, -1.4293031","36.89570200000001, 36.7128582, 36.6872005",15
1485,Normal Saline,Novorin,"Apotek Pharmaceutical, EMIR HEALTH CENTER ","-1.2885927, -1.266125","36.9504001, 36.910522",10
1492,Nystatin,Dawastin,"B-sons pharmacy, EMIR HEALTH CENTER , Falcon medical clinic ","-1.2673667, -1.266125","36.7509204, 36.910522",8
1494,Ofloxacin,Ofla OD,KARURA CHEMIST II  TILL 8073490,-1.2196352,36.7128582,1
1501,Ofloxacin ,Ojen OZ,"Disanjo Chemist , EMIR HEALTH CENTER , MEDPLEX CHEMIST","-1.2650867, -1.266125, -1.4293031","36.8826178, 36.910522, 36.6872005",7
1504,Omega-3,Vitahealth,SIDAI CHEMIST,-1.4779526,36.9577694,1
1505,Omega-3,Valupak,"EMIR HEALTH CENTER , MEDPLEX CHEMIST","-1.266125, -1.4293031","36.910522, 36.6872005",50
1509,Omeprazole,Omis,"ANGELIC STAR PHARMACEUTICALS, ANGELLIC STAR PHARMACY , Apotek Pharmaceutical, B-sons pharmacy, Barbie's chem , Bonaim pharmacy , Bripamu Medical Stores, CARDINAL CHEMIST, Disanjo Chemist , Eloc pharmacy , Falcon medical clinic , Fast Health Pharmacy , Jubilee-Care Chemist, KEGAKA PHARMACY, Perta Chemist","-1.2834847, -1.2844625, -1.2885927, -1.2673667, -1.2827303, -1.2062072, -1.3111251, -1.3958137, -1.2650867, -1.2953742, -1.2908275, -1.1003338, -1.0133967, -1.1079318","36.889222, 36.885289, 36.9504001, 36.7509204, 36.82766, 36.89570200000001, 36.8939304, 36.7638655, 36.8826178, 36.7455442, 36.7327734, 37.0129017, 36.9058388, 37.016326",2144
1510,Omeprazole,Ulzol,PANDE pharmacy ,-1.0569879,37.1106545,200
1511,Omeprazole,Onpraz,Jubilee-Care Chemist,-1.1003338,37.0129017,35
1513,Omeprazole,Aprazole Plus,Nas Chemist,0.5206237,35.2762755,22
1514,Omeprazole,Ocid,"BetahCare Family Health Clinic, EMIR HEALTH CENTER ",-1.266125,36.910522,1037
1517,Ondansetron,Onderon,Romac Pharmacy ,-1.2706834,36.8466657,6
1518,Ondansetron,Emitino,EMIR HEALTH CENTER ,-1.266125,36.910522,6
1521,Ondansetron,emitino,KARURA CHEMIST II  TILL 8073490,-1.2196352,36.7128582,1
1522,Oral B Dental Floss,Oral B Dental Floss,Jubilee-Care Chemist,-1.1003338,37.0129017,1
1523,Oral Rehydration Salt,ORS,"Apotek Pharmaceutical, Bonaim pharmacy , Bripamu Medical Stores, CHARLIK PHARMACY, Eloc pharmacy , Jubilee-Care Chemist, KARURA CHEMIST II  TILL 8073490, MEDPLEX CHEMIST","-1.2885927, -1.2062072, -1.3111251, -1.215894, -1.2953742, -1.1003338, -1.2196352, -1.4293031","36.9504001, 36.89570200000001, 36.8939304, 36.88669160000001, 36.7455442, 37.0129017, 36.7128582, 36.6872005",29
1525,Ornidazole,Dazolic,urit medical ,-1.1009928,37.0129877,4
1528,Oxybutynin Chloride,Oxinus,MEDPLEX CHEMIST,-1.4293031,36.6872005,82
1529,Pain Reliever,Touch and Go,"EMIR HEALTH CENTER , Jubilee-Care Chemist","-1.266125, -1.1003338","36.910522, 37.0129017",2
1533,Pantoprazole,Pan 40,KARURA CHEMIST II  TILL 8073490,-1.2196352,36.7128582,10
1538,Paracetamol,Painil,"Campus Wellness Pharmacy , KerRan Pharma",-29.4512856,27.7206302,51
1539,Paracetamol,Paradol,"CALMAK CHEMIST , Disanjo Chemist , Jubilee-Care Chemist","-1.053931, -1.2650867, -1.1003338","38.3631399, 36.8826178, 37.0129017",96
1542,Paracetamol,Betafen,Romac Pharmacy ,-1.2706834,36.8466657,11
1543,Paracetamol,Parol,"Apotek Pharmaceutical, Genevision pharmacy, KARURA CHEMIST II  TILL 8073490","-1.2885927, -1.4532496, -1.2196352","36.9504001, 36.971792, 36.7128582",5
1544,Paracetamol,Panadol Actifast,Hellen pharma ,-1.285217,36.8316976,3
1546,Paracetamol,Betamol,"BetahCare Family Health Clinic, Eloc pharmacy , Jubilee-Care Chemist, Shine Pharmacy","-1.2953742, -1.1003338, -1.2836809","36.7455442, 37.0129017, 36.8236255",43
1547,Paracetamol,Parol,"Falcon medical clinic , Jubilee-Care Chemist",-1.1003338,37.0129017,147
1548,Paracetamol,Cetamol,"Apotek Pharmaceutical, Bonaim pharmacy , Miliecare","-1.2885927, -1.2062072","36.9504001, 36.89570200000001",25
1549,Paracetamol,Adol Suppository,"ANGELLIC STAR PHARMACY , Eloc pharmacy , MEDPLEX CHEMIST","-1.2844625, -1.2953742, -1.4293031","36.885289, 36.7455442, 36.6872005",14
1550,Paracetamol,Cetamol,"Bonaim pharmacy , Bripamu Medical Stores, EMIR HEALTH CENTER , Jubilee-Care Chemist, MEDPLEX CHEMIST","-1.2062072, -1.3111251, -1.266125, -1.1003338, -1.4293031","36.89570200000001, 36.8939304, 36.910522, 37.0129017, 36.6872005",203
1551,Paracetamol,"Panadol, Baby & Infant","KARURA CHEMIST II  TILL 8073490, Tylenek ","-1.2196352, -1.2986566","36.7128582, 36.7782771",3
1552,Paracetamol,betamol,"ANGELIC STAR PHARMACEUTICALS, Benpeny Chemist, BetahCare Family Health Clinic, Jubilee-Care Chemist, KARURA CHEMIST II  TILL 8073490","-1.2834847, -1.1469238, -1.1003338, -1.2196352","36.889222, 36.9587031, 37.0129017, 36.7128582",16
1553,Paracetamol,Gacet 250,"B-sons pharmacy, PANDE pharmacy ","-1.2673667, -1.0569879","36.7509204, 37.1106545",10
1554,Paracetamol,Panadol Children 5-12,"EMIR HEALTH CENTER , Falcon medical clinic ",-1.266125,36.910522,77
1556,Paracetamol,"Calpol, Infant","ANGELLIC STAR PHARMACY , B-sons pharmacy, Contract Pharmaceutocals-Kenya, Domain Care Pharmacy, Gallys pharmacy, Jobbs chemist, KARURA CHEMIST II  TILL 8073490, MEDPLEX CHEMIST, Primo pharmacy , Saaynex pharmacy , Witethie One Afyacare Chemist","-1.2844625, -1.2673667, -1.4582262, -1.2085276, -1.3319206, -1.2033456, -1.2196352, -1.4293031, -1.2684709, -1.2778042, -1.2530089","36.885289, 36.7509204, 36.9770502, 36.8997757, 36.8571633, 36.9152292, 36.7128582, 36.6872005, 36.7483516, 36.9001114, 36.8883399",20
1557,Paracetamol,Curamol,"Apotek Pharmaceutical, Bonmed healthcare services , Bripamu Medical Stores, Crowmed pharmaceuticals , Disanjo Chemist , Eloc pharmacy , EMIR HEALTH CENTER , Jovi Pharmaceuticals , KARURA CHEMIST II  TILL 8073490, MEDPLEX CHEMIST, Miliecare, Pesh chemist","-1.2885927, -1.3016847, -1.3111251, -1.3621855, -1.2650867, -1.2953742, -1.266125, -1.3685031, -1.2196352, -1.4293031, -1.2563775","36.9504001, 36.888386, 36.8939304, 36.6555867, 36.8826178, 36.7455442, 36.910522, 36.9401517, 36.7128582, 36.6872005, 36.9241304",55
1559,Paracetamol,PCM,"B-sons pharmacy, CALMAK CHEMIST , Crowmed pharmaceuticals , Falcon medical clinic , MEDPLEX CHEMIST, Miliecare, SAMIALBA, urit medical ","-1.2673667, -1.053931, -1.3621855, -1.4293031, -1.279668, -1.1009928","36.7509204, 38.3631399, 36.6555867, 36.6872005, 36.82553, 37.0129877",2429
1560,Paracetamol,"Calpol, Infant","ANGELIC STAR PHARMACEUTICALS, ANGELLIC STAR PHARMACY , Apotek Pharmaceutical, CHARLIK PHARMACY, Eloc pharmacy , EMIR HEALTH CENTER , Jubilee-Care Chemist, MEDPLEX CHEMIST, Saaynex pharmacy , SIDAI CHEMIST","-1.2834847, -1.2844625, -1.2885927, -1.215894, -1.2953742, -1.266125, -1.1003338, -1.4293031, -1.2778042, -1.4779526","36.889222, 36.885289, 36.9504001, 36.88669160000001, 36.7455442, 36.910522, 37.0129017, 36.6872005, 36.9001114, 36.9577694",44
1562,Paracetamol,"Panadol, Advance","ANGELLIC STAR PHARMACY , Apotek Pharmaceutical, Disanjo Chemist , Eloc pharmacy , EMIR HEALTH CENTER , Falcon medical clinic , Helmet, Jubilee-Care Chemist, KARURA CHEMIST II  TILL 8073490, Loipan Pharmacy, MEDIBLEND , Sportpharm chemist","-1.2844625, -1.2885927, -1.2650867, -1.2953742, -1.266125, -0.0980706, -1.1003338, -1.2196352, -1.4766794, -1.282731, -1.2937908","36.885289, 36.9504001, 36.8826178, 36.7455442, 36.910522, 34.7513591, 37.0129017, 36.7128582, 36.9597949, 36.7848689, 36.8797927",310
1563,Paracetamol,Cipladon,"ANGELIC STAR PHARMACEUTICALS, ANGELLIC STAR PHARMACY , Bonaim pharmacy , Eloc pharmacy , Falcon medical clinic , KARURA CHEMIST II  TILL 8073490","-1.2834847, -1.2844625, -1.2062072, -1.2953742, -1.2196352","36.889222, 36.885289, 36.89570200000001, 36.7455442, 36.7128582",26
1564,Paracetamol,Paracetamol,"CARDINAL CHEMIST, Eloc pharmacy , EMIR HEALTH CENTER , KARURA CHEMIST II  TILL 8073490, MEDPLEX CHEMIST","-1.3958137, -1.2953742, -1.266125, -1.2196352, -1.4293031","36.7638655, 36.7455442, 36.910522, 36.7128582, 36.6872005",1948
1565,Paracetamol,Curamol,"B-sons pharmacy, Crowmed pharmaceuticals , Eloc pharmacy , Highcare pharmaceuticals ltd, Jovi Pharmaceuticals , KARURA CHEMIST II  TILL 8073490, MEDPLEX CHEMIST, memah bestcare pharmacy, Mercilin Afya services , Nas Chemist, SIDAI CHEMIST, Tikotiko Chemist ","-1.2673667, -1.3621855, -1.2953742, -1.2779609, -1.3685031, -1.2196352, -1.4293031, -0.3076936, -1.3921923, 0.5206237, -1.4779526, -1.3080828","36.7509204, 36.6555867, 36.7455442, 36.8913474, 36.9401517, 36.7128582, 36.6872005, 38.2196697, 36.9407301, 35.2762755, 36.9577694, 36.7819929",126
1567,Paracetamol ,Sona Moja,"BetahCare Family Health Clinic, Bripamu Medical Stores, Eloc pharmacy ","-1.3111251, -1.2953742","36.8939304, 36.7455442",33
1568,Paracetamol ,Mara Moja,"Apotek Pharmaceutical, CHARLIK PHARMACY, Crowmed pharmaceuticals , Disanjo Chemist , Falcon medical clinic , MEDIBLEND , Nas Chemist, Transfern pharmacy ","-1.2885927, -1.215894, -1.3621855, -1.2650867, -1.282731, 0.5206237, -1.2203453","36.9504001, 36.88669160000001, 36.6555867, 36.8826178, 36.7848689, 35.2762755, 36.8945136",441
1570,Paracetamol ,Hedex,"ANGELIC STAR PHARMACEUTICALS, ANGELLIC STAR PHARMACY , Bripamu Medical Stores, Jubilee-Care Chemist, Perta Chemist","-1.2834847, -1.2844625, -1.3111251, -1.1003338, -1.1079318","36.889222, 36.885289, 36.8939304, 37.0129017, 37.016326",18
1571,Paracetamol ,Kaluma Strong,"B-sons pharmacy, Bripamu Medical Stores, CALMAK CHEMIST , CHARLIK PHARMACY, Falcon medical clinic , Jubilee-Care Chemist, MEDPLEX CHEMIST, Nas Chemist","-1.2673667, -1.3111251, -1.053931, -1.215894, -1.1003338, -1.4293031, 0.5206237","36.7509204, 36.8939304, 38.3631399, 36.88669160000001, 37.0129017, 36.6872005, 35.2762755",54
1572,Paracetamol ,Action,"ANGELIC STAR PHARMACEUTICALS, B-sons pharmacy, CARDINAL CHEMIST, EMIR HEALTH CENTER , Falcon medical clinic , Jubilee-Care Chemist, MEDPLEX CHEMIST, Nas Chemist","-1.2834847, -1.2673667, -1.3958137, -1.266125, -1.1003338, -1.4293031, 0.5206237","36.889222, 36.7509204, 36.7638655, 36.910522, 37.0129017, 36.6872005, 35.2762755",181
1574,Paracetamol ,"Panadol, Extra","ANGELLIC STAR PHARMACY , Bripamu Medical Stores, CHARLIK PHARMACY, Crowmed pharmaceuticals , Disanjo Chemist , EMIR HEALTH CENTER , Falcon medical clinic , Gitrose Pharmacy, Jufan Pharmacy, KARURA CHEMIST II  TILL 8073490, MEDIBLEND ","-1.2844625, -1.3111251, -1.215894, -1.3621855, -1.2650867, -1.266125, -1.2552408, -1.1650403, -1.2196352, -1.282731","36.885289, 36.8939304, 36.88669160000001, 36.6555867, 36.8826178, 36.910522, 36.6943718, 36.9696471, 36.7128582, 36.7848689",3755
1576,Paracetamol ,"Panadol, Cold And Flu Night",Jubilee-Care Chemist,-1.1003338,37.0129017,12
1577,Paracetamol ,Myospaz,"Crowmed pharmaceuticals , EMIR HEALTH CENTER , Jubilee-Care Chemist, KARURA CHEMIST II  TILL 8073490, MEDPLEX CHEMIST, Nas Chemist","-1.3621855, -1.266125, -1.1003338, -1.2196352, -1.4293031, 0.5206237","36.6555867, 36.910522, 37.0129017, 36.7128582, 36.6872005, 35.2762755",201
1579,Paracetamol ,Betapyn,"EMIR HEALTH CENTER , KARURA CHEMIST II  TILL 8073490, MEDPLEX CHEMIST","-1.266125, -1.2196352, -1.4293031","36.910522, 36.7128582, 36.6872005",311
1581,Paracetamol ,Track MR,EMIR HEALTH CENTER ,-1.266125,36.910522,10
1585,Paracetamol suppositories ,Adol,"ANGELLIC STAR PHARMACY , Apotek Pharmaceutical, Bonaim pharmacy , EMIR HEALTH CENTER , Falcon medical clinic ","-1.2844625, -1.2885927, -1.2062072, -1.266125","36.885289, 36.9504001, 36.89570200000001, 36.910522",46
1586,Paraffin,Liquid Parafin,MEDIBLEND ,-1.282731,36.7848689,2
1588,Phenobarbital (Phenobarbitone),Cosmos,"Apotek Pharmaceutical, CALMAK CHEMIST ","-1.2885927, -1.053931","36.9504001, 38.3631399",30
1593,Piroxicam,Generic,"ANGELIC STAR PHARMACEUTICALS, Apotek Pharmaceutical, Bonaim pharmacy , CARDINAL CHEMIST, Eloc pharmacy , Jubilee-Care Chemist, MEDIBLEND , MEDPLEX CHEMIST, urit medical ","-1.2834847, -1.2885927, -1.2062072, -1.3958137, -1.2953742, -1.1003338, -1.282731, -1.4293031, -1.1009928","36.889222, 36.9504001, 36.89570200000001, 36.7638655, 36.7455442, 37.0129017, 36.7848689, 36.6872005, 37.0129877",478
1594,Plaster - Fabric,Elastoplast,"Bonaim pharmacy , Falcon medical clinic ",-1.2062072,36.89570200000001,39
1595,Plaster - Zinc Oxide,ZOP,"Bonaim pharmacy , MEDPLEX CHEMIST","-1.2062072, -1.4293031","36.89570200000001, 36.6872005",6
1599,Plaster - Zinc Oxide,ZOP,Bripamu Medical Stores,-1.3111251,36.8939304,1
1604,Povidone Iodine,Peardine Mouthwash,"Falcon medical clinic , MEDIBLEND , MEDPLEX CHEMIST, Perta Chemist","-1.282731, -1.4293031, -1.1079318","36.7848689, 36.6872005, 37.016326",18
1605,Povidone Iodine,"Rexedine, Mouthwash",Jubilee-Care Chemist,-1.1003338,37.0129017,1
1610,Pramoxine ,Anusol Suppository,"ANGELIC STAR PHARMACEUTICALS, ANGELLIC STAR PHARMACY , MEDPLEX CHEMIST","-1.2834847, -1.2844625, -1.4293031","36.889222, 36.885289, 36.6872005",18
1614,Prednisolone,Generic,Disanjo Chemist ,-1.2650867,36.8826178,51
1615,Prednisolone,Dawasolone,"B-sons pharmacy, Bonaim pharmacy , Bripamu Medical Stores, Eloc pharmacy , Jubilee-Care Chemist","-1.2673667, -1.2062072, -1.3111251, -1.2953742, -1.1003338","36.7509204, 36.89570200000001, 36.8939304, 36.7455442, 37.0129017",263
1622,Prednisolone,Cosmos,"ANGELIC STAR PHARMACEUTICALS, ANGELLIC STAR PHARMACY , Apotek Pharmaceutical, Bripamu Medical Stores, Eloc pharmacy , EMIR HEALTH CENTER , SAMIALBA","-1.2834847, -1.2844625, -1.2885927, -1.3111251, -1.2953742, -1.266125, -1.279668","36.889222, 36.885289, 36.9504001, 36.8939304, 36.7455442, 36.910522, 36.82553",886
1623,Prednisolone,"psolone, Eye","Bonaim pharmacy , MEDPLEX CHEMIST","-1.2062072, -1.4293031","36.89570200000001, 36.6872005",4
1624,Prednisolone Sodium Phosphate,Predsol Forte,MEDPLEX CHEMIST,-1.4293031,36.6872005,2
1625,Prednisone,Cosmos,"ANGELIC STAR PHARMACEUTICALS, Apotek Pharmaceutical, Bripamu Medical Stores, KARURA CHEMIST II  TILL 8073490, MEDPLEX CHEMIST","-1.2834847, -1.2885927, -1.3111251, -1.2196352, -1.4293031","36.889222, 36.9504001, 36.8939304, 36.7128582, 36.6872005",766
1626,Pregabalin,segabin 75 sr,"ABIJO PHARMACY- WANYEE (Nairobi), ABM PHARMACY (NGARA STAGE) (Nairobi), ABM PHARMACY LIMITED (Nairobi), ABRAPHARMA PHARMACEUTICALS KASARANI (Nairobi), ACCIPITRIDAE CHEMIST (Nairobi), ACCRA PHARMACY LTD - OPPOSITE MLK HOSP (Nairobi), ACCRA PHARMACY LTD HAKATI (Nairobi), ACCRA-MED CHEMISTS LIMITED (Nairobi), ACESO PHARMACY WELLNESS PHARMACY KASARANI (Nairobi), ADONISI PHARMACEUTICALS (Nairobi), AFRILIFE CHEMIST LTD (BURUBURU) (Nairobi), AFYACARE PHARMA (Nairobi), AGA KHAN HEALTH  SERVICES,KENYA-RUAI (Nairobi), AGA KHAN HEALTH SERVICES,KENYA - HOMA BAY (Nairobi), AGAROSE PHARMACY (Nairobi), AGMART PHARMACEUTICALS-MUHOHO AVENUE (Nairobi), AHWAN PHARMACEUTICALS LIMITED (Nairobi), AHZAAB PHARMACY (Nairobi), AJWA PHARMACEUTICALS LIMITED (Nairobi), AKIMA PHARMACY (Nairobi), AL-AQSA DISPENSING CHEMIST (Nairobi), AL-HANAF PHARMACY (Nairobi), AL-HARAMAIN PHARMACEUTICAL COMPANY LIMITED (Nairobi), ALANE PHARMACY LTD (Nairobi), ALIF MEDICAL SERVICES LIMITED (Nairobi), ALISON AGROCHEM CHEMISTS LIMITED (Nairobi), ALKEN PHARM","-1.2953742, -1.2757621, -1.2848129, -1.2172469, -1.2575249, -1.2755888, -1.3066383, -1.2832624, -1.2333266, -1.2688065, -1.3089651, -1.2616578, -1.2618776, -1.2831312, -1.323767, -1.2589182, -1.2717589, -1.2647119, -1.2059489, -1.2715424, -1.2721321, -1.2744794, -1.276733, -1.2731049, -1.2253857, -1.2880112, -1.2958752, -1.3128673, -1.2460403, -1.284749, -1.1990686, -1.2579931, -1.2705845, -1.2715203, -1.2849625, -1.2869817, -1.2469388, -1.3139741, -1.2752485, -1.3152957, -1.2834847, -1.2773221, -1.3210273, -1.3211336, -1.2493027, -1.2786587, -1.2953175, -1.2624961, -1.2575724, -1.32349, -1.2816014, -1.2522439, -1.2736832, -1.2694513, -1.3068667, -1.271185, -1.2857603, -1.3138776, -1.2774177, -1.2844938, -1.2920658, -1.2520284, -1.3205309, -1.1835554, -1.2774587, -1.3647519, -1.2607843, -1.2964585, -1.2856445, -1.2004353, -1.2742434, -1.2741186, -1.317058, -1.1852458, -1.3127776, -1.272905, -1.2959953, -1.2525589, -1.2523093, -1.277364, -1.1975121, -1.3244384, -1.2837102, -1.275237, -1.2763955, -1.291999, -1.","36.7455442, 36.8290212, 36.7530976, 36.8959913, 36.9120257, 36.9109491, 36.8024294, 36.8266431, 36.9294375, 36.8093088, 36.8936368, 36.9759005, 36.8237412, 36.9029929, 36.843886, 36.8142488, 36.8480778, 36.8389479, 36.8952592, 36.8478688, 36.8424626, 36.8506309, 36.8307703, 36.8512824, 36.9210154, 36.8620558, 36.86992360000001, 36.889599, 36.87666979999999, 36.9000191, 36.9031977, 36.921258, 36.84557, 36.89315819999999, 36.987496, 36.8945577, 36.8686616, 36.9012134, 36.910138, 36.823283, 36.889222, 36.8158265, 36.8974843, 36.8006868, 36.6845007, 36.88855, 36.6984177, 36.8222835, 36.8117362, 36.70831, 36.818184, 36.8674089, 36.8511881, 36.7998296, 36.8969262, 36.8493086, 36.984962, 36.8951043, 36.7917285, 36.828068, 36.7946567, 36.70374049999999, 36.9005074, 36.85141, 36.9454922, 36.8082989, 36.7995443, 36.8297902, 36.9005796, 36.8435388, 36.844201, 36.8959223, 36.9068067, 36.8295928, 36.851265, 36.8082191, 36.927833, 36.9497128, 36.8760519, 36.9025748, 36.8984997, 36.7586288, 36.8219406, 36.8268934, 36.845801",1183
1628,Pregabalin,pergalin,"KARURA CHEMIST II  TILL 8073490, MEDPLEX CHEMIST","-1.2196352, -1.4293031","36.7128582, 36.6872005",81
1635,Pregabalin,Lyrica,KARURA CHEMIST II  TILL 8073490,-1.2196352,36.7128582,180
1638,Pregabalin,Epibalin,"Apotek Pharmaceutical, KARURA CHEMIST II  TILL 8073490","-1.2885927, -1.2196352","36.9504001, 36.7128582",99
1643,Probiotic,Floranorm,B-sons pharmacy,-1.2673667,36.7509204,1
1646,Promethazine,Generic,"B-sons pharmacy, BetahCare Family Health Clinic, Falcon medical clinic , Jubilee-Care Chemist, memah bestcare pharmacy","-1.2673667, -1.1003338, -0.3076936","36.7509204, 37.0129017, 38.2196697",173
1647,Promethazine,Histargan,"Eloc pharmacy , EMIR HEALTH CENTER , Jubilee-Care Chemist, MEDPLEX CHEMIST","-1.2953742, -1.266125, -1.1003338, -1.4293031","36.7455442, 36.910522, 37.0129017, 36.6872005",10
1648,Promethazine,Consaprom,"Apotek Pharmaceutical, BetahCare Family Health Clinic, urit medical ","-1.2885927, -1.1009928","36.9504001, 37.0129877",6
1651,Propranolol,Cosmos,"ABIJO PHARMACY- WANYEE (Nairobi), ABM PHARMACY (NGARA STAGE) (Nairobi), ABM PHARMACY LIMITED (Nairobi), ABRAPHARMA PHARMACEUTICALS KASARANI (Nairobi), ACCIPITRIDAE CHEMIST (Nairobi), ACCRA PHARMACY LTD HAKATI (Nairobi), ACCRA-MED CHEMISTS LIMITED (Nairobi), ACE CARE PHARMACEUTICALS  (Nairobi), ACESO PHARMACY WELLNESS PHARMACY KASARANI (Nairobi), ADONISI PHARMACEUTICALS (Nairobi), AFRILIFE CHEMIST LTD (BURUBURU) (Nairobi), AFYACARE PHARMA (Nairobi), AGA KHAN HEALTH  SERVICES,KENYA-RUAI (Nairobi), AGA KHAN HEALTH SERVICES,KENYA - HOMA BAY (Nairobi), AGAROSE PHARMACY (Nairobi), AGMART PHARMACEUTICALS-MUHOHO AVENUE (Nairobi), AHWAN PHARMACEUTICALS LIMITED (Nairobi), AHZAAB PHARMACY (Nairobi), AJWA PHARMACEUTICALS LIMITED (Nairobi), AL-AQSA DISPENSING CHEMIST (Nairobi), AL-HANAF PHARMACY (Nairobi), AL-HARAMAIN PHARMACEUTICAL COMPANY LIMITED (Nairobi), ALANE PHARMACY LTD (Nairobi), ALIF MEDICAL SERVICES LIMITED (Nairobi), ALISON AGROCHEM CHEMISTS LIMITED (Nairobi), ALKEN PHARMACEUTICAL LTD (Nairobi), ALKEN PHARMACE","-1.2953742, -1.2757621, -1.2848129, -1.2575249, -1.3066383, -1.2832624, -1.2829416, -1.2333266, -1.2688065, -1.3089651, -1.2616578, -1.2618776, -1.2831312, -1.323767, -1.2589182, -1.2717589, -1.2647119, -1.2715424, -1.2721321, -1.2744794, -1.276733, -1.2731049, -1.2253857, -1.2880112, -1.2958752, -1.3128673, -1.284749, -1.2172469, -1.1990686, -1.2579931, -1.2705845, -1.2913585, -1.2715203, -1.2849625, -1.2869817, -1.2849438, -1.2469388, -1.3139741, -1.2752485, -1.3152957, -1.2185276, -1.2834847, -1.2773221, -1.3210273, -1.3211336, -1.2735173, -1.2493027, -1.2786587, -1.2953175, -1.2624961, -1.2575724, -1.2816014, -1.2522439, -1.2345294, -1.2736832, -1.3068667, -1.3590694, -1.2857603, -1.3138776, -1.2844938, -1.2920658, -1.2520284, -1.3205309, -1.1835554, -1.2774587, -1.2607843, -1.2964585, -1.2004353, -1.2742434, -1.317058, -1.1852458, -1.3244384, -1.3127776, -1.2323179, -1.272905, -1.2959953, -1.2525589, -1.2523093, -1.277364, -1.1975121, -1.2837102, -1.275237, -1.291999, -1.2906482, -1.2871746, -1.2846548, ","36.7455442, 36.8290212, 36.7530976, 36.9120257, 36.8024294, 36.8266431, 36.7369557, 36.9294375, 36.8093088, 36.8936368, 36.9759005, 36.8237412, 36.9029929, 36.843886, 36.8142488, 36.8480778, 36.8389479, 36.8478688, 36.8424626, 36.8506309, 36.8307703, 36.8512824, 36.9210154, 36.8620558, 36.86992360000001, 36.889599, 36.9000191, 36.8959913, 36.9031977, 36.921258, 36.84557, 36.7339325, 36.89315819999999, 36.987496, 36.8945577, 36.9861242, 36.8686616, 36.9012134, 36.910138, 36.823283, 36.9025676, 36.889222, 36.8158265, 36.8974843, 36.8006868, 36.96363580000001, 36.6845007, 36.88855, 36.6984177, 36.8222835, 36.8117362, 36.818184, 36.8674089, 36.9038803, 36.8511881, 36.8969262, 36.7468779, 36.984962, 36.8951043, 36.828068, 36.7946567, 36.70374049999999, 36.9005074, 36.85141, 36.8082989, 36.7995443, 36.9005796, 36.8435388, 36.8959223, 36.9068067, 36.8984997, 36.8295928, 36.8035009, 36.851265, 36.8082191, 36.927833, 36.9497128, 36.8760519, 36.9025748, 36.7586288, 36.8219406, 36.8458016, 36.9029842, 36.89397, 36.85720",1304
1652,Pulse Oximeter,Pulse Oximeter,Romac Pharmacy ,-1.2706834,36.8466657,14
1664,Rabeprazole and Domperidone,Rabeflux Dsr,Jubilee-Care Chemist,-1.1003338,37.0129017,2
1668,Relief from Inflammation Swellimg,Meftal Forte,Romac Pharmacy ,-1.2706834,36.8466657,11
1674,Rivaroxaban,Xarelto,KARURA CHEMIST II  TILL 8073490,-1.2196352,36.7128582,48
1690,Salbutamol,Sabulin,"B-sons pharmacy, MEDIBLEND , MEDPLEX CHEMIST","-1.2673667, -1.282731, -1.4293031","36.7509204, 36.7848689, 36.6872005",32
1691,Salbutamol,Azmasol,Apotek Pharmaceutical,-1.2885927,36.9504001,3
1692,Salbutamol,Ventil,"Eloc pharmacy , MEDPLEX CHEMIST","-1.2953742, -1.4293031","36.7455442, 36.6872005",2
1693,Salbutamol,Ventil,Apotek Pharmaceutical,-1.2885927,36.9504001,1
1694,Salbutamol,Bromsal,"ANGELIC STAR PHARMACEUTICALS, SIDAI CHEMIST","-1.2834847, -1.4779526","36.889222, 36.9577694",3
1695,Salbutamol,Cosmos,"Apotek Pharmaceutical, B-sons pharmacy, EMIR HEALTH CENTER ","-1.2885927, -1.2673667, -1.266125","36.9504001, 36.7509204, 36.910522",225
1697,Salbutamol ,Ascoril Expectorant,"EMIR HEALTH CENTER , Hallion medical center , MEDPLEX CHEMIST","-1.266125, -1.2063005, -1.4293031","36.910522, 36.8948593, 36.6872005",30
1698,Salbutamol ,Ascoril Expectorant,SIDAI CHEMIST,-1.4779526,36.9577694,1
1699,Salicylic Acid,Duofilm,Romac Pharmacy ,-1.2706834,36.8466657,14
1704,Salorex,Salorex Expectorant,"B-sons pharmacy, Disanjo Chemist , EMIR HEALTH CENTER , MEDPLEX CHEMIST","-1.2673667, -1.2650867, -1.266125, -1.4293031","36.7509204, 36.8826178, 36.910522, 36.6872005",38
1708,Secnidazole,Tagera Forte,"CHARLIK PHARMACY, Falcon medical clinic , Jubilee-Care Chemist, KARURA CHEMIST II  TILL 8073490, KEGAKA PHARMACY","-1.215894, -1.1003338, -1.2196352, -1.0133967","36.88669160000001, 37.0129017, 36.7128582, 36.9058388",38
1709,Secnidazole,Secnid DS,"ANGELIC STAR PHARMACEUTICALS, ANGELLIC STAR PHARMACY , Apotek Pharmaceutical, B-sons pharmacy, Jubilee-Care Chemist, Kasrut pharmacy, MEDIBLEND , Nas Chemist, urit medical ","-1.2834847, -1.2844625, -1.2885927, -1.2673667, -1.1003338, -1.4928076, -1.282731, 0.5206237, -1.1009928","36.889222, 36.885289, 36.9504001, 36.7509204, 37.0129017, 37.2463473, 36.7848689, 35.2762755, 37.0129877",126
1712,Seven seas Oad 60's,Omega,"ABIJO PHARMACY- WANYEE (Nairobi), ABM PHARMACY (NGARA STAGE) (Nairobi), ABRAPHARMA PHARMACEUTICALS KASARANI (Nairobi), ACCIPITRIDAE CHEMIST (Nairobi), ACCRA PHARMACY LTD - OPPOSITE MLK HOSP (Nairobi), ACCRA PHARMACY LTD HAKATI (Nairobi), ACCRA-MED CHEMISTS LIMITED (Nairobi), ACE CARE PHARMACEUTICALS  (Nairobi), ACESO PHARMACY WELLNESS PHARMACY KASARANI (Nairobi), ADONISI PHARMACEUTICALS (Nairobi), AFRILIFE CHEMIST LTD (BURUBURU) (Nairobi), AFYACARE PHARMA (Nairobi), AGA KHAN HEALTH  SERVICES,KENYA-RUAI (Nairobi), AGA KHAN HEALTH SERVICES,KENYA - HOMA BAY (Nairobi), AGAROSE PHARMACY (Nairobi), AGMART PHARMACEUTICALS-MUHOHO AVENUE (Nairobi), AHWAN PHARMACEUTICALS LIMITED (Nairobi), AHZAAB PHARMACY (Nairobi), AJWA PHARMACEUTICALS LIMITED (Nairobi), AKIMA PHARMACY (Nairobi), AL-AQSA DISPENSING CHEMIST (Nairobi), AL-HARAMAIN PHARMACEUTICAL COMPANY LIMITED (Nairobi), ALANE PHARMACY LTD (Nairobi), ALIF MEDICAL SERVICES LIMITED (Nairobi), ALISON AGROCHEM CHEMISTS LIMITED (Nairobi), ALKEN PHARMACEUTICAL LTD (Nairobi),","-1.2953742, -1.2757621, -1.2172469, -1.2575249, -1.2755888, -1.3066383, -1.2832624, -1.2829416, -1.2333266, -1.2688065, -1.3089651, -1.2616578, -1.2618776, -1.2831312, -1.323767, -1.2589182, -1.2717589, -1.2647119, -1.2059489, -1.2715424, -1.2744794, -1.276733, -1.2731049, -1.2253857, -1.2880112, -1.2958752, -1.284749, -1.1990686, -1.2579931, -1.2705845, -1.2913585, -1.2715203, -1.2849625, -1.2869817, -1.2849438, -1.3139741, -1.2752485, -1.2185276, -1.2834847, -1.2773221, -1.3211336, -1.2735173, -1.2493027, -1.2786587, -1.2953175, -1.2575724, -1.32349, -1.2736832, -1.2694513, -1.3068667, -1.3590694, -1.271185, -1.2857603, -1.3138776, -1.2774177, -1.2844938, -1.2920658, -1.2520284, -1.2706834, -1.3205309, -1.1835554, -1.2774587, -1.3647519, -1.2964585, -1.2004353, -1.2742434, -1.2741186, -1.317058, -1.1852458, -1.3244384, -1.3127776, -1.2323179, -1.272905, -1.2525589, -1.2523093, -1.277364, -1.1975121, -1.2837102, -1.275237, -1.2763955, -1.291999, -1.2906482, -1.2871746, -1.2846548, -1.2931221, -1.3082142, -1.","36.7455442, 36.8290212, 36.8959913, 36.9120257, 36.9109491, 36.8024294, 36.8266431, 36.7369557, 36.9294375, 36.8093088, 36.8936368, 36.9759005, 36.8237412, 36.9029929, 36.843886, 36.8142488, 36.8480778, 36.8389479, 36.8952592, 36.8478688, 36.8506309, 36.8307703, 36.8512824, 36.9210154, 36.8620558, 36.86992360000001, 36.9000191, 36.9031977, 36.921258, 36.84557, 36.7339325, 36.89315819999999, 36.987496, 36.8945577, 36.9861242, 36.9012134, 36.910138, 36.9025676, 36.889222, 36.8158265, 36.8006868, 36.96363580000001, 36.6845007, 36.88855, 36.6984177, 36.8117362, 36.70831, 36.8511881, 36.7998296, 36.8969262, 36.7468779, 36.8493086, 36.984962, 36.8951043, 36.7917285, 36.828068, 36.7946567, 36.8466657, 36.70374049999999, 36.9005074, 36.85141, 36.9454922, 36.7995443, 36.9005796, 36.8435388, 36.844201, 36.8959223, 36.9068067, 36.8984997, 36.8295928, 36.8035009, 36.851265, 36.927833, 36.9497128, 36.8760519, 36.9025748, 36.7586288, 36.8219406, 36.8268934, 36.8458016, 36.9029842, 36.89397, 36.8572037, 36.7897254, 36.91185",1269
1713,Sildenafil,Zedgra,"CARDINAL CHEMIST, urit medical ","-1.3958137, -1.1009928","36.7638655, 37.0129877",16
1714,Sildenafil,negax 50 mg,CARDINAL CHEMIST,-1.3958137,36.7638655,4
1717,Sildenafil,Nelgra,Nas Chemist,0.5206237,35.2762755,49
1719,Sildenafil,Kamagra,Jubilee-Care Chemist,-1.1003338,37.0129017,1
1720,Sildenafil,Vega,"Apotek Pharmaceutical, Disanjo Chemist ","-1.2885927, -1.2650867","36.9504001, 36.8826178",13
1721,Sildenafil,Kamagra Oral Jelly,"Eloc pharmacy , MEDPLEX CHEMIST, Nas Chemist","-1.2953742, -1.4293031, 0.5206237","36.7455442, 36.6872005, 35.2762755",25
1722,Sildenafil,vega,Falcon medical clinic ,,,50
1725,Sildenafil,Nelgra,Nas Chemist,0.5206237,35.2762755,14
1726,Sildenafil,Kamagra,ANGELIC STAR PHARMACEUTICALS,-1.2834847,36.889222,2
1727,Sildenafil,MTM,"Bripamu Medical Stores, Nas Chemist","-1.3111251, 0.5206237","36.8939304, 35.2762755",33
1728,Sildenafil,MTM,"ANGELIC STAR PHARMACEUTICALS, Crowmed pharmaceuticals , MEDIBLEND , Nas Chemist","-1.2834847, -1.3621855, -1.282731, 0.5206237","36.889222, 36.6555867, 36.7848689, 35.2762755",73
1731,Silver Sulfadiazine,Dermazine,"KARURA CHEMIST II  TILL 8073490, SIDAI CHEMIST","-1.2196352, -1.4779526","36.7128582, 36.9577694",3
1744,Sitagliptin ,Inosita Plus,KARURA CHEMIST II  TILL 8073490,-1.2196352,36.7128582,23
1754,Spironolactone,Spirolac,Eloc pharmacy ,-1.2953742,36.7455442,29
1763,Sulfadoxine ,Fanlar,"ANGELLIC STAR PHARMACY , BetahCare Family Health Clinic",-1.2844625,36.885289,2
1764,Sulfamethoxazole ,"Sulfran, Ds",ANGELLIC STAR PHARMACY ,-1.2844625,36.885289,40
1766,Sulfur,Sulphur Ointment,"MEDPLEX CHEMIST, Romac Pharmacy , urit medical ","-1.4293031, -1.2706834, -1.1009928","36.6872005, 36.8466657, 37.0129877",14
1769,Surgical Blade,Surgical Blade,"Bripamu Medical Stores, CARDINAL CHEMIST, MEDPLEX CHEMIST, urit medical ","-1.3111251, -1.3958137, -1.4293031, -1.1009928","36.8939304, 36.7638655, 36.6872005, 37.0129877",17
1770,Surgical Spirit,Generic,"BetahCare Family Health Clinic, Bonaim pharmacy , EMIR HEALTH CENTER ","-1.2062072, -1.266125","36.89570200000001, 36.910522",9
1771,Surgical Spirit,Generic,"Apotek Pharmaceutical, CARDINAL CHEMIST","-1.2885927, -1.3958137","36.9504001, 36.7638655",4
1772,Surgical Spirit,Generic,Falcon medical clinic ,,,1
1773,Surgical Spirit,Generic,"Apotek Pharmaceutical, CARDINAL CHEMIST","-1.2885927, -1.3958137","36.9504001, 36.7638655",6
1774,Surgical Spirit,Generic,"Apotek Pharmaceutical, CARDINAL CHEMIST, Eloc pharmacy , EMIR HEALTH CENTER , Falcon medical clinic ","-1.2885927, -1.3958137, -1.2953742, -1.266125","36.9504001, 36.7638655, 36.7455442, 36.910522",22
1775,Swab Gauze,"Generic, Sterile",KARURA CHEMIST II  TILL 8073490,-1.2196352,36.7128582,30
1784,Systane Ultra Eye Drops,Systane Ultra Eye Drops,KARURA CHEMIST II  TILL 8073490,-1.2196352,36.7128582,2
1789,Tadalafil,Talgentis,KARURA CHEMIST II  TILL 8073490,-1.2196352,36.7128582,10
1792,Tape - Surgical,Transpore,Romac Pharmacy ,-1.2706834,36.8466657,10
1796,Teething Powder,Ashton And Parsons,"Bripamu Medical Stores, Eloc pharmacy , Falcon medical clinic , Romac Pharmacy , SIDAI CHEMIST","-1.3111251, -1.2953742, -1.2706834, -1.4779526","36.8939304, 36.7455442, 36.8466657, 36.9577694",114
1798,Telmisartan,Telmi 40,KARURA CHEMIST II  TILL 8073490,-1.2196352,36.7128582,30
1802,Telmisartan,Telmi 80,"EMIR HEALTH CENTER , KARURA CHEMIST II  TILL 8073490","-1.266125, -1.2196352","36.910522, 36.7128582",23
1810,Telmisartan ,Teltas 40 H,"ABIJO PHARMACY- WANYEE (Nairobi), ABM PHARMACY (NGARA STAGE) (Nairobi), ABM PHARMACY LIMITED (Nairobi), ACCIPITRIDAE CHEMIST (Nairobi), ACCRA PHARMACY LTD - OPPOSITE MLK HOSP (Nairobi), ACCRA-MED CHEMISTS LIMITED (Nairobi), ACE CARE PHARMACEUTICALS  (Nairobi), ACESO PHARMACY WELLNESS PHARMACY KASARANI (Nairobi), ADONISI PHARMACEUTICALS (Nairobi), AFRILIFE CHEMIST LTD (BURUBURU) (Nairobi), AFYACARE PHARMA (Nairobi), AGA KHAN HEALTH  SERVICES,KENYA-RUAI (Nairobi), AGA KHAN HEALTH SERVICES,KENYA - HOMA BAY (Nairobi), AGAROSE PHARMACY (Nairobi), AGMART PHARMACEUTICALS-MUHOHO AVENUE (Nairobi), AHWAN PHARMACEUTICALS LIMITED (Nairobi), AHZAAB PHARMACY (Nairobi), AJWA PHARMACEUTICALS LIMITED (Nairobi), AKIMA PHARMACY (Nairobi), AL-AQSA DISPENSING CHEMIST (Nairobi), AL-HANAF PHARMACY (Nairobi), AL-HARAMAIN PHARMACEUTICAL COMPANY LIMITED (Nairobi), ALANE PHARMACY LTD (Nairobi), ALIF MEDICAL SERVICES LIMITED (Nairobi), ALISON AGROCHEM CHEMISTS LIMITED (Nairobi), ALKEN PHARMACEUTICAL LTD (Nairobi), ALKEN PHARMACEUTICAL L","-1.2953742, -1.2757621, -1.2848129, -1.2575249, -1.2755888, -1.2832624, -1.2829416, -1.2333266, -1.2688065, -1.3089651, -1.2616578, -1.2618776, -1.2831312, -1.323767, -1.2589182, -1.2717589, -1.2647119, -1.2059489, -1.2715424, -1.2721321, -1.2744794, -1.276733, -1.2731049, -1.2253857, -1.2880112, -1.2958752, -1.3128673, -1.284749, -1.2172469, -1.1990686, -1.2579931, -1.2705845, -1.2913585, -1.2715203, -1.2849625, -1.2869817, -1.2597254, -1.2849438, -1.2469388, -1.3139741, -1.2752485, -1.3152957, -1.2834847, -1.2773221, -1.3210273, -1.3211336, -1.2735173, -1.2493027, -1.2786587, -1.2953175, -1.2624961, -1.2575724, -1.32349, -1.2816014, -1.2736832, -1.3068667, -1.3590694, -1.271185, -1.2857603, -1.3138776, -1.2774177, -1.2844938, -1.2920658, -1.2520284, -1.2706834, -1.1835554, -1.2774587, -1.3647519, -1.2964585, -1.2856445, -1.2004353, -1.2742434, -1.317058, -1.1852458, -1.3244384, -1.3127776, -1.2323179, -1.272905, -1.2525589, -1.277364, -1.1975121, -1.2837102, -1.275237, -1.2763955, -1.291999, -1.2906482, -1.","36.7455442, 36.8290212, 36.7530976, 36.9120257, 36.9109491, 36.8266431, 36.7369557, 36.9294375, 36.8093088, 36.8936368, 36.9759005, 36.8237412, 36.9029929, 36.843886, 36.8142488, 36.8480778, 36.8389479, 36.8952592, 36.8478688, 36.8424626, 36.8506309, 36.8307703, 36.8512824, 36.9210154, 36.8620558, 36.86992360000001, 36.889599, 36.9000191, 36.8959913, 36.9031977, 36.921258, 36.84557, 36.7339325, 36.89315819999999, 36.987496, 36.8945577, 36.8268476, 36.9861242, 36.8686616, 36.9012134, 36.910138, 36.823283, 36.889222, 36.8158265, 36.8974843, 36.8006868, 36.96363580000001, 36.6845007, 36.88855, 36.6984177, 36.8222835, 36.8117362, 36.70831, 36.818184, 36.8511881, 36.8969262, 36.7468779, 36.8493086, 36.984962, 36.8951043, 36.7917285, 36.828068, 36.7946567, 36.8466657, 36.9005074, 36.85141, 36.9454922, 36.7995443, 36.8297902, 36.9005796, 36.8435388, 36.8959223, 36.9068067, 36.8984997, 36.8295928, 36.8035009, 36.851265, 36.927833, 36.8760519, 36.9025748, 36.7586288, 36.8219406, 36.8268934, 36.8458016, 36.9029842, 36.",1208
1813,Terbinafine,Oncosil,MEDPLEX CHEMIST,-1.4293031,36.6872005,6
1814,Terbinafine,Terbin Cream,Bonaim pharmacy ,-1.2062072,36.89570200000001,1
1820,Terbinafine ,Terbibact Mixi,Bripamu Medical Stores,-1.3111251,36.8939304,1
1821,Test: HIV cassette,HIV Cassette,"ABIJO PHARMACY- WANYEE (Nairobi), ABM PHARMACY (NGARA STAGE) (Nairobi), ABM PHARMACY LIMITED (Nairobi), ABRAPHARMA PHARMACEUTICALS KASARANI (Nairobi), ACCIPITRIDAE CHEMIST (Nairobi), ACCRA PHARMACY LTD - OPPOSITE MLK HOSP (Nairobi), ACCRA PHARMACY LTD HAKATI (Nairobi), ACCRA-MED CHEMISTS LIMITED (Nairobi), ACE CARE PHARMACEUTICALS  (Nairobi), ADONISI PHARMACEUTICALS (Nairobi), AFRILIFE CHEMIST LTD (BURUBURU) (Nairobi), AFYACARE PHARMA (Nairobi), AGA KHAN HEALTH  SERVICES,KENYA-RUAI (Nairobi), AGA KHAN HEALTH SERVICES,KENYA - HOMA BAY (Nairobi), AGAROSE PHARMACY (Nairobi), AGMART PHARMACEUTICALS-MUHOHO AVENUE (Nairobi), AHWAN PHARMACEUTICALS LIMITED (Nairobi), AHZAAB PHARMACY (Nairobi), AJWA PHARMACEUTICALS LIMITED (Nairobi), AKIMA PHARMACY (Nairobi), AL-AQSA DISPENSING CHEMIST (Nairobi), AL-HARAMAIN PHARMACEUTICAL COMPANY LIMITED (Nairobi), ALIF MEDICAL SERVICES LIMITED (Nairobi), ALKEN PHARMACEUTICAL LTD (Nairobi), ALKEN PHARMACEUTICAL LTD - B-CENTRE (Nairobi), ALKEN PHARMACEUTICALS LTD (Nairobi), ALKEN PHAR","-1.2953742, -1.2757621, -1.2848129, -1.2172469, -1.2575249, -1.2755888, -1.3066383, -1.2832624, -1.2829416, -1.2688065, -1.3089651, -1.2616578, -1.2618776, -1.2831312, -1.323767, -1.2589182, -1.2717589, -1.2647119, -1.2059489, -1.2715424, -1.2744794, -1.2731049, -1.2880112, -1.2958752, -1.3128673, -1.2460403, -1.284749, -1.1990686, -1.2579931, -1.2705845, -1.2913585, -1.2715203, -1.2849625, -1.2869817, -1.2849438, -1.2469388, -1.3139741, -1.2752485, -1.3152957, -1.2185276, -1.2834847, -1.2773221, -1.3210273, -1.3211336, -1.2735173, -1.2493027, -1.2786587, -1.32349, -1.2816014, -1.2345294, -1.2736832, -1.3068667, -1.271185, -1.2857603, -1.3138776, -1.2774177, -1.2844938, -1.2920658, -1.2520284, -1.2706834, -1.3205309, -1.1835554, -1.2774587, -1.3647519, -1.2607843, -1.2856445, -1.2004353, -1.2742434, -1.2741186, -1.1852458, -1.3127776, -1.2323179, -1.272905, -1.2525589, -1.2523093, -1.277364, -1.1975121, -1.3244384, -1.2837102, -1.275237, -1.2763955, -1.291999, -1.2871746, -1.2846548, -1.2931221, -1.3082142, -","36.7455442, 36.8290212, 36.7530976, 36.8959913, 36.9120257, 36.9109491, 36.8024294, 36.8266431, 36.7369557, 36.8093088, 36.8936368, 36.9759005, 36.8237412, 36.9029929, 36.843886, 36.8142488, 36.8480778, 36.8389479, 36.8952592, 36.8478688, 36.8506309, 36.8512824, 36.8620558, 36.86992360000001, 36.889599, 36.87666979999999, 36.9000191, 36.9031977, 36.921258, 36.84557, 36.7339325, 36.89315819999999, 36.987496, 36.8945577, 36.9861242, 36.8686616, 36.9012134, 36.910138, 36.823283, 36.9025676, 36.889222, 36.8158265, 36.8974843, 36.8006868, 36.96363580000001, 36.6845007, 36.88855, 36.70831, 36.818184, 36.9038803, 36.8511881, 36.8969262, 36.8493086, 36.984962, 36.8951043, 36.7917285, 36.828068, 36.8219462, 36.7946567, 36.8466657, 36.70374049999999, 36.9005074, 36.85141, 36.9454922, 36.8082989, 36.8297902, 36.9005796, 36.8435388, 36.844201, 36.9068067, 36.8295928, 36.8035009, 36.851265, 36.927833, 36.9497128, 36.8760519, 36.9025748, 36.8984997, 36.7586288, 36.8219406, 36.8268934, 36.8458016, 36.89397, 36.8572037, 36.7",1202
1822,Test: Malaria Kit Plus Test,Generic,"Falcon medical clinic , SAMIALBA",-1.279668,36.82553,12
1824,Test: Urine Pregnancy,Cassete,"B-sons pharmacy, Bripamu Medical Stores, urit medical ","-1.2673667, -1.3111251, -1.1009928","36.7509204, 36.8939304, 37.0129877",25
1825,Test: Urine Pregnancy,Erovita,"ANGELIC STAR PHARMACEUTICALS, CARDINAL CHEMIST, Eloc pharmacy ","-1.2834847, -1.3958137, -1.2953742","36.889222, 36.7638655, 36.7455442",41
1826,Testosteron,Sustanon,"ABIJO PHARMACY- WANYEE (Nairobi), ABM PHARMACY (NGARA STAGE) (Nairobi), ABM PHARMACY LIMITED (Nairobi), ABRAPHARMA PHARMACEUTICALS KASARANI (Nairobi), ACCIPITRIDAE CHEMIST (Nairobi), ACCRA PHARMACY LTD - OPPOSITE MLK HOSP (Nairobi), ACCRA PHARMACY LTD HAKATI (Nairobi), ACCRA-MED CHEMISTS LIMITED (Nairobi), ACE CARE PHARMACEUTICALS  (Nairobi), ACESO PHARMACY WELLNESS PHARMACY KASARANI (Nairobi), ADONISI PHARMACEUTICALS (Nairobi), AFRILIFE CHEMIST LTD (BURUBURU) (Nairobi), AFYACARE PHARMA (Nairobi), AGA KHAN HEALTH  SERVICES,KENYA-RUAI (Nairobi), AGA KHAN HEALTH SERVICES,KENYA - HOMA BAY (Nairobi), AGAROSE PHARMACY (Nairobi), AGMART PHARMACEUTICALS-MUHOHO AVENUE (Nairobi), AHWAN PHARMACEUTICALS LIMITED (Nairobi), AHZAAB PHARMACY (Nairobi), AJWA PHARMACEUTICALS LIMITED (Nairobi), AL-HANAF PHARMACY (Nairobi), ALANE PHARMACY LTD (Nairobi), ALIF MEDICAL SERVICES LIMITED (Nairobi), ALISON AGROCHEM CHEMISTS LIMITED (Nairobi), ALKEN PHARMACEUTICAL LTD (Nairobi), ALKEN PHARMACEUTICALS LTD (Nairobi), ALKEN PHARMACEUTICA","-1.2757621, -1.2848129, -1.2172469, -1.2575249, -1.2755888, -1.3066383, -1.2832624, -1.2829416, -1.2333266, -1.2688065, -1.3089651, -1.2616578, -1.2618776, -1.2831312, -1.323767, -1.2589182, -1.2717589, -1.2647119, -1.2721321, -1.276733, -1.2731049, -1.2253857, -1.2880112, -1.2958752, -1.3128673, -1.2460403, -1.284749, -1.1990686, -1.2579931, -1.2705845, -1.2913585, -1.2715203, -1.2849625, -1.2869817, -1.2849438, -1.2469388, -1.3139741, -1.2752485, -1.3152957, -1.2185276, -1.2834847, -1.2773221, -1.3210273, -1.3211336, -1.2735173, -1.2493027, -1.2786587, -1.2624961, -1.2575724, -1.32349, -1.2816014, -1.2345294, -1.3068667, -1.3590694, -1.271185, -1.2857603, -1.3138776, -1.2774177, -1.2844938, -1.2920658, -1.2520284, -1.3205309, -1.1835554, -1.3647519, -1.2607843, -1.2856445, -1.2004353, -1.2742434, -1.2741186, -1.317058, -1.1852458, -1.3244384, -1.3127776, -1.2323179, -1.272905, -1.2525589, -1.2523093, -1.277364, -1.1975121, -1.275237, -1.2763955, -1.291999, -1.2906482, -1.2871746, -1.2846548, -1.2931221, -1.","36.8290212, 36.7530976, 36.8959913, 36.9120257, 36.9109491, 36.8024294, 36.8266431, 36.7369557, 36.9294375, 36.8093088, 36.8936368, 36.9759005, 36.8237412, 36.9029929, 36.843886, 36.8142488, 36.8480778, 36.8389479, 36.8424626, 36.8307703, 36.8512824, 36.9210154, 36.8620558, 36.86992360000001, 36.889599, 36.87666979999999, 36.9000191, 36.9031977, 36.921258, 36.84557, 36.7339325, 36.987496, 36.8945577, 36.9861242, 36.8686616, 36.9012134, 36.910138, 36.823283, 36.9025676, 36.889222, 36.8158265, 36.8974843, 36.8006868, 36.96363580000001, 36.6845007, 36.88855, 36.8222835, 36.8117362, 36.70831, 36.818184, 36.9038803, 36.8969262, 36.7468779, 36.8493086, 36.984962, 36.8951043, 36.7917285, 36.828068, 36.7946567, 36.70374049999999, 36.9005074, 36.9454922, 36.8082989, 36.8297902, 36.9005796, 36.8435388, 36.844201, 36.8959223, 36.9068067, 36.8984997, 36.8295928, 36.8035009, 36.851265, 36.927833, 36.9497128, 36.8760519, 36.9025748, 36.8219406, 36.8268934, 36.8458016, 36.9029842, 36.89397, 36.8572037, 36.7897254, 36.802675",1145
1827,Tetracycline,Ocucycline,EMIR HEALTH CENTER ,-1.266125,36.910522,1
1829,Tetracycline,"Generic, Ointment",Nas Chemist,0.5206237,35.2762755,2
1833,Theophylline ,Gifol,"KARURA CHEMIST II  TILL 8073490, memah bestcare pharmacy","-1.2196352, -0.3076936","36.7128582, 38.2196697",24
1837,Thioicarb,Thiocarb,"CHARLIK PHARMACY, Jubilee-Care Chemist, MEDPLEX CHEMIST, THE MUTHAMI  HOSPITAL ","-1.215894, -1.1003338, -1.4293031, -1.214086","36.88669160000001, 37.0129017, 36.6872005, 36.7222231",20
1839,Tincture Of Iodine,Generic,Apotek Pharmaceutical,-1.2885927,36.9504001,1
1841,Tinidazole,T Zex,"ANGELIC STAR PHARMACEUTICALS, Apotek Pharmaceutical, B-sons pharmacy, BetahCare Family Health Clinic, Bonaim pharmacy , Bripamu Medical Stores, Eloc pharmacy , Falcon medical clinic , MEDIBLEND , Romac Pharmacy ","-1.2834847, -1.2885927, -1.2673667, -1.2062072, -1.3111251, -1.2953742, -1.282731, -1.2706834","36.889222, 36.9504001, 36.7509204, 36.89570200000001, 36.8939304, 36.7455442, 36.7848689, 36.8466657",100
1850,Toothpaste,"Sensodyne, Multicare",MEDPLEX CHEMIST,-1.4293031,36.6872005,6
1851,Torsemid,Diuride,KARURA CHEMIST II  TILL 8073490,-1.2196352,36.7128582,14
1855,Tramadol,Generic,"Apotek Pharmaceutical, urit medical ","-1.2885927, -1.1009928","36.9504001, 37.0129877",284
1856,Tramadol,Domadol,"Bonaim pharmacy , CARDINAL CHEMIST","-1.2062072, -1.3958137","36.89570200000001, 36.7638655",522
1860,Tramadol ,Tramacetal,KARURA CHEMIST II  TILL 8073490,-1.2196352,36.7128582,24
1863,Tranexamic Acid,Trenaxa,SAMIALBA,-1.279668,36.82553,10
1866,Tretinoin,"Acnesol, Acne Cream","EMIR HEALTH CENTER , Jubilee-Care Chemist, KEGAKA PHARMACY","-1.266125, -1.1003338, -1.0133967","36.910522, 37.0129017, 36.9058388",18
1872,Trimethoprim ,"Septrin, Ds","BetahCare Family Health Clinic, Bripamu Medical Stores, Falcon medical clinic ",-1.3111251,36.8939304,343
1873,Trimethoprim ,"Septrin, Paediatric",SIDAI CHEMIST,-1.4779526,36.9577694,1
1874,Trimethoprim ,"Cosatrim, Ds","ANGELIC STAR PHARMACEUTICALS, CHARLIK PHARMACY, MEDPLEX CHEMIST, Nas Chemist","-1.2834847, -1.215894, -1.4293031, 0.5206237","36.889222, 36.88669160000001, 36.6872005, 35.2762755",154
1891,Vildagliptin ,Galvusmet,Andre Pharmaceuticals ,-1.3954461,36.7313557,30
1896,Vitamin B Complex,Tribees Forte,MEDPLEX CHEMIST,-1.4293031,36.6872005,109
1898,Vitamin B Complex,Neurorubine Forte,"Bripamu Medical Stores, EMIR HEALTH CENTER , KARURA CHEMIST II  TILL 8073490, MEDPLEX CHEMIST","-1.3111251, -1.266125, -1.2196352, -1.4293031","36.8939304, 36.910522, 36.7128582, 36.6872005",165
1906,Vitamin C ,ceovit,MEDPLEX CHEMIST,-1.4293031,36.6872005,60
1915,Vitamin D3 Oral Drops,Sara D3,"KARURA CHEMIST II  TILL 8073490, MEDPLEX CHEMIST","-1.2196352, -1.4293031","36.7128582, 36.6872005",5
1919,Vitamin E,Enat,KARURA CHEMIST II  TILL 8073490,-1.2196352,36.7128582,31
1921,Warfarin,Warrrex,"Nas Chemist, urit medical ","0.5206237, -1.1009928","35.2762755, 37.0129877",32
1924,Wound Dresser,Primapore,Miliecare,,,1
1930,Zinc Complex,Zinc Complex,Jubilee-Care Chemist,-1.1003338,37.0129017,5
1932,Zinc Sulfate,Zincat OD,KARURA CHEMIST II  TILL 8073490,-1.2196352,36.7128582,10
1933,Zinc Sulfate,Generic,ANGELIC STAR PHARMACEUTICALS,-1.2834847,36.889222,5
1938,Zolpidem,Stilnox,Eloc pharmacy ,-1.2953742,36.7455442,2
1939,aceclofenac,rilif sr,Disanjo Chemist ,-1.2650867,36.8826178,18
1940,aceclofenac,lyso spray,MEDPLEX CHEMIST,-1.4293031,36.6872005,7
1942,aceclofenac paracetamol n chlorxazone,acetal mr,"CALMAK CHEMIST , CARDINAL CHEMIST, EMIR HEALTH CENTER , Jubilee-Care Chemist, KARURA CHEMIST II  TILL 8073490, MEDPLEX CHEMIST, SIDAI CHEMIST","-1.053931, -1.3958137, -1.266125, -1.1003338, -1.2196352, -1.4293031, -1.4779526","38.3631399, 36.7638655, 36.910522, 37.0129017, 36.7128582, 36.6872005, 36.9577694",2065
1948,amoxicillin plus clavulanic,finemox 625,MEDPLEX CHEMIST,-1.4293031,36.6872005,43
1959,benaflu 60 mls,benaflu 60 mls,"ANGELIC STAR PHARMACEUTICALS, MEDPLEX CHEMIST","-1.2834847, -1.4293031","36.889222, 36.6872005",22
1972,blood pressure testing,blood pressure testing,Falcon medical clinic ,,,30
1974,cadistin plus,cadistin plus,MEDPLEX CHEMIST,-1.4293031,36.6872005,5
1980,celabet,celabet,"ANGELIC STAR PHARMACEUTICALS, Bonaim pharmacy , CHARLIK PHARMACY, EMIR HEALTH CENTER , MEDPLEX CHEMIST, Minimall pharmacy ","-1.2834847, -1.2062072, -1.215894, -1.266125, -1.4293031, -1.2075997","36.889222, 36.89570200000001, 36.88669160000001, 36.910522, 36.6872005, 36.9289285",1330
1988,cophydrex expectorant,cophydrex expectorant,memah bestcare pharmacy,-0.3076936,38.2196697,1
1993,diclofenac 50,diclomol 50mg ec,Romac Pharmacy ,-1.2706834,36.8466657,68
2010,esomeprazole,protas 40,"Brink Clinic, EMIR HEALTH CENTER , KARURA CHEMIST II  TILL 8073490","-1.266125, -1.2196352","36.910522, 36.7128582",137
2013,evening primrose,evening primrose,Romac Pharmacy ,-1.2706834,36.8466657,9
2014,exactive blood glucose machine,exactive blood glucose machine,KARURA CHEMIST II  TILL 8073490,-1.2196352,36.7128582,1
2017,ferrous plus iron,ifas,"EMIR HEALTH CENTER , KARURA CHEMIST II  TILL 8073490, MEDIBLEND , MEDPLEX CHEMIST, SIDAI CHEMIST, urit medical ","-1.266125, -1.2196352, -1.282731, -1.4293031, -1.4779526, -1.1009928","36.910522, 36.7128582, 36.7848689, 36.6872005, 36.9577694, 37.0129877",459
2025,gynaecosid,gynaecosid,"EMIR HEALTH CENTER , Romac Pharmacy ","-1.266125, -1.2706834","36.910522, 36.8466657",102
2030,ibuprofen and paracetamol,ibugesic,"Disanjo Chemist , KARURA CHEMIST II  TILL 8073490, MEDIBLEND , urit medical ","-1.2650867, -1.2196352, -1.282731, -1.1009928","36.8826178, 36.7128582, 36.7848689, 37.0129877",11
2033,jointflex pro joint formula,jointflex pro joint formula,Romac Pharmacy ,-1.2706834,36.8466657,9
2034,kaluma 7g,kaluma 7g,Romac Pharmacy ,-1.2706834,36.8466657,4
2038,levonorgesrel,norpill,B-sons pharmacy,-1.2673667,36.7509204,7
2053,milk of magnesia,metromag,Romac Pharmacy ,-1.2706834,36.8466657,6
2058,n 95 mask,N95 mask,Romac Pharmacy ,-1.2706834,36.8466657,5
2067,ovacare,ovacare,"KARURA CHEMIST II  TILL 8073490, Romac Pharmacy ","-1.2196352, -1.2706834","36.7128582, 36.8466657",68
2068,paracetamol,totomol,EMIR HEALTH CENTER ,-1.266125,36.910522,1
2073,podophyllin,podosal paint 10ml,KARURA CHEMIST II  TILL 8073490,-1.2196352,36.7128582,1
2078,probiotic,avalife daily flora,Romac Pharmacy ,-1.2706834,36.8466657,5
2094,sugar testing,sugar testing,Romac Pharmacy ,-1.2706834,36.8466657,9
2096,tamepyn,tamepyn,MEDPLEX CHEMIST,-1.4293031,36.6872005,348
2102,vitamin c,glencee,"EMIR HEALTH CENTER , Romac Pharmacy ","-1.266125, -1.2706834","36.910522, 36.8466657",9
2105,water,water,"Apotek Pharmaceutical, Jubilee-Care Chemist, KEGAKA PHARMACY, MEDPLEX CHEMIST","-1.2885927, -1.1003338, -1.0133967, -1.4293031","36.9504001, 37.0129017, 36.9058388, 36.6872005",20
2106,water 1 litre,water 1 litre,"Apotek Pharmaceutical, Jubilee-Care Chemist, KEGAKA PHARMACY, MEDPLEX CHEMIST","-1.2885927, -1.1003338, -1.0133967, -1.4293031","36.9504001, 37.0129017, 36.9058388, 36.6872005",17
2107,water for injection,water for injection,"Romac Pharmacy , urit medical ","-1.2706834, -1.1009928","36.8466657, 37.0129877",29
6114,ASPIRIN 300MG,ASPIRIN,Jubilee-Care Chemist,-1.1003338,37.0129017,6
6117,COPHYDREX,COPHYDREX,ANGELIC STAR PHARMACEUTICALS,-1.2834847,36.889222,1
6119,ATENOL 100MG,ATENOL,MEDPLEX CHEMIST,-1.4293031,36.6872005,6
6121,AMOXICLAV 375,ACINET,"Apotek Pharmaceutical, MEDPLEX CHEMIST","-1.2885927, -1.4293031","36.9504001, 36.6872005",34
6127,LEVOFLOXACIN 750MG,LEVOFLOXACIN,"BetahCare Family Health Clinic, MEDPLEX CHEMIST",-1.4293031,36.6872005,35
6128,ZYRTEC TABS,ZYRTEC,KARURA CHEMIST II  TILL 8073490,-1.2196352,36.7128582,3
6131,AMOXIL 500,AMOXIL,"Bonaim pharmacy , DawaPay, Disanjo Chemist , Eloc pharmacy , EMIR HEALTH CENTER , MEDPLEX CHEMIST","-1.2062072, -1.2650867, -1.2953742, -1.266125, -1.4293031","36.89570200000001, 36.8826178, 36.7455442, 36.910522, 36.6872005",1545
6134,HOMAGON,HOMAGON,"Eloc pharmacy , MEDPLEX CHEMIST","-1.2953742, -1.4293031","36.7455442, 36.6872005",12
6147,PULMOCEF 500MG,PULMOCEF,"EMIR HEALTH CENTER , KARURA CHEMIST II  TILL 8073490, MEDPLEX CHEMIST","-1.266125, -1.2196352, -1.4293031","36.910522, 36.7128582, 36.6872005",14
6159,QUITIPIN 200MG,QUITIPIN,"ABIJO PHARMACY- WANYEE (Nairobi), ABM PHARMACY LIMITED (Nairobi), ABRAPHARMA PHARMACEUTICALS KASARANI (Nairobi), ACCIPITRIDAE CHEMIST (Nairobi), ACCRA PHARMACY LTD - OPPOSITE MLK HOSP (Nairobi), ACCRA PHARMACY LTD HAKATI (Nairobi), ACCRA-MED CHEMISTS LIMITED (Nairobi), ACE CARE PHARMACEUTICALS  (Nairobi), ACESO PHARMACY WELLNESS PHARMACY KASARANI (Nairobi), ADONISI PHARMACEUTICALS (Nairobi), AFRILIFE CHEMIST LTD (BURUBURU) (Nairobi), AFYACARE PHARMA (Nairobi), AGA KHAN HEALTH  SERVICES,KENYA-RUAI (Nairobi), AGA KHAN HEALTH SERVICES,KENYA - HOMA BAY (Nairobi), AGAROSE PHARMACY (Nairobi), AGMART PHARMACEUTICALS-MUHOHO AVENUE (Nairobi), AHWAN PHARMACEUTICALS LIMITED (Nairobi), AHZAAB PHARMACY (Nairobi), AJWA PHARMACEUTICALS LIMITED (Nairobi), AKIMA PHARMACY (Nairobi), AL-AQSA DISPENSING CHEMIST (Nairobi), AL-HANAF PHARMACY (Nairobi), AL-HARAMAIN PHARMACEUTICAL COMPANY LIMITED (Nairobi), ALANE PHARMACY LTD (Nairobi), ALIF MEDICAL SERVICES LIMITED (Nairobi), ALISON AGROCHEM CHEMISTS LIMITED (Nairobi), ALKEN PHARMA","-1.2953742, -1.2848129, -1.2172469, -1.2575249, -1.2755888, -1.3066383, -1.2832624, -1.2829416, -1.2333266, -1.2688065, -1.3089651, -1.2616578, -1.2618776, -1.2831312, -1.323767, -1.2589182, -1.2717589, -1.2647119, -1.2059489, -1.2715424, -1.2721321, -1.2744794, -1.276733, -1.2731049, -1.2253857, -1.2880112, -1.2958752, -1.2460403, -1.284749, -1.1990686, -1.2579931, -1.2705845, -1.2913585, -1.2715203, -1.2849625, -1.2869817, -1.2849438, -1.2469388, -1.3139741, -1.2752485, -1.2185276, -1.2834847, -1.2773221, -1.3210273, -1.3211336, -1.2735173, -1.2493027, -1.2786587, -1.2624961, -1.2575724, -1.32349, -1.2345294, -1.2736832, -1.2694513, -1.3068667, -1.3590694, -1.271185, -1.2857603, -1.2844938, -1.2520284, -1.1835554, -1.2774587, -1.3647519, -1.2964585, -1.2856445, -1.2004353, -1.2742434, -1.2741186, -1.1852458, -1.3244384, -1.3127776, -1.2323179, -1.272905, -1.2959953, -1.2525589, -1.2523093, -1.277364, -1.284504, -1.275237, -1.2763955, -1.291999, -1.2906482, -1.2871746, -1.2846548, -1.2931221, -1.3082142, -1.","36.7455442, 36.7530976, 36.8959913, 36.9120257, 36.9109491, 36.8024294, 36.8266431, 36.7369557, 36.9294375, 36.8093088, 36.8936368, 36.9759005, 36.8237412, 36.9029929, 36.843886, 36.8142488, 36.8480778, 36.8389479, 36.8952592, 36.8478688, 36.8424626, 36.8506309, 36.8307703, 36.8512824, 36.9210154, 36.8620558, 36.86992360000001, 36.87666979999999, 36.9000191, 36.9031977, 36.921258, 36.84557, 36.7339325, 36.987496, 36.8945577, 36.9861242, 36.8686616, 36.9012134, 36.910138, 36.9025676, 36.889222, 36.8158265, 36.8974843, 36.8006868, 36.96363580000001, 36.6845007, 36.88855, 36.8222835, 36.8117362, 36.70831, 36.9038803, 36.8511881, 36.7998296, 36.8969262, 36.7468779, 36.8493086, 36.984962, 36.828068, 36.7946567, 36.9005074, 36.85141, 36.9454922, 36.7995443, 36.8297902, 36.9005796, 36.8435388, 36.844201, 36.9068067, 36.8984997, 36.8295928, 36.8035009, 36.851265, 36.8082191, 36.927833, 36.9497128, 36.8760519, 36.9002232, 36.8219406, 36.8268934, 36.8458016, 36.9029842, 36.89397, 36.8572037, 36.7897254, 36.9118572, 36.",1207
6161,DI-REC SUPP,DI-REC,"KARURA CHEMIST II  TILL 8073490, space race","-1.2196352, -1.311053","36.7128582, 36.745584",17
6163,RHIZIN TABS,RHIZIN,"KARURA CHEMIST II  TILL 8073490, Mercilin Afya services ","-1.2196352, -1.3921923","36.7128582, 36.9407301",28
6164,ALTRINE TABS,ALTRINE,B-sons pharmacy,-1.2673667,36.7509204,235
6167,AMOXIL 250MG,AMOXIL,"Bonaim pharmacy , KARURA CHEMIST II  TILL 8073490","-1.2062072, -1.2196352","36.89570200000001, 36.7128582",46
6169,AMOXYCILLIN 500 MG,AMOXYCILLIN,"ANGELIC STAR PHARMACEUTICALS, Jubilee-Care Chemist, KARURA CHEMIST II  TILL 8073490","-1.2834847, -1.1003338, -1.2196352","36.889222, 37.0129017, 36.7128582",186
6170,AMPICLO DAWA 500,AMPICLOX,"Apotek Pharmaceutical, Bonaim pharmacy , Bripamu Medical Stores, Disanjo Chemist , Eloc pharmacy , EMIR HEALTH CENTER , MEDPLEX CHEMIST","-1.2885927, -1.2062072, -1.3111251, -1.2650867, -1.2953742, -1.266125, -1.4293031","36.9504001, 36.89570200000001, 36.8939304, 36.8826178, 36.7455442, 36.910522, 36.6872005",1345
6174,AMPICLOX NEONATAL,AMPICLOX,Apotek Pharmaceutical,-1.2885927,36.9504001,1
6175,AMPICLOX SYRUP 60MLS,AMPICLOX,"Apotek Pharmaceutical, Falcon medical clinic ",-1.2885927,36.9504001,14
6176,AMPICOX 100MLS,AMPICOX,"Apotek Pharmaceutical, Bonaim pharmacy ","-1.2885927, -1.2062072","36.9504001, 36.89570200000001",6
6177,AMTEL 80/5,AMTEL,Nas Chemist,0.5206237,35.2762755,1
6185,ANTI RABBIES 0.5MLS,COSMOS,KARURA CHEMIST II  TILL 8073490,-1.2196352,36.7128582,4
6186,ANUSOL,COSMOS,"Bonaim pharmacy , Eloc pharmacy ","-1.2062072, -1.2953742","36.89570200000001, 36.7455442",5
6189,APC,APC,"Apotek Pharmaceutical, B-sons pharmacy, edlian hope u, EMIR HEALTH CENTER , MEDIBLEND , MEDPLEX CHEMIST, urit medical ","-1.2885927, -1.2673667, 0.0, -1.266125, -1.282731, -1.4293031, -1.1009928","36.9504001, 36.7509204, 0.0, 36.910522, 36.7848689, 36.6872005, 37.0129877",544
6192,APPEVITE SYR,APPEVITE,floram pharmacy,-1.4756257,36.957177,1
6201,ASCOFF 100MLS,ASCOFF,KARURA CHEMIST II  TILL 8073490,-1.2196352,36.7128582,1
6202,ASCORIL 200MLS,ASCORIL,"Eloc pharmacy , Jochamu Chemist Ruiru, MEDPLEX CHEMIST","-1.2953742, -1.147016, -1.4293031","36.7455442, 36.9584749, 36.6872005",6
6203,ASCORIL D,ASCORIL,Crowmed pharmaceuticals ,-1.3621855,36.6555867,2
6204,ASCORIL EXPE,ASCORIL,"Apotek Pharmaceutical, Eloc pharmacy , Falcon medical clinic , Jubilee-Care Chemist, Teshamed chemist , Zepharma","-1.2885927, -1.2953742, -1.1003338, -1.2309656, -1.2845957","36.9504001, 36.7455442, 37.0129017, 36.91913960000001, 36.6881478",32
6205,ASHTON,ASHTON,Disanjo Chemist ,-1.2650867,36.8826178,6
6207,ASOMEX LT,ASOMEX,space race,-1.311053,36.745584,3
6209,ASTMIN LIQUID,ASTMIN,space race,-1.311053,36.745584,3
6210,ASTYMIN 200MLS,HARLEYS,space race,-1.311053,36.745584,2
6213,ATM 500MG,ATORID,MEDPLEX CHEMIST,-1.4293031,36.6872005,1
6214,ATORID 10 MG,ATORID,space race,-1.311053,36.745584,2
6215,ATORID 20MG,ATORVASTATIN,space race,-1.311053,36.745584,1
6216,ATORID 40MG,ATORID,space race,-1.311053,36.745584,2
6219,AUGMENTIN 1 GM,AUGMENTIN,Disanjo Chemist ,-1.2650867,36.8826178,1
6222,AUGMENTIN 457,AUGMENTIN,"EMIR HEALTH CENTER , Falcon medical clinic , KARURA CHEMIST II  TILL 8073490, MEDPLEX CHEMIST","-1.266125, -1.2196352, -1.4293031","36.910522, 36.7128582, 36.6872005",14
6223,AUGMENTIN 625 MG,AUGMENTIN,"Apotek Pharmaceutical, KARURA CHEMIST II  TILL 8073490, MEDPLEX CHEMIST","-1.2885927, -1.2196352, -1.4293031","36.9504001, 36.7128582, 36.6872005",18
6229,AVASTATIN 10MG,AVASTATIN,MEDPLEX CHEMIST,-1.4293031,36.6872005,29
6230,AVASTATIN 20MG,AVASTATIN,"KARURA CHEMIST II  TILL 8073490, MEDIBLEND , MEDPLEX CHEMIST","-1.2196352, -1.282731, -1.4293031","36.7128582, 36.7848689, 36.6872005",164
6232,AXE OIL,AXE,"EMIR HEALTH CENTER , KARURA CHEMIST II  TILL 8073490, space race","-1.266125, -1.2196352, -1.311053","36.910522, 36.7128582, 36.745584",7
6233,AYDOPA  250MG,AYDOPA,space race,-1.311053,36.745584,1
6234,AZ,AZ,space race,-1.311053,36.745584,5
6244,BECLOMIN OINT,BECLOMIN,"Nas Chemist, Tikotiko Chemist ","0.5206237, -1.3080828","35.2762755, 36.7819929",3
6245,BENACOFF EXP,BENACOFF,"ANGELIC STAR PHARMACEUTICALS, Apotek Pharmaceutical, MEDPLEX CHEMIST, urit medical ","-1.2834847, -1.2885927, -1.4293031, -1.1009928","36.889222, 36.9504001, 36.6872005, 37.0129877",10
6246,BENACOFF LINCTUS,BENACOFF,"Apotek Pharmaceutical, Bripamu Medical Stores","-1.2885927, -1.3111251","36.9504001, 36.8939304",6
6247,BENACOFF P,BENACOFF,Bripamu Medical Stores,-1.3111251,36.8939304,1
6250,BENAFLU TOTO,BENAFLU,"ANGELLIC STAR PHARMACY , Apotek Pharmaceutical, MEDPLEX CHEMIST","-1.2844625, -1.2885927, -1.4293031","36.885289, 36.9504001, 36.6872005",11
6251,BENAFLU TOTO,BENAFLU,"ANGELLIC STAR PHARMACY , CARDINAL CHEMIST","-1.2844625, -1.3958137","36.885289, 36.7638655",4
6261,BETA GRIPER WATER 60MLS,GRIPER,Falcon medical clinic ,,,21
6263,BETADINE ANTISEPTIC,BETADINE,MEDPLEX CHEMIST,-1.4293031,36.6872005,2
6264,BETADINE M/WASH,BETADINE,KARURA CHEMIST II  TILL 8073490,-1.2196352,36.7128582,1
6266,BETAMED,BETAMED,MEDPLEX CHEMIST,-1.4293031,36.6872005,4
6268,BETASON CREAM,BETASON,"Apotek Pharmaceutical, Eloc pharmacy , Jubilee-Care Chemist, MEDPLEX CHEMIST, Nas Chemist","-1.2885927, -1.2953742, -1.1003338, -1.4293031, 0.5206237","36.9504001, 36.7455442, 37.0129017, 36.6872005, 35.2762755",13
6271,BETASON-S OINT,BETASON,EMIR HEALTH CENTER ,-1.266125,36.910522,4
6284,BONIUM,BONIUM,KARURA CHEMIST II  TILL 8073490,-1.2196352,36.7128582,30
6287,BONNISSAN LIQUID,BONNISSAN,"BetahCare Family Health Clinic, Bripamu Medical Stores, CARDINAL CHEMIST, Disanjo Chemist , Eloc pharmacy , EMIR HEALTH CENTER , KARURA CHEMIST II  TILL 8073490, maria drug house, MEDPLEX CHEMIST, SIDAI CHEMIST","-1.3111251, -1.3958137, -1.2650867, -1.2953742, -1.266125, -1.2196352, -1.2576329, -1.4293031, -1.4779526","36.8939304, 36.7638655, 36.8826178, 36.7455442, 36.910522, 36.7128582, 36.92043049999999, 36.6872005, 36.9577694",33
6289,BRANULAR,BRANULAR,"Bonaim pharmacy , Bripamu Medical Stores","-1.2062072, -1.3111251","36.89570200000001, 36.8939304",81
6291,BROMODEL  2.5MG,BROMODEL,Bonaim pharmacy ,-1.2062072,36.89570200000001,4
6292,BROMSAL,BROMSAL,"BetahCare Family Health Clinic, Bripamu Medical Stores, KARURA CHEMIST II  TILL 8073490, MEDPLEX CHEMIST, urit medical ","-1.3111251, -1.2196352, -1.4293031, -1.1009928","36.8939304, 36.7128582, 36.6872005, 37.0129877",29
6293,BROXOL,BROXOL,"KARURA CHEMIST II  TILL 8073490, MEDPLEX CHEMIST","-1.2196352, -1.4293031","36.7128582, 36.6872005",21
6300,BULKOT B,BULKOT,"B-sons pharmacy, BetahCare Family Health Clinic, MEDPLEX CHEMIST, SIDAI CHEMIST","-1.2673667, -1.4293031, -1.4779526","36.7509204, 36.6872005, 36.9577694",12
6301,BULKOT MIX,BULKOT,"ANGELIC STAR PHARMACEUTICALS, Apotek Pharmaceutical, Disanjo Chemist , EMIR HEALTH CENTER , MEDPLEX CHEMIST","-1.2834847, -1.2885927, -1.2650867, -1.266125, -1.4293031","36.889222, 36.9504001, 36.8826178, 36.910522, 36.6872005",17
6303,BUSCOPAN TABS 10MG,BUSCOPAN,"Bonaim pharmacy , KARURA CHEMIST II  TILL 8073490","-1.2062072, -1.2196352","36.89570200000001, 36.7128582",9
6304,BYOFER 12,BYOFER,"B-sons pharmacy, MEDPLEX CHEMIST","-1.2673667, -1.4293031","36.7509204, 36.6872005",6
6307,CABALIN CAPS 25MG,CABALIN,SIDAI CHEMIST,-1.4779526,36.9577694,14
6310,CADISTIN 100MLS,CADISTIN,"Apotek Pharmaceutical, Bripamu Medical Stores, CARDINAL CHEMIST, Eloc pharmacy , Jubilee-Care Chemist, KARURA CHEMIST II  TILL 8073490, MEDPLEX CHEMIST","-1.2885927, -1.3111251, -1.3958137, -1.2953742, -1.1003338, -1.2196352, -1.4293031","36.9504001, 36.8939304, 36.7638655, 36.7455442, 37.0129017, 36.7128582, 36.6872005",59
6311,CALAMINE LOTION,CALAMINE,"Falcon medical clinic , KARURA CHEMIST II  TILL 8073490, MEDPLEX CHEMIST","-1.2196352, -1.4293031","36.7128582, 36.6872005",12
6313,CALCIGARD,CALCIGARD,Eloc pharmacy ,-1.2953742,36.7455442,93
6316,CANDID B CREAM,CANDID,"EMIR HEALTH CENTER , MEDPLEX CHEMIST","-1.266125, -1.4293031","36.910522, 36.6872005",43
6318,CANDID CREAM,CANDID,MEDPLEX CHEMIST,-1.4293031,36.6872005,1
6320,CANDID POWDER,CANDID,MEDPLEX CHEMIST,-1.4293031,36.6872005,8
6326,CANDISTAT CREAM,CANDISTAT,MEDPLEX CHEMIST,-1.4293031,36.6872005,2
6333,CARDACE 5MG,CARDACE,"KARURA CHEMIST II  TILL 8073490, MEDPLEX CHEMIST","-1.2196352, -1.4293031","36.7128582, 36.6872005",166
6335,CARDINOL 50 MG,CARDINOL,MEDPLEX CHEMIST,-1.4293031,36.6872005,500
6336,CARDITAN 50MG,CARDITAN,Eloc pharmacy ,-1.2953742,36.7455442,22
6338,CARDITAN H,CARDITAN,"Bonaim pharmacy , Disanjo Chemist , Eloc pharmacy , KARURA CHEMIST II  TILL 8073490","-1.2062072, -1.2650867, -1.2953742, -1.2196352","36.89570200000001, 36.8826178, 36.7455442, 36.7128582",112
6339,CARITON SYRUP 60MLS,CARITON,CARDINAL CHEMIST,-1.3958137,36.7638655,2
6341,CARTIL OMEGA CAPS,CARTIL,"KARURA CHEMIST II  TILL 8073490, MEDPLEX CHEMIST","-1.2196352, -1.4293031","36.7128582, 36.6872005",83
6345,CASTOR OIL,CASTOR,"Apotek Pharmaceutical, CARDINAL CHEMIST, EMIR HEALTH CENTER ","-1.2885927, -1.3958137, -1.266125","36.9504001, 36.7638655, 36.910522",3
6351,CAUSTIC PENCIL,CAUSTIC,MEDPLEX CHEMIST,-1.4293031,36.6872005,5
6352,CAUSTIC PENCIL 95%,CAUSTIC,MEDPLEX CHEMIST,-1.4293031,36.6872005,2
6354,CEFIXIME FIX 200 MG,CEFIXIME,"Disanjo Chemist , EMIR HEALTH CENTER ","-1.2650867, -1.266125","36.8826178, 36.910522",3
6358,CEFUROXIME 500MG,CEFUROXIME,EMIR HEALTH CENTER ,-1.266125,36.910522,7
6359,CELESTAMINE TABS,CELESTAMINE,"ABIJO PHARMACY- WANYEE (Nairobi), ABM PHARMACY (NGARA STAGE) (Nairobi), ABM PHARMACY LIMITED (Nairobi), ABRAPHARMA PHARMACEUTICALS KASARANI (Nairobi), ACCIPITRIDAE CHEMIST (Nairobi), ACCRA PHARMACY LTD - OPPOSITE MLK HOSP (Nairobi), ACCRA PHARMACY LTD HAKATI (Nairobi), ACE CARE PHARMACEUTICALS  (Nairobi), ACESO PHARMACY WELLNESS PHARMACY KASARANI (Nairobi), ADONISI PHARMACEUTICALS (Nairobi), AFRILIFE CHEMIST LTD (BURUBURU) (Nairobi), AFYACARE PHARMA (Nairobi), AGA KHAN HEALTH  SERVICES,KENYA-RUAI (Nairobi), AGA KHAN HEALTH SERVICES,KENYA - HOMA BAY (Nairobi), AGAROSE PHARMACY (Nairobi), AGMART PHARMACEUTICALS-MUHOHO AVENUE (Nairobi), AHWAN PHARMACEUTICALS LIMITED (Nairobi), AHZAAB PHARMACY (Nairobi), AJWA PHARMACEUTICALS LIMITED (Nairobi), AL-AQSA DISPENSING CHEMIST (Nairobi), AL-HANAF PHARMACY (Nairobi), AL-HARAMAIN PHARMACEUTICAL COMPANY LIMITED (Nairobi), ALANE PHARMACY LTD (Nairobi), ALIF MEDICAL SERVICES LIMITED (Nairobi), ALISON AGROCHEM CHEMISTS LIMITED (Nairobi), ALKEN PHARMACEUTICAL LTD (Nairobi), AL","-1.2953742, -1.2757621, -1.2848129, -1.2172469, -1.2575249, -1.2755888, -1.3066383, -1.2829416, -1.2333266, -1.2688065, -1.3089651, -1.2616578, -1.2618776, -1.2831312, -1.323767, -1.2589182, -1.2717589, -1.2647119, -1.2715424, -1.2721321, -1.2744794, -1.276733, -1.2731049, -1.2253857, -1.2880112, -1.2958752, -1.3128673, -1.2460403, -1.284749, -1.1990686, -1.2579931, -1.2705845, -1.2913585, -1.2715203, -1.2849625, -1.2869817, -1.2849438, -1.2469388, -1.3139741, -1.2752485, -1.3152957, -1.2185276, -1.2834847, -1.2773221, -1.3210273, -1.3211336, -1.2735173, -1.2786587, -1.2953175, -1.2624961, -1.2575724, -1.2345294, -1.2736832, -1.2694513, -1.3590694, -1.271185, -1.2857603, -1.3138776, -1.2774177, -1.2844938, -1.2920658, -1.2520284, -1.3205309, -1.1835554, -1.3647519, -1.2964585, -1.2004353, -1.2742434, -1.2741186, -1.317058, -1.1852458, -1.3127776, -1.272905, -1.2525589, -1.2523093, -1.2556649, -1.277364, -1.1975121, -1.3244384, -1.2837102, -1.275237, -1.291999, -1.2906482, -1.2871746, -1.2846548, -1.2931221, -","36.7455442, 36.8290212, 36.7530976, 36.8959913, 36.9120257, 36.9109491, 36.8024294, 36.7369557, 36.9294375, 36.8093088, 36.8936368, 36.9759005, 36.8237412, 36.9029929, 36.843886, 36.8142488, 36.8480778, 36.8389479, 36.8478688, 36.8424626, 36.8506309, 36.8307703, 36.8512824, 36.9210154, 36.8620558, 36.86992360000001, 36.889599, 36.87666979999999, 36.9000191, 36.9031977, 36.921258, 36.84557, 36.7339325, 36.987496, 36.8945577, 36.9861242, 36.8686616, 36.9012134, 36.910138, 36.823283, 36.9025676, 36.889222, 36.8158265, 36.8974843, 36.8006868, 36.96363580000001, 36.88855, 36.6984177, 36.8222835, 36.8117362, 36.9038803, 36.8511881, 36.7998296, 36.7468779, 36.8493086, 36.984962, 36.8951043, 36.7917285, 36.828068, 36.7946567, 36.70374049999999, 36.9005074, 36.9454922, 36.7995443, 36.9005796, 36.8435388, 36.844201, 36.8959223, 36.9068067, 36.8295928, 36.851265, 36.927833, 36.9497128, 36.9233532, 36.8760519, 36.9025748, 36.8984997, 36.7586288, 36.8219406, 36.8458016, 36.9029842, 36.89397, 36.8572037, 36.7897254, 36.911",9513949
6362,CEOVIT TABS,CEOVIT,KARURA CHEMIST II  TILL 8073490,-1.2196352,36.7128582,15
6363,CEPHALEXIN 500MG,CEPHALEXIN,"Bonaim pharmacy , KARURA CHEMIST II  TILL 8073490, MEDPLEX CHEMIST, THE MUTHAMI  HOSPITAL ","-1.2062072, -1.2196352, -1.4293031, -1.214086","36.89570200000001, 36.7128582, 36.6872005, 36.7222231",401
6367,CETAMOL SYRUP 100MLS,REGAL,Apotek Pharmaceutical,-1.2885927,36.9504001,1
6368,CETAMOL TABS 500MG,CETAMOL,"Apotek Pharmaceutical, EMIR HEALTH CENTER ","-1.2885927, -1.266125","36.9504001, 36.910522",974
6370,CETRIZET  TABS,CETRIZET,MEDPLEX CHEMIST,-1.4293031,36.6872005,105
6371,CETRIZET D,CETRIZET,"Bonaim pharmacy , Eloc pharmacy ","-1.2062072, -1.2953742","36.89570200000001, 36.7455442",10
6372,CETRIZET TABS,CETRIZET,"Lifemed 3ds mlolongo , Mercilin Afya services ","-1.3940237, -1.3921923","36.9390723, 36.9407301",2
6373,CHARCO,CHARCO,MEDPLEX CHEMIST,-1.4293031,36.6872005,54
6376,CHLORAMPHENICAL EYE,CHLORAMPHENICAL,Churmad Retail Pharmacy ,-1.3319206,36.8571633,1
6378,CIPRO INTA,CIPRO INTA,KARURA CHEMIST II  TILL 8073490,-1.2196352,36.7128582,3
6379,CIPRO T TABS,TINIDAZOLE,Crowmed pharmaceuticals ,-1.3621855,36.6555867,1
6380,CITAL SYR,CITAL,"Apotek Pharmaceutical, B-sons pharmacy, KARURA CHEMIST II  TILL 8073490, MEDPLEX CHEMIST","-1.2885927, -1.2673667, -1.2196352, -1.4293031","36.9504001, 36.7509204, 36.7128582, 36.6872005",20
6390,CLAXY 228MG,CLAXY,"Eloc pharmacy , Mercilin Afya services ","-1.2953742, -1.3921923","36.7455442, 36.9407301",3
6391,CLAXY 625MG,AMOXICLAV,KARURA CHEMIST II  TILL 8073490,-1.2196352,36.7128582,4
6392,CLEAR T,CLEAR,KARURA CHEMIST II  TILL 8073490,-1.2196352,36.7128582,2
6395,CLOB B CREAM,CLOB B,"Advan-med pharmaceuticals, MEDPLEX CHEMIST, SIDAI CHEMIST","-0.6809050999999999, -1.4293031, -1.4779526","34.8207902, 36.6872005, 36.9577694",23
6398,CLOTRINE B,CLOTRINE,"Apotek Pharmaceutical, KARURA CHEMIST II  TILL 8073490, MEDPLEX CHEMIST","-1.2885927, -1.2196352, -1.4293031","36.9504001, 36.7128582, 36.6872005",86
6399,CLOTRINE CREAM,CLOTRINE,Apotek Pharmaceutical,-1.2885927,36.9504001,5
6404,COLDCAP ORI,COLDCAP,"ANGELLIC STAR PHARMACY , Apotek Pharmaceutical, Bonaim pharmacy , CARDINAL CHEMIST, Eloc pharmacy ","-1.2844625, -1.2885927, -1.2062072, -1.3958137, -1.2953742","36.885289, 36.9504001, 36.89570200000001, 36.7638655, 36.7455442",221
6405,COLDCAP SYR,COLDCAP,"MEDPLEX CHEMIST, Sanjon","-1.4293031, -0.7808666999999999","36.6872005, 35.3419008",7
6409,CONCOR 5MG,CONCOR,"Jubilee-Care Chemist, PANDE pharmacy ","-1.1003338, -1.0569879","37.0129017, 37.1106545",25
6410,CORAMIDE,CORAMIDE,"EMIR HEALTH CENTER , Nas Chemist","-1.266125, 0.5206237","36.910522, 35.2762755",14
6411,CORN CAPS,CORN,MEDPLEX CHEMIST,-1.4293031,36.6872005,3
6412,COSATRIM DS,COSATRIM,"Apotek Pharmaceutical, Bonaim pharmacy ","-1.2885927, -1.2062072","36.9504001, 36.89570200000001",44
6417,COTTON WOOL 100GM,VELVEX,MEDPLEX CHEMIST,-1.4293031,36.6872005,7
6418,COTTON WOOL 200GM,VELVEX,"Apotek Pharmaceutical, Falcon medical clinic , Jubilee-Care Chemist, MEDPLEX CHEMIST","-1.2885927, -1.1003338, -1.4293031","36.9504001, 37.0129017, 36.6872005",6
6419,COTTON WOOL 400GM,KINGS,MEDPLEX CHEMIST,-1.4293031,36.6872005,5
6420,COTTON WOOL 50GM,VELVEX,"ANGELLIC STAR PHARMACY , Apotek Pharmaceutical, Eloc pharmacy , Falcon medical clinic , MEDPLEX CHEMIST","-1.2844625, -1.2885927, -1.2953742, -1.4293031","36.885289, 36.9504001, 36.7455442, 36.6872005",30
6424,COZEPAM,COZEPAM,Apotek Pharmaceutical,-1.2885927,36.9504001,37
6425,CREPE BANDAGES 4,CREPE BANDAGES 4,"B-sons pharmacy, EMIR HEALTH CENTER , Jubilee-Care Chemist","-1.2673667, -1.266125, -1.1003338","36.7509204, 36.910522, 37.0129017",3
6426,CREPE BANDAGES 6,CREPE BANDAGES 6,"EMIR HEALTH CENTER , MEDPLEX CHEMIST","-1.266125, -1.4293031","36.910522, 36.6872005",6
6427,CRIPTOCAN,CRIPTOCAN,Apotek Pharmaceutical,-1.2885927,36.9504001,5
6431,CURAMOL,CURAMOL,"Apotek Pharmaceutical, Bonaim pharmacy , CARDINAL CHEMIST, KARURA CHEMIST II  TILL 8073490","-1.2885927, -1.2062072, -1.3958137, -1.2196352","36.9504001, 36.89570200000001, 36.7638655, 36.7128582",27
6432,CYCLOPAM SYRUP 30MLS,CYCLOPAM SYRUP 30MLS,Apotek Pharmaceutical,-1.2885927,36.9504001,2
6433,CYCLOPAM-P,CYCLOPAM-P,"Apotek Pharmaceutical, Bonaim pharmacy ","-1.2885927, -1.2062072","36.9504001, 36.89570200000001",11
6434,CYPON SYRUP,CYPON SYRUP,"ANGELIC STAR PHARMACEUTICALS, Bonaim pharmacy , Jubilee-Care Chemist, KARURA CHEMIST II  TILL 8073490, Nas Chemist","-1.2834847, -1.2062072, -1.1003338, -1.2196352, 0.5206237","36.889222, 36.89570200000001, 37.0129017, 36.7128582, 35.2762755",6
6435,CYPRO B PLUS,CYPRO B PLUS,"MEDPLEX CHEMIST, Rejona chemist","-1.4293031, -1.3687156","36.6872005, 36.9169863",291
6436,CYPRO B PLUS 200MLS,CYPRO B PLUS 200MLS,"Apotek Pharmaceutical, Bonaim pharmacy , CARDINAL CHEMIST, EMIR HEALTH CENTER , MEDPLEX CHEMIST, Nas Chemist, SIDAI CHEMIST","-1.2885927, -1.2062072, -1.3958137, -1.266125, -1.4293031, 0.5206237, -1.4779526","36.9504001, 36.89570200000001, 36.7638655, 36.910522, 36.6872005, 35.2762755, 36.9577694",38
6438,DABORAL SYP,DABORAL SYP,"Bonaim pharmacy , EMIR HEALTH CENTER , KARURA CHEMIST II  TILL 8073490","-1.2062072, -1.266125, -1.2196352","36.89570200000001, 36.910522, 36.7128582",3
6441,DACOF EXP,DACOF EXP,"MEDIBLEND , MEDPLEX CHEMIST","-1.282731, -1.4293031","36.7848689, 36.6872005",3
6442,DACOF MUCOLYTIC,DACOF MUCOLYTIC,MEDPLEX CHEMIST,-1.4293031,36.6872005,3
6443,GOOD MORNING TABS,GOOD MORNING TABS,"CARDINAL CHEMIST, MEDPLEX CHEMIST","-1.3958137, -1.4293031","36.7638655, 36.6872005",23
6448,DAWACORT 15G,DAWACORT 15G,Nas Chemist,0.5206237,35.2762755,1
6449,DAWADINE,DAWADINE,Jubilee-Care Chemist,-1.1003338,37.0129017,1
6450,DAWAFLOX 125MG,DAWAFLOX 125MG,"Jubilee-Care Chemist, KARURA CHEMIST II  TILL 8073490, MEDPLEX CHEMIST","-1.1003338, -1.2196352, -1.4293031","37.0129017, 36.7128582, 36.6872005",8
6451,DAWAFLOX 500MG,DAWAFLOX 500MG,SIDAI CHEMIST,-1.4779526,36.9577694,20
6452,DAWAHIST 60MLS,DAWAHIST 60MLS,MEDPLEX CHEMIST,-1.4293031,36.6872005,1
6454,DAWASEC,SECNIDAZOLE,"BetahCare Family Health Clinic, Fast Health Pharmacy , Lifemed 3ds mlolongo ","-1.2908275, -1.3940237","36.7327734, 36.9390723",3
6456,DAWAVITE  SYRUP 100MLS,DAWAVITE  SYRUP 100MLS,"KARURA CHEMIST II  TILL 8073490, MEDPLEX CHEMIST","-1.2196352, -1.4293031","36.7128582, 36.6872005",7
6460,DEEP FREEZE,DECOIMIT 100,MEDPLEX CHEMIST,-1.4293031,36.6872005,4
6461,DEEP HEAT RUB,DEEP FREEZE,KARURA CHEMIST II  TILL 8073490,-1.2196352,36.7128582,1
6463,DEEP HEAT SPRAY,DEEP HEAT RUB,KEGAKA PHARMACY,-1.0133967,36.9058388,2
6465,DELASED DRY,DELAESD CHESTY,"Apotek Pharmaceutical, CHEMELIL TRINITY , KARURA CHEMIST II  TILL 8073490","-1.2885927, -0.0841527, -1.2196352","36.9504001, 35.1351985, 36.7128582",20
6471,DEPO MEDROL,DEPO MEDROL,"Disanjo Chemist , Falcon medical clinic ",-1.2650867,36.8826178,126
6473,DEPREX 10MG,OLANZAPINE,KARURA CHEMIST II  TILL 8073490,-1.2196352,36.7128582,10
6474,DEPREX 5MG,DEPREX 5MG,MEDPLEX CHEMIST,-1.4293031,36.6872005,5
6475,DEPROZET 20MG,DEPROZET 20MG,Churmad Retail Pharmacy ,-1.3319206,36.8571633,1
6481,DEXTRACIN EYE DROPS,GOODMAN,"Apotek Pharmaceutical, Jubilee-Care Chemist, KARURA CHEMIST II  TILL 8073490","-1.2885927, -1.1003338, -1.2196352","36.9504001, 37.0129017, 36.7128582",7
6488,DICLOMOL SR 100MG,DICLOMOL SR 100MG,"Apotek Pharmaceutical, Bonaim pharmacy , CARDINAL CHEMIST, Disanjo Chemist , EMIR HEALTH CENTER , Fast Health Pharmacy , Holo Pharmacy , KARURA CHEMIST II  TILL 8073490, Lifemed 3ds mlolongo , MEDPLEX CHEMIST, Mercilin Afya services , Nas Chemist, urit medical ","-1.2885927, -1.2062072, -1.3958137, -1.2650867, -1.266125, -1.2908275, -1.3635143, -1.2196352, -1.3940237, -1.4293031, -1.3921923, 0.5206237, -1.1009928","36.9504001, 36.89570200000001, 36.7638655, 36.8826178, 36.910522, 36.7327734, 36.6562294, 36.7128582, 36.9390723, 36.6872005, 36.9407301, 35.2762755, 37.0129877",2079
6495,DIGITAL THERMOMETER,DIGITAL THERMOMETER,Apotek Pharmaceutical,-1.2885927,36.9504001,1
6501,DIRACIP M,DIRACIP M,"Falcon medical clinic , KARURA CHEMIST II  TILL 8073490, MEDPLEX CHEMIST, memah bestcare pharmacy","-1.2196352, -1.4293031, -0.3076936","36.7128582, 36.6872005, 38.2196697",420
6504,DISP SYRINGES 10MLS,DISP SYRINGES 10MLS,Bripamu Medical Stores,-1.3111251,36.8939304,10
6507,DISP SYRINGES 5MLS,DISP SYRINGES 5MLS,Bripamu Medical Stores,-1.3111251,36.8939304,39
6512,DOLOACT MR,DOLOACT MR,"ANGELIC STAR PHARMACEUTICALS, B-sons pharmacy, Bonaim pharmacy , Eloc pharmacy , KARURA CHEMIST II  TILL 8073490, MEDPLEX CHEMIST","-1.2834847, -1.2673667, -1.2062072, -1.2953742, -1.2196352, -1.4293031","36.889222, 36.7509204, 36.89570200000001, 36.7455442, 36.7128582, 36.6872005",300
6513,DOLOR GEL,DOLOR GEL,MEDPLEX CHEMIST,-1.4293031,36.6872005,19
6515,DOMI 10MG,DOMI 10MG,"BetahCare Family Health Clinic, EMIR HEALTH CENTER ",-1.266125,36.910522,64
6517,DOXYCYCLINE TABS,DOXY,"Apotek Pharmaceutical, BetahCare Family Health Clinic, CARDINAL CHEMIST, CHARLIK PHARMACY, Falcon medical clinic , urit medical ","-1.2885927, -1.3958137, -1.215894, -1.1009928","36.9504001, 36.7638655, 36.88669160000001, 37.0129877",812
6518,DR TOUX,DR TOUX,"Apotek Pharmaceutical, Bonaim pharmacy , MEDPLEX CHEMIST","-1.2885927, -1.2062072, -1.4293031","36.9504001, 36.89570200000001, 36.6872005",13
6520,DROX 500MG,CEFADROXIL,KARURA CHEMIST II  TILL 8073490,-1.2196352,36.7128582,6
6522,DULCOLAX 5MG,DULCOLAX 5MG,"Apotek Pharmaceutical, Bonaim pharmacy , Eloc pharmacy , EMIR HEALTH CENTER , KARURA CHEMIST II  TILL 8073490, MEDPLEX CHEMIST","-1.2885927, -1.2062072, -1.2953742, -1.266125, -1.2196352, -1.4293031","36.9504001, 36.89570200000001, 36.7455442, 36.910522, 36.7128582, 36.6872005",352
6524,DUODART,DUODART,KARURA CHEMIST II  TILL 8073490,-1.2196352,36.7128582,40
6527,FEATHERLITE,DUREX,"ABIJO PHARMACY- WANYEE (Nairobi), ABM PHARMACY (NGARA STAGE) (Nairobi), ABRAPHARMA PHARMACEUTICALS KASARANI (Nairobi), ACCIPITRIDAE CHEMIST (Nairobi), ACCRA PHARMACY LTD - OPPOSITE MLK HOSP (Nairobi), ACCRA PHARMACY LTD HAKATI (Nairobi), ACCRA-MED CHEMISTS LIMITED (Nairobi), ACE CARE PHARMACEUTICALS  (Nairobi), ACESO PHARMACY WELLNESS PHARMACY KASARANI (Nairobi), ADONISI PHARMACEUTICALS (Nairobi), AFRILIFE CHEMIST LTD (BURUBURU) (Nairobi), AFYACARE PHARMA (Nairobi), AGA KHAN HEALTH  SERVICES,KENYA-RUAI (Nairobi), AGA KHAN HEALTH SERVICES,KENYA - HOMA BAY (Nairobi), AGAROSE PHARMACY (Nairobi), AGMART PHARMACEUTICALS-MUHOHO AVENUE (Nairobi), AHZAAB PHARMACY (Nairobi), AJWA PHARMACEUTICALS LIMITED (Nairobi), AKIMA PHARMACY (Nairobi), AL-AQSA DISPENSING CHEMIST (Nairobi), AL-HANAF PHARMACY (Nairobi), AL-HARAMAIN PHARMACEUTICAL COMPANY LIMITED (Nairobi), ALIF MEDICAL SERVICES LIMITED (Nairobi), ALISON AGROCHEM CHEMISTS LIMITED (Nairobi), ALKEN PHARMACEUTICAL LTD (Nairobi), ALKEN PHARMACEUTICAL LTD - B-CENTRE (Nair","-1.2953742, -1.2757621, -1.2575249, -1.2755888, -1.3066383, -1.2832624, -1.2829416, -1.2333266, -1.2688065, -1.3089651, -1.2616578, -1.2618776, -1.2831312, -1.323767, -1.2717589, -1.2647119, -1.2059489, -1.2715424, -1.2721321, -1.2744794, -1.2731049, -1.2253857, -1.2880112, -1.2958752, -1.3128673, -1.2460403, -1.284749, -1.2172469, -1.1990686, -1.2579931, -1.2913585, -1.2715203, -1.2849625, -1.2869817, -1.2849438, -1.2469388, -1.3139741, -1.2752485, -1.3152957, -1.2185276, -1.2834847, -1.2773221, -1.3210273, -1.3211336, -1.2735173, -1.2493027, -1.2786587, -1.2953175, -1.2624961, -1.2575724, -1.2816014, -1.2345294, -1.2694513, -1.3068667, -1.3590694, -1.271185, -1.2857603, -1.3138776, -1.2774177, -1.2844938, -1.2920658, -1.2520284, -1.3205309, -1.2706834, -1.1835554, -1.2774587, -1.3647519, -1.2964585, -1.2856445, -1.2004353, -1.2742434, -1.2741186, -1.317058, -1.1852458, -1.3244384, -1.3127776, -1.2323179, -1.272905, -1.2525589, -1.2523093, -1.277364, -1.1975121, -1.2837102, -1.275237, -1.2763955, -1.291999, ","36.7455442, 36.8290212, 36.9120257, 36.9109491, 36.8024294, 36.8266431, 36.7369557, 36.9294375, 36.8093088, 36.8936368, 36.9759005, 36.8237412, 36.9029929, 36.843886, 36.8480778, 36.8389479, 36.8952592, 36.8478688, 36.8424626, 36.8506309, 36.8512824, 36.9210154, 36.8620558, 36.86992360000001, 36.889599, 36.87666979999999, 36.9000191, 36.8959913, 36.9031977, 36.921258, 36.7339325, 36.89315819999999, 36.987496, 36.8945577, 36.9861242, 36.8686616, 36.9012134, 36.910138, 36.823283, 36.9025676, 36.889222, 36.8158265, 36.8974843, 36.8006868, 36.96363580000001, 36.6845007, 36.88855, 36.6984177, 36.8222835, 36.8117362, 36.818184, 36.9038803, 36.7998296, 36.8969262, 36.7468779, 36.8493086, 36.984962, 36.8951043, 36.7917285, 36.828068, 36.7946567, 36.70374049999999, 36.8466657, 36.9005074, 36.85141, 36.9454922, 36.7995443, 36.8297902, 36.9005796, 36.8435388, 36.844201, 36.8959223, 36.9068067, 36.8984997, 36.8295928, 36.8035009, 36.851265, 36.927833, 36.9497128, 36.8760519, 36.9025748, 36.7586288, 36.8219406, 36.8268934",2550
6530,DUXCOSPAN PLUS,DUXCOSPAN PLUS,"Jubilee-Care Chemist, MEDPLEX CHEMIST","-1.1003338, -1.4293031","37.0129017, 36.6872005",3
6533,DYSEN FORTE,DYSEN FORTE,Eloc pharmacy ,-1.2953742,36.7455442,25
6535,ECEE 2,ECEE 2,"Apotek Pharmaceutical, Bonaim pharmacy , CARDINAL CHEMIST, Jubilee-Care Chemist, KEGAKA PHARMACY, MEDIBLEND , Romac Pharmacy ","-1.2885927, -1.2062072, -1.3958137, -1.1003338, -1.0133967, -1.282731, -1.2706834","36.9504001, 36.89570200000001, 36.7638655, 37.0129017, 36.9058388, 36.7848689, 36.8466657",93
6540,ELOCOM OINT 15GM,ELOCOM OINT 15GM,KARURA CHEMIST II  TILL 8073490,-1.2196352,36.7128582,2
6541,ELYCORT CREAM,ELYCORT CREAM,"B-sons pharmacy, Bonaim pharmacy , KARURA CHEMIST II  TILL 8073490, MEDIBLEND , MEDPLEX CHEMIST, SIDAI CHEMIST","-1.2673667, -1.2062072, -1.2196352, -1.282731, -1.4293031, -1.4779526","36.7509204, 36.89570200000001, 36.7128582, 36.7848689, 36.6872005, 36.9577694",27
6543,ELYMOX SYRUP 100MLS,AMOXYCILLIN,"Apotek Pharmaceutical, CARDINAL CHEMIST, Eloc pharmacy , KARURA CHEMIST II  TILL 8073490, MEDPLEX CHEMIST","-1.2885927, -1.3958137, -1.2953742, -1.2196352, -1.4293031","36.9504001, 36.7638655, 36.7455442, 36.7128582, 36.6872005",57
6545,ELYVATE CREAM 15G,ELYS,"Bonaim pharmacy , EMIR HEALTH CENTER , MEDPLEX CHEMIST","-1.2062072, -1.266125, -1.4293031","36.89570200000001, 36.910522, 36.6872005",27
6546,EMCON  750MG TABSS,EMCON  750MG TABSS,ANGELIC STAR PHARMACEUTICALS,-1.2834847,36.889222,2
6549,EMPIGET 10MG,EMPIGET 10MG,"KARURA CHEMIST II  TILL 8073490, MEDPLEX CHEMIST","-1.2196352, -1.4293031","36.7128582, 36.6872005",34
6551,ENAPRIL 10MG,ENAPRIL 10MG,KARURA CHEMIST II  TILL 8073490,-1.2196352,36.7128582,10
6554,ENARIL 5MG,ENARIL 5MG,"KARURA CHEMIST II  TILL 8073490, KEGAKA PHARMACY, urit medical ","-1.2196352, -1.0133967, -1.1009928","36.7128582, 36.9058388, 37.0129877",30
6556,ENCORATE 200MG,ENCORATE 200MG,KARURA CHEMIST II  TILL 8073490,-1.2196352,36.7128582,12
6559,ENERVIT SYRUP 100MLS,ENERVIT SYRUP 100MLS,"KARURA CHEMIST II  TILL 8073490, MEDPLEX CHEMIST","-1.2196352, -1.4293031","36.7128582, 36.6872005",7
6562,ENO SACHET,ENO SACHET,"ANGELIC STAR PHARMACEUTICALS, ANGELLIC STAR PHARMACY , Apotek Pharmaceutical, Bonaim pharmacy , Fast Health Pharmacy , Jubilee-Care Chemist, MEDPLEX CHEMIST, Nas Chemist","-1.2834847, -1.2844625, -1.2885927, -1.2062072, -1.2908275, -1.1003338, -1.4293031, 0.5206237","36.889222, 36.885289, 36.9504001, 36.89570200000001, 36.7327734, 37.0129017, 36.6872005, 35.2762755",124
6563,ENO TABS,ENO TABS,"Apotek Pharmaceutical, Bripamu Medical Stores, EMIR HEALTH CENTER , Fast Health Pharmacy , Jubilee-Care Chemist, MEDPLEX CHEMIST","-1.2885927, -1.3111251, -1.266125, -1.2908275, -1.1003338, -1.4293031","36.9504001, 36.8939304, 36.910522, 36.7327734, 37.0129017, 36.6872005",349
6564,ENTAMAXIN,ENTAMAXIN,"Lifemed 3ds mlolongo , MEDPLEX CHEMIST","-1.3940237, -1.4293031","36.9390723, 36.6872005",76
6566,ENTAMAXIN SYR,ENTAMAXIN SYR,"KARURA CHEMIST II  TILL 8073490, MEDPLEX CHEMIST","-1.2196352, -1.4293031","36.7128582, 36.6872005",16
6569,ENTEROGEMINA10S,ENTEROGEMINA10S,"Eloc pharmacy , KARURA CHEMIST II  TILL 8073490","-1.2953742, -1.2196352","36.7455442, 36.7128582",11
6570,ENTROGEMINA,ENTROGEMINA,KARURA CHEMIST II  TILL 8073490,-1.2196352,36.7128582,10
6572,EPANUTIN CAPS 100MG,EPANUTIN CAPS 100MG,KARURA CHEMIST II  TILL 8073490,-1.2196352,36.7128582,12
6578,EPIMAX ALL,EPIMAX ALL,KARURA CHEMIST II  TILL 8073490,-1.2196352,36.7128582,1
6582,EPIMOL B 400G,EPIMOL B 400G,KARURA CHEMIST II  TILL 8073490,-1.2196352,36.7128582,1
6584,EPNONE 25 MG,EPNONE 25 MG,KARURA CHEMIST II  TILL 8073490,-1.2196352,36.7128582,12
6585,ERYTHROMYCIN 500MG,ERYTHROMYCIN 500MG,"Apotek Pharmaceutical, Eloc pharmacy , EMIR HEALTH CENTER , Falcon medical clinic ","-1.2885927, -1.2953742, -1.266125","36.9504001, 36.7455442, 36.910522",107
6587,ESOFAG 40MG,ESOFAG 40MG,SIDAI CHEMIST,-1.4779526,36.9577694,2
6590,ESOSE 40MG,ESOSE 40MG,"Bripamu Medical Stores, MEDPLEX CHEMIST","-1.3111251, -1.4293031","36.8939304, 36.6872005",55
6595,ETORIX 90MG,ETORIX 90MG,"KARURA CHEMIST II  TILL 8073490, MEDPLEX CHEMIST","-1.2196352, -1.4293031","36.7128582, 36.6872005",46
6598,EUTHYROX 50MCG,EUTHYROX 50MCG,KARURA CHEMIST II  TILL 8073490,-1.2196352,36.7128582,60
6599,EVIT 400MG,EVIT 400MG,"EMIR HEALTH CENTER , MEDPLEX CHEMIST","-1.266125, -1.4293031","36.910522, 36.6872005",29
6601,EVOROX 125MG,CEFUROXIME,"Bripamu Medical Stores, EMIR HEALTH CENTER , MEDPLEX CHEMIST","-1.3111251, -1.266125, -1.4293031","36.8939304, 36.910522, 36.6872005",5
6604,EXEVATE MF,EXEVATE MF,MEDPLEX CHEMIST,-1.4293031,36.6872005,3
6609,FASTUM GEL 20GM,FASTUM GEL 20GM,Apotek Pharmaceutical,-1.2885927,36.9504001,1
6610,FASTUM GEL 30GM,FASTUM GEL 30GM,"CARDINAL CHEMIST, KARURA CHEMIST II  TILL 8073490","-1.3958137, -1.2196352","36.7638655, 36.7128582",2
6612,FEBO G 40MG,FEBO G 40MG,Jubilee-Care Chemist,-1.1003338,37.0129017,5
6614,FEMIPLAN,FEMIPLAN,"ANGELIC STAR PHARMACEUTICALS, Apotek Pharmaceutical, B-sons pharmacy, Bonaim pharmacy , CARDINAL CHEMIST, Crowmed pharmaceuticals , Disanjo Chemist , Eloc pharmacy , Falcon medical clinic , KARURA CHEMIST II  TILL 8073490, MEDPLEX CHEMIST, Perta Chemist, urit medical ","-1.2834847, -1.2885927, -1.2673667, -1.2062072, -1.3958137, -1.3621855, -1.2650867, -1.2953742, -1.2196352, -1.4293031, -1.1079318, -1.1009928","36.889222, 36.9504001, 36.7509204, 36.89570200000001, 36.7638655, 36.6555867, 36.8826178, 36.7455442, 36.7128582, 36.6872005, 37.016326, 37.0129877",590
6619,FINEMOX 625MG,AMOXICLAV,"ANGELIC STAR PHARMACEUTICALS, Apotek Pharmaceutical, DawaPay, KARURA CHEMIST II  TILL 8073490","-1.2834847, -1.2885927, -1.2196352","36.889222, 36.9504001, 36.7128582",76
6620,FINOSIN,FINOSIN,PANDE pharmacy ,-1.0569879,37.1106545,10
6622,FLAMORY S,FLAMORY S,MEDPLEX CHEMIST,-1.4293031,36.6872005,14
6626,FLAZINE CREAM,SILVER SULPHAZINE,Falcon medical clinic ,,,2
6628,FLORANORM,FLORANORM,EMIR HEALTH CENTER ,-1.266125,36.910522,39
6634,FLUGONE CAPS,FLUGONE CAPS,"ANGELIC STAR PHARMACEUTICALS, Apotek Pharmaceutical, B-sons pharmacy, BetahCare Family Health Clinic, Bripamu Medical Stores, Falcon medical clinic , Fast Health Pharmacy , KARURA CHEMIST II  TILL 8073490, Perta Chemist, SIDAI CHEMIST, urit medical , ZOLO HEALTHCARE SOLUTIONS","-1.2834847, -1.2885927, -1.2673667, -1.3111251, -1.2908275, -1.2196352, -1.1079318, -1.4779526, -1.1009928","36.889222, 36.9504001, 36.7509204, 36.8939304, 36.7327734, 36.7128582, 37.016326, 36.9577694, 37.0129877",491
6638,FLUTROX 150MG,FLUCONAZOLE,"Disanjo Chemist , Falcon medical clinic ",-1.2650867,36.8826178,31
6639,FLUTROX 200MG,FLUCONAZOLE,"Bonaim pharmacy , Disanjo Chemist , EMIR HEALTH CENTER ","-1.2062072, -1.2650867, -1.266125","36.89570200000001, 36.8826178, 36.910522",44
6646,FORALIN 400,FORALIN 400,KARURA CHEMIST II  TILL 8073490,-1.2196352,36.7128582,2
6648,FRANOL TABS,FRANOL TABS,"Apotek Pharmaceutical, Falcon medical clinic , urit medical ","-1.2885927, -1.1009928","36.9504001, 37.0129877",48
6651,FUNBACT-A,FUNBACT-A,"ANGELIC STAR PHARMACEUTICALS, B-sons pharmacy, Disanjo Chemist , KARURA CHEMIST II  TILL 8073490, MEDPLEX CHEMIST, Mercilin Afya services ","-1.2834847, -1.2673667, -1.2650867, -1.2196352, -1.4293031, -1.3921923","36.889222, 36.7509204, 36.8826178, 36.7128582, 36.6872005, 36.9407301",72
6654,FUTSIL 15MLS,FUTSIL 15MLS,"Jochamu Chemist Ruiru, MEDPLEX CHEMIST","-1.147016, -1.4293031","36.9584749, 36.6872005",4
6665,GASTRO GEL,GASTRO GEL,"KARURA CHEMIST II  TILL 8073490, MEDPLEX CHEMIST, urit medical ","-1.2196352, -1.4293031, -1.1009928","36.7128582, 36.6872005, 37.0129877",37
6666,GAUZE SWABS STERILE,GAUZE SWABS STERILE,MEDPLEX CHEMIST,-1.4293031,36.6872005,61
6668,GAVISCON PEPPERMINT,GAVISCON PEPPERMINT,MEDPLEX CHEMIST,-1.4293031,36.6872005,4
6670,GENTAMYCIN,GENTAMYCIN,"Bonaim pharmacy , Eloc pharmacy , Falcon medical clinic ","-1.2062072, -1.2953742","36.89570200000001, 36.7455442",19
6671,GENTIAN VIOLET,GENTIAN VIOLET,MEDPLEX CHEMIST,-1.4293031,36.6872005,2
6673,GIFOL,FRANOL,"Bonaim pharmacy , Bripamu Medical Stores, Disanjo Chemist ","-1.2062072, -1.3111251, -1.2650867","36.89570200000001, 36.8939304, 36.8826178",20
6674,GINSOMIN CAPS,GINSOMIN CAPS,"Bripamu Medical Stores, Eloc pharmacy , MEDPLEX CHEMIST","-1.3111251, -1.2953742, -1.4293031","36.8939304, 36.7455442, 36.6872005",83
6675,GIT PLUS,GIT PLUS,KARURA CHEMIST II  TILL 8073490,-1.2196352,36.7128582,10
6676,GIVING SET,GIVING SET,"Bripamu Medical Stores, KARURA CHEMIST II  TILL 8073490","-1.3111251, -1.2196352","36.8939304, 36.7128582",12
6680,GLUCOMET 500MG,GLUCOMET 500MG,"Apotek Pharmaceutical, Eloc pharmacy , EMIR HEALTH CENTER , Fast Health Pharmacy , MEDIBLEND , MEDPLEX CHEMIST, Nas Chemist","-1.2885927, -1.2953742, -1.266125, -1.2908275, -1.282731, -1.4293031, 0.5206237","36.9504001, 36.7455442, 36.910522, 36.7327734, 36.7848689, 36.6872005, 35.2762755",2423
6681,GLUCOMET 500MG,GLUCOMET 500MG,"Falcon medical clinic , Jubilee-Care Chemist, KARURA CHEMIST II  TILL 8073490, SIDAI CHEMIST","-1.1003338, -1.2196352, -1.4779526","37.0129017, 36.7128582, 36.9577694",170
6682,GLUCOMET 850MG,GLUCOMET 850MG,"EMIR HEALTH CENTER , KARURA CHEMIST II  TILL 8073490, MEDPLEX CHEMIST, SIDAI CHEMIST","-1.266125, -1.2196352, -1.4293031, -1.4779526","36.910522, 36.7128582, 36.6872005, 36.9577694",329
6685,GLUCOPHAGE 1GM,GLUCOPHAGE 1GM,"Eloc pharmacy , KARURA CHEMIST II  TILL 8073490, MEDPLEX CHEMIST","-1.2953742, -1.2196352, -1.4293031","36.7455442, 36.7128582, 36.6872005",150
6692,GLYCERIN 1.2 GM,GLYCERIN 1.2 GM,"Apotek Pharmaceutical, MEDPLEX CHEMIST","-1.2885927, -1.4293031","36.9504001, 36.6872005",10
6693,GLYCERINE,GLYCERINE,CARDINAL CHEMIST,-1.3958137,36.7638655,1
6698,GOFEN CAPS,GOFEN CAPS,KARURA CHEMIST II  TILL 8073490,-1.2196352,36.7128582,8
6700,GOOD MORNING 60MLS,LUNGTONIC,"ANGELLIC STAR PHARMACY , Bonaim pharmacy , CARDINAL CHEMIST, Eloc pharmacy , KARURA CHEMIST II  TILL 8073490, MEDIBLEND , Nas Chemist","-1.2844625, -1.2062072, -1.3958137, -1.2953742, -1.2196352, -1.282731, 0.5206237","36.885289, 36.89570200000001, 36.7638655, 36.7455442, 36.7128582, 36.7848689, 35.2762755",42
6701,GRABACIN OINT,GRABACIN OINT,MEDPLEX CHEMIST,-1.4293031,36.6872005,1
6702,GRABACIN POWDER,GRABACIN POWDER,"B-sons pharmacy, MEDPLEX CHEMIST","-1.2673667, -1.4293031","36.7509204, 36.6872005",15
6703,GRIPE WATER 100MLS,BETA,KARURA CHEMIST II  TILL 8073490,-1.2196352,36.7128582,1
6705,GRISEOFULVIN 250MG,GRISEOFULVIN 250MG,Falcon medical clinic ,,,11
6707,GYPON 100MLS,GYPON 100MLS,MEDPLEX CHEMIST,-1.4293031,36.6872005,2
6708,HALOPERIDOL TABS 5MG,HALOPERIDOL TABS 5MG,KARURA CHEMIST II  TILL 8073490,-1.2196352,36.7128582,10
6711,HARTEZE 10MG,HARTEZE 10MG,KARURA CHEMIST II  TILL 8073490,-1.2196352,36.7128582,10
6714,HCTZ 25MG,HCTZ 25MG,"Eloc pharmacy , MEDIBLEND , MEDPLEX CHEMIST, SIDAI CHEMIST, urit medical ","-1.2953742, -1.282731, -1.4293031, -1.4779526, -1.1009928","36.7455442, 36.7848689, 36.6872005, 36.9577694, 37.0129877",1151
6715,HCTZ 50MG,HCTZ 50MG,"EMIR HEALTH CENTER , MEDIBLEND , MEDPLEX CHEMIST, urit medical ","-1.266125, -1.282731, -1.4293031, -1.1009928","36.910522, 36.7848689, 36.6872005, 37.0129877",815
6716,HEDEX,HEDEX,"KARURA CHEMIST II  TILL 8073490, MEDPLEX CHEMIST","-1.2196352, -1.4293031","36.7128582, 36.6872005",6
6719,HELICOS 7'S,HELICOS 7'S,KARURA CHEMIST II  TILL 8073490,-1.2196352,36.7128582,1
6721,HEMSAMIC CAPS 500,HEMSAMIC CAPS 500,"Bripamu Medical Stores, MEDPLEX CHEMIST","-1.3111251, -1.4293031","36.8939304, 36.6872005",75
6726,HTC 100MLS,HTC 100MLS,"Bonaim pharmacy , Bripamu Medical Stores, Jubilee-Care Chemist","-1.2062072, -1.3111251, -1.1003338","36.89570200000001, 36.8939304, 37.0129017",4
6727,HYCORUM CREAM,HYDROCORTISONE,EMIR HEALTH CENTER ,-1.266125,36.910522,3
6728,HYDRALAZINE TABS 25MG,HYDRALAZINE TABS 25MG,"KARURA CHEMIST II  TILL 8073490, MEDPLEX CHEMIST","-1.2196352, -1.4293031","36.7128582, 36.6872005",120
6729,LYSODOL  SR,LYSODOL  SR,MEDPLEX CHEMIST,-1.4293031,36.6872005,105
6730,HYDROGEN PEROXIDE,HYDROGEN PEROXIDE,"Apotek Pharmaceutical, MEDIBLEND , MEDPLEX CHEMIST","-1.2885927, -1.282731, -1.4293031","36.9504001, 36.7848689, 36.6872005",18
6733,NOSIC,NOSIC,"Apotek Pharmaceutical, Bripamu Medical Stores, Eloc pharmacy , MEDPLEX CHEMIST","-1.2885927, -1.3111251, -1.2953742, -1.4293031","36.9504001, 36.8939304, 36.7455442, 36.6872005",157
6735,IBUMEX SUSP,IBUMEX SUSP,"Apotek Pharmaceutical, MEDPLEX CHEMIST","-1.2885927, -1.4293031","36.9504001, 36.6872005",4
6736,IBUPROFEN,IBUPROFEN,Crowmed pharmaceuticals ,-1.3621855,36.6555867,2
6741,INDOCID,INDOCID,"BetahCare Family Health Clinic, Bonaim pharmacy , MEDPLEX CHEMIST","-1.2062072, -1.4293031","36.89570200000001, 36.6872005",1434
6747,IROVEL H,IROVEL H,KARURA CHEMIST II  TILL 8073490,-1.2196352,36.7128582,40
6752,JOINTACE CAPS,JOINTACE CAPS,KARURA CHEMIST II  TILL 8073490,-1.2196352,36.7128582,15
6755,KALUMA KINGS LOZ,KALUMA KINGS LOZ,"Apotek Pharmaceutical, Bonaim pharmacy , Perta Chemist, ZOLO HEALTHCARE SOLUTIONS","-1.2885927, -1.2062072, -1.1079318","36.9504001, 36.89570200000001, 37.016326",35
6756,KAMAGRA 100MG,KAMAGRA 100MG,MEDPLEX CHEMIST,-1.4293031,36.6872005,326
6757,KAMAGRA 50MG,KAMAGRA 50MG,MEDPLEX CHEMIST,-1.4293031,36.6872005,5
6758,KARVOL INH,KARVOL INH,"Bonaim pharmacy , MEDPLEX CHEMIST","-1.2062072, -1.4293031","36.89570200000001, 36.6872005",42
6766,KLY,KLY,"MEDPLEX CHEMIST, Nas Chemist","-1.4293031, 0.5206237","36.6872005, 35.2762755",12
6771,L -MONTUS,L -MONTUS,"Eloc pharmacy , EMIR HEALTH CENTER ","-1.2953742, -1.266125","36.7455442, 36.910522",32
6778,LASIX 40MG,LASIX 40MG,KARURA CHEMIST II  TILL 8073490,-1.2196352,36.7128582,30
6779,LATEX GLOVES,LATEX GLOVES,"Apotek Pharmaceutical, Jubilee-Care Chemist, KARURA CHEMIST II  TILL 8073490, MEDIBLEND , MEDPLEX CHEMIST","-1.2885927, -1.1003338, -1.2196352, -1.282731, -1.4293031","36.9504001, 37.0129017, 36.7128582, 36.7848689, 36.6872005",94
6780,LEO STUDDED,LEO STUDDED,MEDPLEX CHEMIST,-1.4293031,36.6872005,17
6792,LIQUID PARAFIN,LIQUID PARAFIN,Apotek Pharmaceutical,-1.2885927,36.9504001,2
6798,LMONTUS  10S,LMONTUS  10S,Apotek Pharmaceutical,-1.2885927,36.9504001,8
6799,LOBAK,LOBAK,"Bonaim pharmacy , Disanjo Chemist , Eloc pharmacy , KARURA CHEMIST II  TILL 8073490, MEDPLEX CHEMIST, urit medical ","-1.2062072, -1.2650867, -1.2953742, -1.2196352, -1.4293031, -1.1009928","36.89570200000001, 36.8826178, 36.7455442, 36.7128582, 36.6872005, 37.0129877",343
6801,LOFNAC GEL,LOFNAC GEL,MEDPLEX CHEMIST,-1.4293031,36.6872005,3
6803,LONET 50MG,LONET 50MG,MEDPLEX CHEMIST,-1.4293031,36.6872005,240
6805,LORHISTINA SYP,LORHISTINA SYP,KARURA CHEMIST II  TILL 8073490,-1.2196352,36.7128582,1
6806,LORHISTINA TABS,LORHISTINA TABS,"Bonaim pharmacy , Churmad Retail Pharmacy , EMIR HEALTH CENTER , KARURA CHEMIST II  TILL 8073490, MEDPLEX CHEMIST","-1.2062072, -1.3319206, -1.266125, -1.2196352, -1.4293031","36.89570200000001, 36.8571633, 36.910522, 36.7128582, 36.6872005",70
6811,LUNAHIST,LUNAHIST,"Bonaim pharmacy , MEDPLEX CHEMIST","-1.2062072, -1.4293031","36.89570200000001, 36.6872005",5
6812,LUNAHIST,LUNAHIST,urit medical ,-1.1009928,37.0129877,1
6815,LYSODOL 100MG,ACECLOFENAC,MEDPLEX CHEMIST,-1.4293031,36.6872005,28
6818,MAALOX SACHET,MAALOX SACHET,SIDAI CHEMIST,-1.4779526,36.9577694,2
6820,MARA MOJA,MARA MOJA,"ABIJO PHARMACY- WANYEE (Nairobi), ABM PHARMACY (NGARA STAGE) (Nairobi), ABM PHARMACY LIMITED (Nairobi), ABRAPHARMA PHARMACEUTICALS KASARANI (Nairobi), ACCIPITRIDAE CHEMIST (Nairobi), ACCRA PHARMACY LTD - OPPOSITE MLK HOSP (Nairobi), ACCRA PHARMACY LTD HAKATI (Nairobi), ACCRA-MED CHEMISTS LIMITED (Nairobi), ACE CARE PHARMACEUTICALS  (Nairobi), ACESO PHARMACY WELLNESS PHARMACY KASARANI (Nairobi), ADONISI PHARMACEUTICALS (Nairobi), AFRILIFE CHEMIST LTD (BURUBURU) (Nairobi), AFYACARE PHARMA (Nairobi), AGA KHAN HEALTH  SERVICES,KENYA-RUAI (Nairobi), AGA KHAN HEALTH SERVICES,KENYA - HOMA BAY (Nairobi), AGAROSE PHARMACY (Nairobi), AGMART PHARMACEUTICALS-MUHOHO AVENUE (Nairobi), AHWAN PHARMACEUTICALS LIMITED (Nairobi), AHZAAB PHARMACY (Nairobi), AJWA PHARMACEUTICALS LIMITED (Nairobi), AKIMA PHARMACY (Nairobi), AL-AQSA DISPENSING CHEMIST (Nairobi), AL-HANAF PHARMACY (Nairobi), AL-HARAMAIN PHARMACEUTICAL COMPANY LIMITED (Nairobi), ALANE PHARMACY LTD (Nairobi), ALIF MEDICAL SERVICES LIMITED (Nairobi), ALISON AGROCHEM CH","-1.2757621, -1.2848129, -1.2575249, -1.2755888, -1.3066383, -1.2832624, -1.2829416, -1.2333266, -1.2688065, -1.3089651, -1.2616578, -1.2618776, -1.2831312, -1.323767, -1.2589182, -1.2717589, -1.2647119, -1.2059489, -1.2715424, -1.2721321, -1.2744794, -1.276733, -1.2731049, -1.2253857, -1.2880112, -1.2958752, -1.3128673, -1.284749, -1.2172469, -1.1990686, -1.2579931, -1.2705845, -1.2913585, -1.2715203, -1.2849625, -1.2869817, -1.2849438, -1.2469388, -1.3139741, -1.2752485, -1.3152957, -1.2185276, -1.2834847, -1.2773221, -1.3210273, -1.3211336, -1.2735173, -1.2493027, -1.2786587, -1.2953175, -1.2624961, -1.2575724, -1.32349, -1.2816014, -1.2345294, -1.2736832, -1.2694513, -1.3068667, -1.3590694, -1.271185, -1.2857603, -1.3138776, -1.2774177, -1.2844938, -1.2920658, -1.2520284, -1.2706834, -1.1835554, -1.2774587, -1.3647519, -1.2607843, -1.2964585, -1.2856445, -1.2004353, -1.2742434, -1.2827303, -1.2741186, -1.317058, -1.1852458, -1.3244384, -1.3127776, -1.2323179, -1.272905, -1.2959953, -1.2525589, -1.2523093, ","36.8290212, 36.7530976, 36.9120257, 36.9109491, 36.8024294, 36.8266431, 36.7369557, 36.9294375, 36.8093088, 36.8936368, 36.9759005, 36.8237412, 36.9029929, 36.843886, 36.8142488, 36.8480778, 36.8389479, 36.8952592, 36.8478688, 36.8424626, 36.8506309, 36.8307703, 36.8512824, 36.9210154, 36.8620558, 36.86992360000001, 36.889599, 36.9000191, 36.8959913, 36.9031977, 36.921258, 36.84557, 36.7339325, 36.89315819999999, 36.987496, 36.8945577, 36.9861242, 36.8686616, 36.9012134, 36.910138, 36.823283, 36.9025676, 36.889222, 36.8158265, 36.8974843, 36.8006868, 36.96363580000001, 36.6845007, 36.88855, 36.6984177, 36.8222835, 36.8117362, 36.70831, 36.818184, 36.9038803, 36.8511881, 36.7998296, 36.8969262, 36.7468779, 36.8493086, 36.984962, 36.8951043, 36.7917285, 36.828068, 36.7946567, 36.8466657, 36.9005074, 36.85141, 36.9454922, 36.8082989, 36.7995443, 36.8297902, 36.9005796, 36.8435388, 36.82766, 36.844201, 36.8959223, 36.9068067, 36.8984997, 36.8295928, 36.8035009, 36.851265, 36.8082191, 36.927833, 36.9497128, 36.876",260277
6824,MEDIVEN CREAM,MEDIVEN CREAM,"Bonaim pharmacy , EMIR HEALTH CENTER , Jubilee-Care Chemist, KARURA CHEMIST II  TILL 8073490, urit medical ","-1.2062072, -1.266125, -1.1003338, -1.2196352, -1.1009928","36.89570200000001, 36.910522, 37.0129017, 36.7128582, 37.0129877",14
6825,MEDIVEN S,MEDIVEN S,Jubilee-Care Chemist,-1.1003338,37.0129017,4
6827,MEFTAL FORTE,MEFTAL FORTE,"Disanjo Chemist , EMIR HEALTH CENTER ","-1.2650867, -1.266125","36.8826178, 36.910522",31
6829,MELCAM 15MG,MELCAM 15MG,"EMIR HEALTH CENTER , KARURA CHEMIST II  TILL 8073490, MEDPLEX CHEMIST","-1.266125, -1.2196352, -1.4293031","36.910522, 36.7128582, 36.6872005",107
6832,MENTHODEX,MENTHODEX,MEDPLEX CHEMIST,-1.4293031,36.6872005,1
6843,METOZ 5MG,METOZ 5MG,KARURA CHEMIST II  TILL 8073490,-1.2196352,36.7128582,14
6848,MICROGYNON 30,MICROGYNON 30,MEDPLEX CHEMIST,-1.4293031,36.6872005,23
6849,MICROGYNON FE,MICROGYNON FE,"ANGELIC STAR PHARMACEUTICALS, Apotek Pharmaceutical, MEDPLEX CHEMIST","-1.2834847, -1.2885927, -1.4293031","36.889222, 36.9504001, 36.6872005",99
6852,MIXTARD 30/70 100IU,MIXTARD 30/70 100IU,KARURA CHEMIST II  TILL 8073490,-1.2196352,36.7128582,1
6859,MONTIGET PAED,MONTIGET PAED,SIDAI CHEMIST,-1.4779526,36.9577694,2
6860,MONTIGET TABS 5MG,MONTIGET TABS 5MG,EMIR HEALTH CENTER ,-1.266125,36.910522,1
6863,MOXACIL DS 100MLS,AMOXYCILIN,"Bonaim pharmacy , KARURA CHEMIST II  TILL 8073490, Miliecare, SIDAI CHEMIST","-1.2062072, -1.2196352, -1.4779526","36.89570200000001, 36.7128582, 36.9577694",5
6864,MTM 100MG,MTM 100MG,"Apotek Pharmaceutical, Bonaim pharmacy , Disanjo Chemist , Eloc pharmacy , EMIR HEALTH CENTER , JOMOPHARM & MEDICAL SERVICES, MEDIBLEND , MEDPLEX CHEMIST","-1.2885927, -1.2062072, -1.2650867, -1.2953742, -1.266125, -1.2544496, -1.282731, -1.4293031","36.9504001, 36.89570200000001, 36.8826178, 36.7455442, 36.910522, 36.7183104, 36.7848689, 36.6872005",947
6865,MTM 50MG,MTM 50MG,"Apotek Pharmaceutical, B-sons pharmacy, Bonaim pharmacy , EMIR HEALTH CENTER , Perta Chemist","-1.2885927, -1.2673667, -1.2062072, -1.266125, -1.1079318","36.9504001, 36.7509204, 36.89570200000001, 36.910522, 37.016326",91
6872,MZ-CAL TABS,MZ-CAL TABS,KARURA CHEMIST II  TILL 8073490,-1.2196352,36.7128582,60
6875,NATOA,NATOA,"Bonaim pharmacy , Jubilee-Care Chemist","-1.2062072, -1.1003338","36.89570200000001, 37.0129017",4
6876,NATOA SUSP,NATOA SUSP,"Bonaim pharmacy , CARDINAL CHEMIST, EMIR HEALTH CENTER , MEDPLEX CHEMIST, Nas Chemist","-1.2062072, -1.3958137, -1.266125, -1.4293031, 0.5206237","36.89570200000001, 36.7638655, 36.910522, 36.6872005, 35.2762755",12
6878,NATRLIX SR 1.5,NATRLIX SR 1.5,KARURA CHEMIST II  TILL 8073490,-1.2196352,36.7128582,32
6879,NAUMA BALM,NAUMA BALM,"MEDPLEX CHEMIST, Nas Chemist","-1.4293031, 0.5206237","36.6872005, 35.2762755",6
6881,NEBILET 5MG,NEBILET 5MG,KARURA CHEMIST II  TILL 8073490,-1.2196352,36.7128582,11
6883,NEBILONG AM,NEBILONG AM,KARURA CHEMIST II  TILL 8073490,-1.2196352,36.7128582,16
6885,NEEDLES G  21,NEEDLES G  21,"EMIR HEALTH CENTER , Jubilee-Care Chemist","-1.266125, -1.1003338","36.910522, 37.0129017",5
6886,NEEDLES G 23,NEEDLES G 23,Bripamu Medical Stores,-1.3111251,36.8939304,20
6887,NEFIN 20MG,NIFEDIPINE,"CARDINAL CHEMIST, Crowmed pharmaceuticals , MEDIBLEND , memah bestcare pharmacy","-1.3958137, -1.3621855, -1.282731, -0.3076936","36.7638655, 36.6555867, 36.7848689, 38.2196697",446
6889,NELAC  100MG,NELAC  100MG,"KARURA CHEMIST II  TILL 8073490, MEDPLEX CHEMIST","-1.2196352, -1.4293031","36.7128582, 36.6872005",28
6894,NEOPEPTINE DROPS,NEOPEPTINE DROPS,"Eloc pharmacy , KARURA CHEMIST II  TILL 8073490, MEDPLEX CHEMIST","-1.2953742, -1.2196352, -1.4293031","36.7455442, 36.7128582, 36.6872005",5
6897,NETAZOX TABS 500MG,NETAZOX TABS 500MG,MEDPLEX CHEMIST,-1.4293031,36.6872005,6
6900,NEUROCARE CAPS,NEUROCARE CAPS,KARURA CHEMIST II  TILL 8073490,-1.2196352,36.7128582,30
6902,NEUROCARE PLUS,NEUROCARE PLUS,"KARURA CHEMIST II  TILL 8073490, MEDPLEX CHEMIST","-1.2196352, -1.4293031","36.7128582, 36.6872005",102
6904,NEUROTROL 200MG,CARBAMAZEPINE,"KARURA CHEMIST II  TILL 8073490, KEGAKA PHARMACY","-1.2196352, -1.0133967","36.7128582, 36.9058388",110
6912,NOGLUC 14S,NOGLUC 14S,"Bonaim pharmacy , KARURA CHEMIST II  TILL 8073490","-1.2062072, -1.2196352","36.89570200000001, 36.7128582",130
6913,NORASH CREAM,NORASH CREAM,MEDPLEX CHEMIST,-1.4293031,36.6872005,2
6914,NORFLOXACIN 400MG,NORFLOXACIN,ANGELLIC STAR PHARMACY ,-1.2844625,36.885289,10
6916,NORMAL SALINE,NORMAL SALINE,EMIR HEALTH CENTER ,-1.266125,36.910522,6
6921,NUCLIN V 3,NUCLIN V 3,"KARURA CHEMIST II  TILL 8073490, MEDPLEX CHEMIST","-1.2196352, -1.4293031","36.7128582, 36.6872005",2
6931,OLFEN 75MG SR,OLFEN 75MG SR,MEDPLEX CHEMIST,-1.4293031,36.6872005,2
6932,OLWARM,OLWARM,"KARURA CHEMIST II  TILL 8073490, MEDPLEX CHEMIST","-1.2196352, -1.4293031","36.7128582, 36.6872005",5
6933,OMEGA H3,OMEGA H3,"Eloc pharmacy , Jubilee-Care Chemist","-1.2953742, -1.1003338","36.7455442, 37.0129017",41
6935,OMIS GEL,OMIS GEL,MEDPLEX CHEMIST,-1.4293031,36.6872005,3
6938,ON CALL STRIPS,ON CALL STRIPS,"KARURA CHEMIST II  TILL 8073490, MEDPLEX CHEMIST","-1.2196352, -1.4293031","36.7128582, 36.6872005",12
6942,ORACEF 100MLS,CEPHALEXIN,"BetahCare Family Health Clinic, MEDPLEX CHEMIST, urit medical ","-1.4293031, -1.1009928","36.6872005, 37.0129877",28
6956,P-ALAXIN,P-ALAXIN,"Eloc pharmacy , MEDPLEX CHEMIST, SAMIALBA","-1.2953742, -1.4293031, -1.279668","36.7455442, 36.6872005, 36.82553",12
6957,PAMOL 100MLS,PAMOL 100MLS,Tumaini Pharmacy ,-1.2635376,36.9173265,1
6958,PANADOL ADVANCE,PANADOL ADVANCE,"Bonaim pharmacy , Bripamu Medical Stores, MEDPLEX CHEMIST, Perta Chemist","-1.2062072, -1.3111251, -1.4293031, -1.1079318","36.89570200000001, 36.8939304, 36.6872005, 37.016326",178
6959,PANADOL BABY AND INFANT,PANADOL BABY AND INFANT,"Apotek Pharmaceutical, MEDPLEX CHEMIST, Tikotiko Chemist ","-1.2885927, -1.4293031, -1.3080828","36.9504001, 36.6872005, 36.7819929",7
6960,PANADOL COLD /FLU,PANADOL COLD /FLU,MEDPLEX CHEMIST,-1.4293031,36.6872005,210
6961,PANADOL EXTRA,PANADOL EXTRA,"Eloc pharmacy , Fast Health Pharmacy , Jubilee-Care Chemist, MEDPLEX CHEMIST, Perta Chemist","-1.2953742, -1.2908275, -1.1003338, -1.4293031, -1.1079318","36.7455442, 36.7327734, 37.0129017, 36.6872005, 37.016326",296
6962,PANTAKIND 40,PANTAKIND 40,"Jubilee-Care Chemist, KARURA CHEMIST II  TILL 8073490","-1.1003338, -1.2196352","37.0129017, 36.7128582",24
6965,PARAFAST ET,PARAFAST ET,Jubilee-Care Chemist,-1.1003338,37.0129017,3
6968,PATANOL DROPS,PATANOL DROPS,KARURA CHEMIST II  TILL 8073490,-1.2196352,36.7128582,1
6970,PEARDINE 100MLS,PEARDINE 100MLS,"KAJLAB PHARMACY, KARURA CHEMIST II  TILL 8073490, SIDAI CHEMIST","-1.2844627, -1.2196352, -1.4779526","36.8233367, 36.7128582, 36.9577694",4
6973,PERNEX AC 5%,PERNEX AC 5%,"EMIR HEALTH CENTER , Jubilee-Care Chemist","-1.266125, -1.1003338","36.910522, 37.0129017",3
6975,PHARMASAL,PHARMASAL,"CARDINAL CHEMIST, MEDPLEX CHEMIST","-1.3958137, -1.4293031","36.7638655, 36.6872005",13
6976,PHENALIN SYRUP,PIRITON,"CALMAK CHEMIST , MEDPLEX CHEMIST, memah bestcare pharmacy, Nas Chemist, urit medical ","-1.053931, -1.4293031, -0.3076936, 0.5206237, -1.1009928","38.3631399, 36.6872005, 38.2196697, 35.2762755, 37.0129877",23
6977,PHENOBARBITONE,PHENOBARBITONE,"KARURA CHEMIST II  TILL 8073490, MEDPLEX CHEMIST","-1.2196352, -1.4293031","36.7128582, 36.6872005",140
6979,PIRICET,PIRICET,"ANGELIC STAR PHARMACEUTICALS, Bonaim pharmacy , CARDINAL CHEMIST","-1.2834847, -1.2062072, -1.3958137","36.889222, 36.89570200000001, 36.7638655",6
6980,PIRICLOR 60MLS,PIRITON,"Apotek Pharmaceutical, BetahCare Family Health Clinic, Bonaim pharmacy , Bripamu Medical Stores, CALMAK CHEMIST , Falcon medical clinic ","-1.2885927, -1.2062072, -1.3111251, -1.053931","36.9504001, 36.89570200000001, 36.8939304, 38.3631399",55
6982,PIRITON EXP 100ML,GSK,"Apotek Pharmaceutical, KARURA CHEMIST II  TILL 8073490, MEDPLEX CHEMIST","-1.2885927, -1.2196352, -1.4293031","36.9504001, 36.7128582, 36.6872005",16
6983,PIRITON SYR 100ML,GSK,"ANGELIC STAR PHARMACEUTICALS, Apotek Pharmaceutical, MEDPLEX CHEMIST","-1.2834847, -1.2885927, -1.4293031","36.889222, 36.9504001, 36.6872005",5
6984,PIRITON TABS,GSK,Bonaim pharmacy ,-1.2062072,36.89570200000001,10
6989,PONSTAN FORTE,PONSTAN FORTE,"ANGELIC STAR PHARMACEUTICALS, EMIR HEALTH CENTER , Jubilee-Care Chemist, KARURA CHEMIST II  TILL 8073490, SAMIALBA","-1.2834847, -1.266125, -1.1003338, -1.2196352, -1.279668","36.889222, 36.910522, 37.0129017, 36.7128582, 36.82553",62
6991,POSNIDE MOUTH WASH,POSNIDE MOUTH WASH,"B-sons pharmacy, MEDPLEX CHEMIST","-1.2673667, -1.4293031","36.7509204, 36.6872005",4
6992,POSTINOR TABS,POSTINOR TABS,"B-sons pharmacy, BetahCare Family Health Clinic, Bonaim pharmacy , Bripamu Medical Stores, CALMAK CHEMIST , Disanjo Chemist , KARURA CHEMIST II  TILL 8073490, KEGAKA PHARMACY, langaze, Lifemed 3ds mlolongo , SIDAI CHEMIST","-1.2673667, -1.2062072, -1.3111251, -1.053931, -1.2650867, -1.2196352, -1.0133967, -1.1502513, -1.3940237, -1.4779526","36.7509204, 36.89570200000001, 36.8939304, 38.3631399, 36.8826178, 36.7128582, 36.9058388, 36.9608441, 36.9390723, 36.9577694",100
6993,POVIDONE  IODINE 10%,POVIDONE  IODINE 10%,urit medical ,-1.1009928,37.0129877,1
6994,POWERGESIC GEL,POWERGESIC GEL,MEDPLEX CHEMIST,-1.4293031,36.6872005,1
6995,POWERGESIC MR,POWERGESIC MR,"ANGELIC STAR PHARMACEUTICALS, Jubilee-Care Chemist","-1.2834847, -1.1003338","36.889222, 37.0129017",16
6997,PREDNISOLONE 5MG,PREDNISOLONE 5MG,"CARDINAL CHEMIST, Kizito Medical Clinic, memah bestcare pharmacy, Nas Chemist","-1.3958137, -0.3076936, 0.5206237","36.7638655, 38.2196697, 35.2762755",178
6998,PREDSOL SYRUP,PREDSOL SYRUP,MEDPLEX CHEMIST,-1.4293031,36.6872005,2
7004,PROCORALAN 5MG,PROCORALAN 5MG,PANDE pharmacy ,-1.0569879,37.1106545,20
7005,PROLOC D,PROLOC D,KARURA CHEMIST II  TILL 8073490,-1.2196352,36.7128582,1
7006,PROMETHAZINE,COSMOS,"Apotek Pharmaceutical, EMIR HEALTH CENTER , MEDIBLEND , MEDPLEX CHEMIST","-1.2885927, -1.266125, -1.282731, -1.4293031","36.9504001, 36.910522, 36.7848689, 36.6872005",348
7007,PROMETHAZINE TABS,COSMOS,"ANGELLIC STAR PHARMACY , Bonaim pharmacy , Bripamu Medical Stores, Nas Chemist, urit medical ","-1.2844625, -1.2062072, -1.3111251, 0.5206237, -1.1009928","36.885289, 36.89570200000001, 36.8939304, 35.2762755, 37.0129877",121
7008,PROMIMBA,PROMIMBA,MEDPLEX CHEMIST,-1.4293031,36.6872005,2
7013,PROTAS 20MG,ESOMEPRAZOLE,"Bonaim pharmacy , MEDPLEX CHEMIST","-1.2062072, -1.4293031","36.89570200000001, 36.6872005",96
7014,PROTAS 40MG,ESOMEPRAZOLE,"Bonaim pharmacy , MEDPLEX CHEMIST","-1.2062072, -1.4293031","36.89570200000001, 36.6872005",78
7017,PULMOCEF 250MG,PULMOCEF 250MG,MEDPLEX CHEMIST,-1.4293031,36.6872005,1
7019,PURECAL TABS,PURECAL TABS,Jubilee-Care Chemist,-1.1003338,37.0129017,10
7029,RECARTIX FORTE,RECARTIX FORTE,MEDPLEX CHEMIST,-1.4293031,36.6872005,60
7032,RELCER GEL,RELCER GEL,"Apotek Pharmaceutical, BetahCare Family Health Clinic, CARDINAL CHEMIST, Disanjo Chemist , KARURA CHEMIST II  TILL 8073490, memah bestcare pharmacy","-1.2885927, -1.3958137, -1.2650867, -1.2196352, -0.3076936","36.9504001, 36.7638655, 36.8826178, 36.7128582, 38.2196697",6
7033,REMIDIN M/WASH,REMIDIN M/WASH,"Apotek Pharmaceutical, CARDINAL CHEMIST, KARURA CHEMIST II  TILL 8073490, MEDPLEX CHEMIST","-1.2885927, -1.3958137, -1.2196352, -1.4293031","36.9504001, 36.7638655, 36.7128582, 36.6872005",7
7034,REPACE H 50MG,REPACE H 50MG,"KARURA CHEMIST II  TILL 8073490, MEDPLEX CHEMIST","-1.2196352, -1.4293031","36.7128582, 36.6872005",50
7035,REXE DINE,REXE DINE,"CARDINAL CHEMIST, MEDPLEX CHEMIST","-1.3958137, -1.4293031","36.7638655, 36.6872005",5
7036,RHINATHIOL,RHINATHIOL,KARURA CHEMIST II  TILL 8073490,-1.2196352,36.7128582,1
7039,RHIZIN SYRUP,RHIZIN SYRUP,MEDPLEX CHEMIST,-1.4293031,36.6872005,4
7041,RILIF PLUS 600MG,RILIF PLUS 600MG,MEDPLEX CHEMIST,-1.4293031,36.6872005,55
7043,RINACET 60MLS,CETRIZINE,"Apotek Pharmaceutical, B-sons pharmacy, CALMAK CHEMIST , Falcon medical clinic , Jubilee-Care Chemist, KARURA CHEMIST II  TILL 8073490, KEGAKA PHARMACY, Lifemed 3ds mlolongo , MEDIBLEND , MEDPLEX CHEMIST, urit medical ","-1.2885927, -1.2673667, -1.053931, -1.1003338, -1.2196352, -1.0133967, -1.3940237, -1.282731, -1.4293031, -1.1009928","36.9504001, 36.7509204, 38.3631399, 37.0129017, 36.7128582, 36.9058388, 36.9390723, 36.7848689, 36.6872005, 37.0129877",276
7049,ROUGH RIDER,KISS,"BetahCare Family Health Clinic, Crowmed pharmaceuticals , MEDPLEX CHEMIST","-1.3621855, -1.4293031","36.6555867, 36.6872005",7
7050,ROVISTA 10MG,ROVISTA 10MG,MEDPLEX CHEMIST,-1.4293031,36.6872005,30
7053,ROZAVEL 5MG,ROZAVEL 5MG,KARURA CHEMIST II  TILL 8073490,-1.2196352,36.7128582,8
7055,RUBEM CREAM 25G,REGAL,Eloc pharmacy ,-1.2953742,36.7455442,3
7060,SALBUT 4MG,COSMOS,"Eloc pharmacy , EMIR HEALTH CENTER , Falcon medical clinic , Jubilee-Care Chemist, MEDPLEX CHEMIST","-1.2953742, -1.266125, -1.1003338, -1.4293031","36.7455442, 36.910522, 37.0129017, 36.6872005",307
7061,SALIMIA LINIMENT,SALIMIA LINIMENT,"Apotek Pharmaceutical, Eloc pharmacy ","-1.2885927, -1.2953742","36.9504001, 36.7455442",2
7064,SCOTTS ORANGE,SCOTTS ORANGE,"Apotek Pharmaceutical, MEDPLEX CHEMIST","-1.2885927, -1.4293031","36.9504001, 36.6872005",13
7068,SENSODYNE,SENSODYNE,EMIR HEALTH CENTER ,-1.266125,36.910522,3
7074,SEVEN SEAS 100MLS,COD LIVER OIL,"Jubilee-Care Chemist, MEDPLEX CHEMIST","-1.1003338, -1.4293031","37.0129017, 36.6872005",28
7075,SEVEN SEAS CAPS,COD LIVER OIL,"Jubilee-Care Chemist, MEDPLEX CHEMIST","-1.1003338, -1.4293031","37.0129017, 36.6872005",429
7077,SINEMET 10MG/100MG,SINEMET 10MG/100MG,KARURA CHEMIST II  TILL 8073490,-1.2196352,36.7128582,88
7081,SOLVIN PLUS EXP,SOLVIN PLUS EXP,"ANGELIC STAR PHARMACEUTICALS, Bonaim pharmacy ","-1.2834847, -1.2062072","36.889222, 36.89570200000001",4
7082,SOLVIN PLUS TABS,SOLVIN PLUS TABS,Bonaim pharmacy ,-1.2062072,36.89570200000001,10
7089,STERON 5MG,STERON 5MG,"Apotek Pharmaceutical, Bonaim pharmacy , Disanjo Chemist , SAMIALBA","-1.2885927, -1.2062072, -1.2650867, -1.279668","36.9504001, 36.89570200000001, 36.8826178, 36.82553",34
7095,STREPSILS HONEY,STREPSILS HONEY,"Bonaim pharmacy , Bripamu Medical Stores, KARURA CHEMIST II  TILL 8073490","-1.2062072, -1.3111251, -1.2196352","36.89570200000001, 36.8939304, 36.7128582",10
7099,SUBSYDE CR CAPS,SUBSYDE CR CAPS,MEDPLEX CHEMIST,-1.4293031,36.6872005,17
7100,SUCRAFIL O GEL,SUCRAFIL O GEL,MEDPLEX CHEMIST,-1.4293031,36.6872005,1
7103,SURGICAL STERILE GLOVES,SURGICAL STERILE GLOVES,Jubilee-Care Chemist,-1.1003338,37.0129017,11
7111,TAGERA,FORTE,"Bonaim pharmacy , CARDINAL CHEMIST, Disanjo Chemist , MEDPLEX CHEMIST","-1.2062072, -1.3958137, -1.2650867, -1.4293031","36.89570200000001, 36.7638655, 36.8826178, 36.6872005",32
7116,TEARS,TEARS,"Bonaim pharmacy , space race","-1.2062072, -1.311053","36.89570200000001, 36.745584",8
7117,TEGRETOL,TEGRETOL,"MEDPLEX CHEMIST, space race","-1.4293031, -1.311053","36.6872005, 36.745584",151
7132,TETRACYCLINE OINT,TETRACYCLINE OINT,Nas Chemist,0.5206237,35.2762755,2
7133,THEOFIX 400MG,CEFIXIME,Apotek Pharmaceutical,-1.2885927,36.9504001,17
7134,THEOPHED,FRANOL,MEDPLEX CHEMIST,-1.4293031,36.6872005,130
7136,THIOVENT CHILD 2%,THIOVENT,ANGELLIC STAR PHARMACY ,-1.2844625,36.885289,1
7138,TINCTURE OF IODINE,TINCTURE,EMIR HEALTH CENTER ,-1.266125,36.910522,2
7142,TOFEN SYRUP,TOFEN,KARURA CHEMIST II  TILL 8073490,-1.2196352,36.7128582,2
7143,SCOTTS REG,SCOTTS,"ANGELLIC STAR PHARMACY , Bonaim pharmacy ","-1.2844625, -1.2062072","36.885289, 36.89570200000001",2
7144,TOTOMOL SUSP,TOTOMOL,"ALICINES PHARMACY , Bripamu Medical Stores","-0.6839558, -1.3111251","34.7925954, 36.8939304",3
7145,TOUCH AND GO 7MLS,TOUCH,"CARDINAL CHEMIST, KARURA CHEMIST II  TILL 8073490, MEDPLEX CHEMIST, Nas Chemist","-1.3958137, -1.2196352, -1.4293031, 0.5206237","36.7638655, 36.7128582, 36.6872005, 35.2762755",10
7148,TRAMADOL,TRAMADOL,"BetahCare Family Health Clinic, Bripamu Medical Stores, Falcon medical clinic ",-1.3111251,36.8939304,398
7149,TRANEXA TABS,TRANEXA TABS,KARURA CHEMIST II  TILL 8073490,-1.2196352,36.7128582,10
7153,TRES ORIX SYRUP,TRES,MEDPLEX CHEMIST,-1.4293031,36.6872005,1
7159,TRIBEES FORTE,FORTE,KARURA CHEMIST II  TILL 8073490,-1.2196352,36.7128582,14
7160,TRICOHIST EXP,TRICOHIST,"Apotek Pharmaceutical, Bonaim pharmacy , MEDPLEX CHEMIST","-1.2885927, -1.2062072, -1.4293031","36.9504001, 36.89570200000001, 36.6872005",51
7161,TRIDEX,TRIDEX,"Apotek Pharmaceutical, Bonaim pharmacy , CARDINAL CHEMIST, KARURA CHEMIST II  TILL 8073490, MEDPLEX CHEMIST","-1.2885927, -1.2062072, -1.3958137, -1.2196352, -1.4293031","36.9504001, 36.89570200000001, 36.7638655, 36.7128582, 36.6872005",44
7162,TRIHISTAMIN,TRIHISTAMIN,MEDPLEX CHEMIST,-1.4293031,36.6872005,5
7166,TRIOHIST EXP,TRIOHIST,Eloc pharmacy ,-1.2953742,36.7455442,3
7167,TRIOKIT,TRIOKIT,"ANGELIC STAR PHARMACEUTICALS, KARURA CHEMIST II  TILL 8073490","-1.2834847, -1.2196352","36.889222, 36.7128582",2
7169,TRUMOL,TRUMOL,Jubilee-Care Chemist,-1.1003338,37.0129017,1
7170,TRUST CLASSIC,TRUST,"Apotek Pharmaceutical, Bonaim pharmacy , CARDINAL CHEMIST, Jubilee-Care Chemist, Lilex Pharmaceuticals , Nas Chemist","-1.2885927, -1.2062072, -1.3958137, -1.1003338, -1.3268955, 0.5206237","36.9504001, 36.89570200000001, 36.7638655, 37.0129017, 36.8526944, 35.2762755",110
7172,TUSPEL SYRUP,TUSPEL,Apotek Pharmaceutical,-1.2885927,36.9504001,3
7173,TUSPEL SYRUP 60MLS,TUSPEL,SIDAI CHEMIST,-1.4779526,36.9577694,2
7176,TZEX 500MG,TZEX,MEDPLEX CHEMIST,-1.4293031,36.6872005,7
7189,VARINIL 10MG,VARINIL,MEDPLEX CHEMIST,-1.4293031,36.6872005,604
7190,VARINIL 5MG,VARINIL,"Apotek Pharmaceutical, MEDPLEX CHEMIST","-1.2885927, -1.4293031","36.9504001, 36.6872005",770
7191,vasopril 5 MG,vasopril,EMIR HEALTH CENTER ,-1.266125,36.910522,20
7192,VASOPRIL TABS 10MG,VASOPRIL,KARURA CHEMIST II  TILL 8073490,-1.2196352,36.7128582,38
7195,VELVEX,VELVEX,Disanjo Chemist ,-1.2650867,36.8826178,1
7198,VIDOL 12.5MG,VIDOL,MEDPLEX CHEMIST,-1.4293031,36.6872005,14
7199,VIDOL 6.25MG,VIDOL,"Eloc pharmacy , MEDPLEX CHEMIST","-1.2953742, -1.4293031","36.7455442, 36.6872005",88
7207,VITAHEALTH,VITAHEALTH,KARURA CHEMIST II  TILL 8073490,-1.2196352,36.7128582,60
7216,VOLINI GEL,VOLINI GEL,"ANGELIC STAR PHARMACEUTICALS, Apotek Pharmaceutical, EMIR HEALTH CENTER , KARURA CHEMIST II  TILL 8073490, SIDAI CHEMIST","-1.2834847, -1.2885927, -1.266125, -1.2196352, -1.4779526","36.889222, 36.9504001, 36.910522, 36.7128582, 36.9577694",5
7224,WATERGURD,WATERGURD,"Falcon medical clinic , Jubilee-Care Chemist, MEDPLEX CHEMIST","-1.1003338, -1.4293031","37.0129017, 36.6872005",12
7226,WHITEFIELDS OINT,WHITEFIELDS,"Apotek Pharmaceutical, KARURA CHEMIST II  TILL 8073490, MEDPLEX CHEMIST","-1.2885927, -1.2196352, -1.4293031","36.9504001, 36.7128582, 36.6872005",6
7229,YASMIN 30MG,YASMIN,MEDPLEX CHEMIST,-1.4293031,36.6872005,1
7231,YESCORT 6MG,YESCORT 6MG,MEDPLEX CHEMIST,-1.4293031,36.6872005,27
7235,ZEFCOLIN 100MLS,ZEFCOLIN,"Lifemed 3ds mlolongo , MEDPLEX CHEMIST","-1.3940237, -1.4293031","36.9390723, 36.6872005",26
7238,ZENTEL SUSP,ZENTEL,"ANGELLIC STAR PHARMACY , Apotek Pharmaceutical, Bonaim pharmacy , Eloc pharmacy , EMIR HEALTH CENTER , Jubilee-Care Chemist, KARURA CHEMIST II  TILL 8073490","-1.2844625, -1.2885927, -1.2062072, -1.2953742, -1.266125, -1.1003338, -1.2196352","36.885289, 36.9504001, 36.89570200000001, 36.7455442, 36.910522, 37.0129017, 36.7128582",46
7240,zerodol 100mg,zerodol,MEDPLEX CHEMIST,-1.4293031,36.6872005,9
7250,ZOMEP 20MG,ESOMEPRAZOLE,MEDPLEX CHEMIST,-1.4293031,36.6872005,116
7251,ZOMEP 40MG,ESOMEPRAZOLE,Disanjo Chemist ,-1.2650867,36.8826178,5
7252,ZULU MR,ZULU,"ANGELIC STAR PHARMACEUTICALS, CARDINAL CHEMIST, Disanjo Chemist , Eloc pharmacy , KARURA CHEMIST II  TILL 8073490, KEGAKA PHARMACY, MEDIBLEND , MEDPLEX CHEMIST, PINMARK   CHEMIST","-1.2834847, -1.3958137, -1.2650867, -1.2953742, -1.2196352, -1.0133967, -1.282731, -1.4293031, -1.2323323","36.889222, 36.7638655, 36.8826178, 36.7455442, 36.7128582, 36.9058388, 36.7848689, 36.6872005, 36.8787058",755
7255,ZUPRICIN,ZUPRICIN,MEDPLEX CHEMIST,-1.4293031,36.6872005,10
7256,ZUPRICIN B OINT,ZUPRICIN,"KARURA CHEMIST II  TILL 8073490, MEDPLEX CHEMIST","-1.2196352, -1.4293031","36.7128582, 36.6872005",3
7258,ZYNCET 10MG,ZYNCET,"Bonaim pharmacy , CARDINAL CHEMIST","-1.2062072, -1.3958137","36.89570200000001, 36.7638655",202
7260,ZYRTAL MR,ZYRTAL,KARURA CHEMIST II  TILL 8073490,-1.2196352,36.7128582,40
7261,ZYRTAL MR TABS,ZYRTAL,"Eloc pharmacy , KEGAKA PHARMACY","-1.2953742, -1.0133967","36.7455442, 36.9058388",44
7273,SIGN KIT,SIGN KIT,KEGAKA PHARMACY,-1.0133967,36.9058388,1
7274,IBUGESIC,IBUGESIC,"Apotek Pharmaceutical, Bripamu Medical Stores, Eloc pharmacy , KARURA CHEMIST II  TILL 8073490, MEDPLEX CHEMIST, SIDAI CHEMIST","-1.2885927, -1.3111251, -1.2953742, -1.2196352, -1.4293031, -1.4779526","36.9504001, 36.8939304, 36.7455442, 36.7128582, 36.6872005, 36.9577694",57
7275,IBUGESIC,IBUGESIC,"Apotek Pharmaceutical, Eloc pharmacy ","-1.2885927, -1.2953742","36.9504001, 36.7455442",3
7276,CELABET,CELABET,"ANGELLIC STAR PHARMACY , Apotek Pharmaceutical, Bonaim pharmacy , Bripamu Medical Stores, CARDINAL CHEMIST, Eloc pharmacy , KARURA CHEMIST II  TILL 8073490","-1.2844625, -1.2885927, -1.2062072, -1.3111251, -1.3958137, -1.2953742, -1.2196352","36.885289, 36.9504001, 36.89570200000001, 36.8939304, 36.7638655, 36.7455442, 36.7128582",335
7283,IBUPROFEN 400MG,ZORAFEN,Jubilee-Care Chemist,-1.1003338,37.0129017,27
7286,KALUMA 9MLS,KALUMA,"CARDINAL CHEMIST, MEDIBLEND , MEDPLEX CHEMIST","-1.3958137, -1.282731, -1.4293031","36.7638655, 36.7848689, 36.6872005",28
7287,MENTHO PLUS 9MLS,MENTHO,"Apotek Pharmaceutical, Bonaim pharmacy , Jubilee-Care Chemist, KARURA CHEMIST II  TILL 8073490, MEDPLEX CHEMIST","-1.2885927, -1.2062072, -1.1003338, -1.2196352, -1.4293031","36.9504001, 36.89570200000001, 37.0129017, 36.7128582, 36.6872005",72
7297,ATRIZIN SYRUP,ATRIZIN,"MEDPLEX CHEMIST, Mercilin Afya services ","-1.4293031, -1.3921923","36.6872005, 36.9407301",2
7298,ZEDCAL ORAL SUSP,ZEDCAL,"KARURA CHEMIST II  TILL 8073490, KEGAKA PHARMACY, MEDPLEX CHEMIST","-1.2196352, -1.0133967, -1.4293031","36.7128582, 36.9058388, 36.6872005",4
7314,CATAFLAM,CATAFLAM,MEDPLEX CHEMIST,-1.4293031,36.6872005,2
7321,LAWASH,LAWASH,Eloc pharmacy ,-1.2953742,36.7455442,1
7329,FLATAMEAL DS,FLATAMEAL,"Jubilee-Care Chemist, MEDPLEX CHEMIST","-1.1003338, -1.4293031","37.0129017, 36.6872005",20
7332,DELASED CHESTY,DELASED,Apotek Pharmaceutical,-1.2885927,36.9504001,10
7333,ENAT CREAM,ENAT,KARURA CHEMIST II  TILL 8073490,-1.2196352,36.7128582,1
7334,FANLAR 500MG,FANLAR,"Apotek Pharmaceutical, Eloc pharmacy , Falcon medical clinic , Jubilee-Care Chemist, Nas Chemist","-1.2885927, -1.2953742, -1.1003338, 0.5206237","36.9504001, 36.7455442, 37.0129017, 35.2762755",32
7335,SULPHUR OINT,SULPHUR,"Apotek Pharmaceutical, Falcon medical clinic ",-1.2885927,36.9504001,11
7336,PREGNANCY KIT,PREGMATE,"BetahCare Family Health Clinic, Bonaim pharmacy , Crowmed pharmaceuticals , Disanjo Chemist , edlian hope u, Falcon medical clinic , KARURA CHEMIST II  TILL 8073490, MEDIBLEND , MEDPLEX CHEMIST","-1.2062072, -1.3621855, -1.2650867, 0.0, -1.2196352, -1.282731, -1.4293031","36.89570200000001, 36.6555867, 36.8826178, 0.0, 36.7128582, 36.7848689, 36.6872005",393
7339,METRONIDAZOLE 200MG,METRONIDAZOLE,"CARDINAL CHEMIST, Crowmed pharmaceuticals , Falcon medical clinic , urit medical ","-1.3958137, -1.3621855, -1.1009928","36.7638655, 36.6555867, 37.0129877",205
7340,DERMAZINE 250G,DERMAZINE,KARURA CHEMIST II  TILL 8073490,-1.2196352,36.7128582,1
7341,I.V CANNULA GREEN,CANNULA,KARURA CHEMIST II  TILL 8073490,-1.2196352,36.7128582,3
7342,PEPTICA GEL,PEPTICA,"KARURA CHEMIST II  TILL 8073490, MEDPLEX CHEMIST","-1.2196352, -1.4293031","36.7128582, 36.6872005",3
7350,LONART 20/120MG,LONART,"B-sons pharmacy, Bonaim pharmacy , Bripamu Medical Stores, CARDINAL CHEMIST, Eloc pharmacy , EMIR HEALTH CENTER , Falcon medical clinic , Jubilee-Care Chemist, MEDPLEX CHEMIST","-1.2673667, -1.2062072, -1.3111251, -1.3958137, -1.2953742, -1.266125, -1.1003338, -1.4293031","36.7509204, 36.89570200000001, 36.8939304, 36.7638655, 36.7455442, 36.910522, 37.0129017, 36.6872005",359
7351,LOSARTAS HT,LOSARTAS,"Apotek Pharmaceutical, KARURA CHEMIST II  TILL 8073490","-1.2885927, -1.2196352","36.9504001, 36.7128582",42
7352,CARCA 6.25,CARCA,CARDINAL CHEMIST,-1.3958137,36.7638655,30
7354,BENAHIST,BENAHIST,"Disanjo Chemist , MEDPLEX CHEMIST","-1.2650867, -1.4293031","36.8826178, 36.6872005",14
7359,FLUGONE DM 60MLS,FLUGONE,"CARDINAL CHEMIST, KARURA CHEMIST II  TILL 8073490, MEDPLEX CHEMIST","-1.3958137, -1.2196352, -1.4293031","36.7638655, 36.7128582, 36.6872005",11
7360,TUSPRESS SYRUP,TUSPRESS,"CARDINAL CHEMIST, SIDAI CHEMIST","-1.3958137, -1.4779526","36.7638655, 36.9577694",2
7363,CLARICOS,CLARICOS,KARURA CHEMIST II  TILL 8073490,-1.2196352,36.7128582,1
7364,BECOACTIN SYR,BECOACTIN,"Apotek Pharmaceutical, Eloc pharmacy , MEDPLEX CHEMIST, pharmaland","-1.2885927, -1.2953742, -1.4293031, -4.0587263","36.9504001, 36.7455442, 36.6872005, 39.6728888",6
7365,BECOACTIN TABS,BECOACTIN,"Apotek Pharmaceutical, Bonaim pharmacy , Eloc pharmacy , MEDPLEX CHEMIST","-1.2885927, -1.2062072, -1.2953742, -1.4293031","36.9504001, 36.89570200000001, 36.7455442, 36.6872005",236
7366,GAVISCON DOUBLE ACTION,GAVISCON,"ANGELLIC STAR PHARMACY , KARURA CHEMIST II  TILL 8073490, MEDPLEX CHEMIST","-1.2844625, -1.2196352, -1.4293031","36.885289, 36.7128582, 36.6872005",4
7368,RELCER GEL,RELCER,MEDPLEX CHEMIST,-1.4293031,36.6872005,7
7371,ZITHROMAX TABS,ZITHROMAX,KARURA CHEMIST II  TILL 8073490,-1.2196352,36.7128582,1
7378,SOLVIN PLUS,SOLVIN,SIDAI CHEMIST,-1.4779526,36.9577694,1
7383,LYSODOL MR,LYSODOL,MEDPLEX CHEMIST,-1.4293031,36.6872005,402
7384,NOSPA 40MG,NOSPA,Bripamu Medical Stores,-1.3111251,36.8939304,4
7390,CALFEN 100MLS,IBUPROFEN,EMIR HEALTH CENTER ,-1.266125,36.910522,1
7391,DAPROFEN,DAPROFEN,"CARDINAL CHEMIST, MEDPLEX CHEMIST","-1.3958137, -1.4293031","36.7638655, 36.6872005",23
7392,OXIFAST MR,OXIFAST,MEDPLEX CHEMIST,-1.4293031,36.6872005,14
7394,MENOZIP,MENOZIP,BetahCare Family Health Clinic,,,5
7398,GASTRO GEL,GASTRO,MEDPLEX CHEMIST,-1.4293031,36.6872005,4
7400,AQUEOUS CREAM,AQUEOUS,MEDPLEX CHEMIST,-1.4293031,36.6872005,6
7405,ONDASETRON,ONDASETRON,Apotek Pharmaceutical,-1.2885927,36.9504001,1
7419,SURGICAL BLADES,SURGICAL,Jubilee-Care Chemist,-1.1003338,37.0129017,1
7420,RHINACON,RHINACON,"Apotek Pharmaceutical, MEDPLEX CHEMIST","-1.2885927, -1.4293031","36.9504001, 36.6872005",11
7422,TRICOFF EXP,TRICOFF,"ANGELLIC STAR PHARMACY , Eloc pharmacy , Jubilee-Care Chemist, MEDPLEX CHEMIST","-1.2844625, -1.2953742, -1.1003338, -1.4293031","36.885289, 36.7455442, 37.0129017, 36.6872005",14
7425,UNIGAN TABS 100,UNIGAN,KARURA CHEMIST II  TILL 8073490,-1.2196352,36.7128582,4
7433,EMPIGET 25,EMPIGET,KARURA CHEMIST II  TILL 8073490,-1.2196352,36.7128582,7
7435,SURGICAL SPIRIT,SURGICAL,MEDPLEX CHEMIST,-1.4293031,36.6872005,10
7437,BRUFEN SYRUP,BRUFEN,"Apotek Pharmaceutical, Falcon medical clinic , KARURA CHEMIST II  TILL 8073490","-1.2885927, -1.2196352","36.9504001, 36.7128582",38
7448,TRIDEX 60ML,TRIDEX,"Apotek Pharmaceutical, B-sons pharmacy, Bonaim pharmacy , Falcon medical clinic , MEDPLEX CHEMIST, memah bestcare pharmacy, SIDAI CHEMIST","-1.2885927, -1.2673667, -1.2062072, -1.4293031, -0.3076936, -1.4779526","36.9504001, 36.7509204, 36.89570200000001, 36.6872005, 38.2196697, 36.9577694",88
7458,DIRACIP M,DIRACIP,EMIR HEALTH CENTER ,-1.266125,36.910522,4
7459,LIGNOCAINE,LIGNOCAINE,memah bestcare pharmacy,-0.3076936,38.2196697,1
7460,MALODAR,MALODAR,"Bonaim pharmacy , CARDINAL CHEMIST, Eloc pharmacy , Falcon medical clinic , Lifemed 3ds mlolongo , MEDPLEX CHEMIST","-1.2062072, -1.3958137, -1.2953742, -1.3940237, -1.4293031","36.89570200000001, 36.7638655, 36.7455442, 36.9390723, 36.6872005",39
7468,OSTEOCARE,OSTEOCARE,"Bonaim pharmacy , KARURA CHEMIST II  TILL 8073490","-1.2062072, -1.2196352","36.89570200000001, 36.7128582",35
7469,UPACOF DRY,UPACOF,"MEDPLEX CHEMIST, Rujchem Pharmacy","-1.4293031, -1.3630685","36.6872005, 36.65592470000001",5
7470,LEOCEF 125MG,LEOCEF,Bonaim pharmacy ,-1.2062072,36.89570200000001,3
7471,CEFIXIME 400MG,CEFIXIME,"Fast Health Pharmacy , KARURA CHEMIST II  TILL 8073490","-1.2908275, -1.2196352","36.7327734, 36.7128582",7
7475,RHINAPHYTO,RHINAPHYTO,Eloc pharmacy ,-1.2953742,36.7455442,1
7477,TRIMEX PAEDIATRIC,TRIMEX,Bonaim pharmacy ,-1.2062072,36.89570200000001,2
7480,LUXAT 10MG,LUXAT,KEGAKA PHARMACY,-1.0133967,36.9058388,43
7484,PREDNISOLONE SYR,PREDNISOLONE,"CALMAK CHEMIST , KARURA CHEMIST II  TILL 8073490, MEDPLEX CHEMIST","-1.053931, -1.2196352, -1.4293031","38.3631399, 36.7128582, 36.6872005",9
7487,NAUSEZE,NAUSEZE,Eloc pharmacy ,-1.2953742,36.7455442,5
7490,UNIVIR CREAM,UNIVIR,MEDPLEX CHEMIST,-1.4293031,36.6872005,1
7491,ZINCAT OD,ZINCAT,Falcon medical clinic ,,,2
7495,FLUGONE P,FLUGONE,"KARURA CHEMIST II  TILL 8073490, MEDPLEX CHEMIST","-1.2196352, -1.4293031","36.7128582, 36.6872005",5
7496,FLUGONE DM,FLUGONE,"KARURA CHEMIST II  TILL 8073490, MEDPLEX CHEMIST","-1.2196352, -1.4293031","36.7128582, 36.6872005",7
7497,CEVION 1GM,CEVION,KARURA CHEMIST II  TILL 8073490,-1.2196352,36.7128582,2
7501,G KIT,G KIT,KARURA CHEMIST II  TILL 8073490,-1.2196352,36.7128582,1
7505,MANIX CAPS,MANIX,KARURA CHEMIST II  TILL 8073490,-1.2196352,36.7128582,3
7517,CELEBET,CELEBET,"Bripamu Medical Stores, Perta Chemist","-1.3111251, -1.1079318","36.8939304, 37.016326",107
7519,ZYCLAVE 228MG,ZYCLAVE,"ANGELIC STAR PHARMACEUTICALS, MEDPLEX CHEMIST","-1.2834847, -1.4293031","36.889222, 36.6872005",4
7521,LANOLIN CREAM,LANOLIN,"KARURA CHEMIST II  TILL 8073490, MEDPLEX CHEMIST","-1.2196352, -1.4293031","36.7128582, 36.6872005",7
7522,CYPON 200MLS,CYPON,"Bonaim pharmacy , MEDPLEX CHEMIST","-1.2062072, -1.4293031","36.89570200000001, 36.6872005",12
7528,ZITHROMAX SUSP,ZITHROMAX,KARURA CHEMIST II  TILL 8073490,-1.2196352,36.7128582,1
7530,CEXIL 125MG,CEXIL,KARURA CHEMIST II  TILL 8073490,-1.2196352,36.7128582,1
7534,ESOSE 20MG,ESOSE,MEDPLEX CHEMIST,-1.4293031,36.6872005,11
7536,BETADINE MOUTHWASH,BETADINE,MEDPLEX CHEMIST,-1.4293031,36.6872005,5
7538,OSTEOCARE PLUS,OVACARE,MEDPLEX CHEMIST,-1.4293031,36.6872005,40
7540,MEDITROL 0.25MG,MEDITROL,PANDE pharmacy ,-1.0569879,37.1106545,10
7548,GAUZE SWABS 4*4,GUAZE,KARURA CHEMIST II  TILL 8073490,-1.2196352,36.7128582,100
7560,DOXAFIN 2.5MLS/5MLS,DOXAFIN,KARURA CHEMIST II  TILL 8073490,-1.2196352,36.7128582,1
7562,E COLD,ECOLD,"KARURA CHEMIST II  TILL 8073490, MEDPLEX CHEMIST","-1.2196352, -1.4293031","36.7128582, 36.6872005",17
7566,FEXET 180MG,FEXET,KARURA CHEMIST II  TILL 8073490,-1.2196352,36.7128582,5
7567,NILACID 200MLS,NILACID,MEDPLEX CHEMIST,-1.4293031,36.6872005,2
7576,BULKOT CREAM,BULKOT,Mercilin Afya services ,-1.3921923,36.9407301,1
7580,EXIME DS 250MG,CEFUROXIME,"Eloc pharmacy , MEDPLEX CHEMIST","-1.2953742, -1.4293031","36.7455442, 36.6872005",5
7590,DIAGLUC 80MG,DIAGLUC,KARURA CHEMIST II  TILL 8073490,-1.2196352,36.7128582,45
7595,SARA D3 DROPS,SARA,KARURA CHEMIST II  TILL 8073490,-1.2196352,36.7128582,1
7596,MONTIKAST 10MG,MONTIKAST,EMIR HEALTH CENTER ,-1.266125,36.910522,14
7605,GRIPE WATER,WOODWARDS,EMIR HEALTH CENTER ,-1.266125,36.910522,7
7610,COLLACARE FORTE,COLLACARE,KARURA CHEMIST II  TILL 8073490,-1.2196352,36.7128582,30
7613,EPIDERM CREAM,EPIDERM,"ANGELIC STAR PHARMACEUTICALS, Apotek Pharmaceutical, EMIR HEALTH CENTER , Falcon medical clinic , Fast Health Pharmacy , KEGAKA PHARMACY, MEDPLEX CHEMIST","-1.2834847, -1.2885927, -1.266125, -1.2908275, -1.0133967, -1.4293031","36.889222, 36.9504001, 36.910522, 36.7327734, 36.9058388, 36.6872005",18
7616,MEDIVEN OINT,MEDIVEN,MEDPLEX CHEMIST,-1.4293031,36.6872005,10
7618,TETANUS,TETENUS,Jubilee-Care Chemist,-1.1003338,37.0129017,1
7629,UPACOF EXP,UPACOF,"Eloc pharmacy , MEDPLEX CHEMIST, urit medical ","-1.2953742, -1.4293031, -1.1009928","36.7455442, 36.6872005, 37.0129877",8
7630,SURDEX SYR,SURDEX,"ANGELLIC STAR PHARMACY , MEDPLEX CHEMIST","-1.2844625, -1.4293031","36.885289, 36.6872005",12
7631,FLUGONE EX,FLUGONE,"ABM PHARMACY (NGARA STAGE) (Nairobi), ABM PHARMACY LIMITED (Nairobi), ABRAPHARMA PHARMACEUTICALS KASARANI (Nairobi), ACCIPITRIDAE CHEMIST (Nairobi), ACCRA PHARMACY LTD - OPPOSITE MLK HOSP (Nairobi), ACCRA PHARMACY LTD HAKATI (Nairobi), ACCRA-MED CHEMISTS LIMITED (Nairobi), ACE CARE PHARMACEUTICALS  (Nairobi), ACESO PHARMACY WELLNESS PHARMACY KASARANI (Nairobi), ADONISI PHARMACEUTICALS (Nairobi), AFRILIFE CHEMIST LTD (BURUBURU) (Nairobi), AFYACARE PHARMA (Nairobi), AGA KHAN HEALTH  SERVICES,KENYA-RUAI (Nairobi), AGA KHAN HEALTH SERVICES,KENYA - HOMA BAY (Nairobi), AGAROSE PHARMACY (Nairobi), AGMART PHARMACEUTICALS-MUHOHO AVENUE (Nairobi), AHWAN PHARMACEUTICALS LIMITED (Nairobi), AJWA PHARMACEUTICALS LIMITED (Nairobi), AKIMA PHARMACY (Nairobi), AL-AQSA DISPENSING CHEMIST (Nairobi), AL-HARAMAIN PHARMACEUTICAL COMPANY LIMITED (Nairobi), ALANE PHARMACY LTD (Nairobi), ALIF MEDICAL SERVICES LIMITED (Nairobi), ALISON AGROCHEM CHEMISTS LIMITED (Nairobi), ALKEN PHARMACEUTICAL LTD - B-CENTRE (Nairobi), ALKEN PHARMACEUTI","-1.2757621, -1.2848129, -1.2575249, -1.2755888, -1.3066383, -1.2832624, -1.2829416, -1.2333266, -1.2688065, -1.3089651, -1.2616578, -1.2618776, -1.2831312, -1.323767, -1.2589182, -1.2647119, -1.2059489, -1.2715424, -1.2744794, -1.276733, -1.2731049, -1.2253857, -1.2880112, -1.2958752, -1.284749, -1.2172469, -1.1990686, -1.2579931, -1.2705845, -1.2913585, -1.2715203, -1.2849625, -1.2849438, -1.2469388, -1.3139741, -1.2752485, -1.3152957, -1.2834847, -1.2773221, -1.3210273, -1.3211336, -1.2735173, -1.2493027, -1.2786587, -1.2953175, -1.2624961, -1.2816014, -1.2345294, -1.2736832, -1.2694513, -1.3068667, -1.3590694, -1.271185, -1.3138776, -1.2774177, -1.2844938, -1.2920658, -1.3205309, -1.2706834, -1.1835554, -1.2774587, -1.3647519, -1.2964585, -1.2004353, -1.2742434, -1.2741186, -1.317058, -1.1852458, -1.3127776, -1.2323179, -1.272905, -1.2959953, -1.2525589, -1.2523093, -1.277364, -1.3244384, -1.2837102, -1.275237, -1.2763955, -1.291999, -1.2906482, -1.2871746, -1.2846548, -1.2931221, -1.3082142, -1.260093, -1","36.8290212, 36.7530976, 36.9120257, 36.9109491, 36.8024294, 36.8266431, 36.7369557, 36.9294375, 36.8093088, 36.8936368, 36.9759005, 36.8237412, 36.9029929, 36.843886, 36.8142488, 36.8389479, 36.8952592, 36.8478688, 36.8506309, 36.8307703, 36.8512824, 36.9210154, 36.8620558, 36.86992360000001, 36.9000191, 36.8959913, 36.9031977, 36.921258, 36.84557, 36.7339325, 36.89315819999999, 36.987496, 36.9861242, 36.8686616, 36.9012134, 36.910138, 36.823283, 36.889222, 36.8158265, 36.8974843, 36.8006868, 36.96363580000001, 36.6845007, 36.88855, 36.6984177, 36.8222835, 36.818184, 36.9038803, 36.8511881, 36.7998296, 36.8969262, 36.7468779, 36.8493086, 36.8951043, 36.7917285, 36.828068, 36.70374049999999, 36.8466657, 36.9005074, 36.85141, 36.9454922, 36.7995443, 36.9005796, 36.8435388, 36.844201, 36.8959223, 36.9068067, 36.8295928, 36.8035009, 36.851265, 36.8082191, 36.927833, 36.9497128, 36.8760519, 36.8984997, 36.7586288, 36.8219406, 36.8268934, 36.8458016, 36.9029842, 36.89397, 36.8572037, 36.7897254, 36.9118572, 36.8026",17791
7635,WELLWOMAN,WELLWOMAN,EMIR HEALTH CENTER ,-1.266125,36.910522,30
7637,KISS CHOCO.,KISS,"BetahCare Family Health Clinic, Eloc pharmacy ",-1.2953742,36.7455442,15
7638,KISS CLASSIC,KISS,"ANGELIC STAR PHARMACEUTICALS, BetahCare Family Health Clinic, Bonaim pharmacy , Bripamu Medical Stores, Disanjo Chemist , Eloc pharmacy , Falcon medical clinic , Jubilee-Care Chemist, MEDPLEX CHEMIST, Nas Chemist","-1.2834847, -1.2062072, -1.3111251, -1.2650867, -1.2953742, -1.1003338, -1.4293031, 0.5206237","36.889222, 36.89570200000001, 36.8939304, 36.8826178, 36.7455442, 37.0129017, 36.6872005, 35.2762755",267
7639,KISS STRAWBERRY,KISS,"BetahCare Family Health Clinic, Bonaim pharmacy , Eloc pharmacy , Jubilee-Care Chemist, MEDPLEX CHEMIST, Nas Chemist","-1.2062072, -1.2953742, -1.1003338, -1.4293031, 0.5206237","36.89570200000001, 36.7455442, 37.0129017, 36.6872005, 35.2762755",39
7641,GENTAMICIN DROPS,GENTAMICIN,"B-sons pharmacy, Falcon medical clinic , KEGAKA PHARMACY, MEDIBLEND ","-1.2673667, -1.0133967, -1.282731","36.7509204, 36.9058388, 36.7848689",28
7645,LEOCEF 500MG,LEOCEF,"MEDPLEX CHEMIST, SIDAI CHEMIST","-1.4293031, -1.4779526","36.6872005, 36.9577694",729
7653,ASOMEX 2.5MG,ASOMEX,Kyle Pharmacy Ltd,-1.4823349,36.9601443,2
7657,DEEP HEAT RUB,DEEP HEAT,"KARURA CHEMIST II  TILL 8073490, MEDPLEX CHEMIST","-1.2196352, -1.4293031","36.7128582, 36.6872005",14
7662,AMOXICLAV 228,REDAMOX,"Apotek Pharmaceutical, KARURA CHEMIST II  TILL 8073490","-1.2885927, -1.2196352","36.9504001, 36.7128582",6
7665,NASITHIOL PRO,NASITHIOL,"Bonaim pharmacy , MEDPLEX CHEMIST","-1.2062072, -1.4293031","36.89570200000001, 36.6872005",45
7666,AZITHROMYCIN TABS 500,AZYTHROMICIN,"Apotek Pharmaceutical, Bripamu Medical Stores, Eloc pharmacy , Falcon medical clinic , KARURA CHEMIST II  TILL 8073490, Perta Chemist, urit medical ","-1.2885927, -1.3111251, -1.2953742, -1.2196352, -1.1079318, -1.1009928","36.9504001, 36.8939304, 36.7455442, 36.7128582, 37.016326, 37.0129877",217
7669,CLARINASE 14,CLARINASE,MEDPLEX CHEMIST,-1.4293031,36.6872005,120
7686,BABYMOL SUSP,BABYMOL,"Bripamu Medical Stores, CARDINAL CHEMIST, EMIR HEALTH CENTER ","-1.3111251, -1.3958137, -1.266125","36.8939304, 36.7638655, 36.910522",3
7734,ATM SUSP,ATM,MEDPLEX CHEMIST,-1.4293031,36.6872005,8
7737,STRAPPING 2,STRAPPING,MEDPLEX CHEMIST,-1.4293031,36.6872005,3
7750,VOLTAREN TABS,VOLTAREN,MEDPLEX CHEMIST,-1.4293031,36.6872005,16
7751,EROSTIN 10MG,EROSTIN,"Crowmed pharmaceuticals , SIDAI CHEMIST","-1.3621855, -1.4779526","36.6555867, 36.9577694",4
7771,PROMETHAZINE SYR,PROMETHAZINE,"Falcon medical clinic , Fast Health Pharmacy , Jubilee-Care Chemist","-1.2908275, -1.1003338","36.7327734, 37.0129017",19
7773,NASITHIOL INFANT,NASITHIOL,Disanjo Chemist ,-1.2650867,36.8826178,1
7776,LAMITOR 100MG,LAMITOR,KARURA CHEMIST II  TILL 8073490,-1.2196352,36.7128582,1
7786,CHESTCOF 100MLS,FORTE,KARURA CHEMIST II  TILL 8073490,-1.2196352,36.7128582,1
7808,IVYDEXNEOCIN,IVYDEXNEOCIN,MEDPLEX CHEMIST,-1.4293031,36.6872005,2
7819,DERMAZINE 250GM,DERMAZINE,Jubilee-Care Chemist,-1.1003338,37.0129017,1
7824,IMMODIUM CAPS,IMMODIUM,MEDPLEX CHEMIST,-1.4293031,36.6872005,2
7832,VALTAS OD 500MG,VALTAS,KARURA CHEMIST II  TILL 8073490,-1.2196352,36.7128582,28
7833,GLYKOF,GLYKOF,MEDPLEX CHEMIST,-1.4293031,36.6872005,1
7834,CACHET TABS,CACHET,"ANGELIC STAR PHARMACEUTICALS, ANGELLIC STAR PHARMACY ","-1.2834847, -1.2844625","36.889222, 36.885289",287
7851,Cotriviva 480 tablets,Cotriviva,urit medical ,-1.1009928,37.0129877,25
7852,Cotiviva ds 960 Tablets,Cotriviva,urit medical ,-1.1009928,37.0129877,69
7861,Just Zinc 20 Dispersible Tablets,Just Zinc,Falcon medical clinic ,,,108
7869,Avana Hand Sanitizer,Avana,"ABIJO PHARMACY- WANYEE (Nairobi), ABM PHARMACY (NGARA STAGE) (Nairobi), ABM PHARMACY LIMITED (Nairobi), ABRAPHARMA PHARMACEUTICALS KASARANI (Nairobi), ACCIPITRIDAE CHEMIST (Nairobi), ACCRA PHARMACY LTD - OPPOSITE MLK HOSP (Nairobi), ACCRA PHARMACY LTD HAKATI (Nairobi), ACCRA-MED CHEMISTS LIMITED (Nairobi), ACE CARE PHARMACEUTICALS  (Nairobi), ACESO PHARMACY WELLNESS PHARMACY KASARANI (Nairobi), ADONISI PHARMACEUTICALS (Nairobi), AFRILIFE CHEMIST LTD (BURUBURU) (Nairobi), AFYACARE PHARMA (Nairobi), AGA KHAN HEALTH  SERVICES,KENYA-RUAI (Nairobi), AGMART PHARMACEUTICALS-MUHOHO AVENUE (Nairobi), AHWAN PHARMACEUTICALS LIMITED (Nairobi), AJWA PHARMACEUTICALS LIMITED (Nairobi), AKIMA PHARMACY (Nairobi), AL-AQSA DISPENSING CHEMIST (Nairobi), AL-HANAF PHARMACY (Nairobi), ALANE PHARMACY LTD (Nairobi), ALIF MEDICAL SERVICES LIMITED (Nairobi), ALISON AGROCHEM CHEMISTS LIMITED (Nairobi), ALKEN PHARMACEUTICAL LTD (Nairobi), ALKEN PHARMACEUTICAL LTD - B-CENTRE (Nairobi), ALKEN PHARMACEUTICALS LTD (Nairobi), ALKEN PHARMACEUT","-1.2757621, -1.2848129, -1.2172469, -1.2575249, -1.2755888, -1.3066383, -1.2832624, -1.2829416, -1.2333266, -1.2688065, -1.3089651, -1.2616578, -1.323767, -1.2589182, -1.2647119, -1.2059489, -1.2715424, -1.2721321, -1.276733, -1.2731049, -1.2253857, -1.2880112, -1.2958752, -1.3128673, -1.2460403, -1.284749, -1.1990686, -1.2579931, -1.2705845, -1.2913585, -1.2715203, -1.2869817, -1.2597254, -1.2849438, -1.2469388, -1.3139741, -1.2752485, -1.3152957, -1.2185276, -1.2773221, -1.3210273, -1.3211336, -1.2735173, -1.2493027, -1.2786587, -1.2624961, -1.2575724, -1.2816014, -1.2522439, -1.2345294, -1.2736832, -1.2694513, -1.3068667, -1.3590694, -1.271185, -1.2857603, -1.3138776, -1.2774177, -1.2844938, -1.2920658, -1.2520284, -1.1835554, -1.3647519, -1.2607843, -1.2964585, -1.2856445, -1.2004353, -1.2742434, -1.2741186, -1.317058, -1.1852458, -1.3127776, -1.272905, -1.2959953, -1.2525589, -1.2523093, -1.277364, -1.1975121, -1.3244384, -1.284504, -1.2837102, -1.275237, -1.2763955, -1.291999, -1.2871746, -1.2846548, -1","36.8290212, 36.7530976, 36.8959913, 36.9120257, 36.9109491, 36.8024294, 36.8266431, 36.7369557, 36.9294375, 36.8093088, 36.8936368, 36.9759005, 36.843886, 36.8142488, 36.8389479, 36.8952592, 36.8478688, 36.8424626, 36.8307703, 36.8512824, 36.9210154, 36.8620558, 36.86992360000001, 36.889599, 36.87666979999999, 36.9000191, 36.9031977, 36.921258, 36.84557, 36.7339325, 36.89315819999999, 36.8945577, 36.8268476, 36.9861242, 36.8686616, 36.9012134, 36.910138, 36.823283, 36.9025676, 36.8158265, 36.8974843, 36.8006868, 36.96363580000001, 36.6845007, 36.88855, 36.8222835, 36.8117362, 36.818184, 36.8674089, 36.9038803, 36.8511881, 36.7998296, 36.8969262, 36.7468779, 36.8493086, 36.984962, 36.8951043, 36.7917285, 36.828068, 36.7946567, 36.9005074, 36.9454922, 36.8082989, 36.7995443, 36.8297902, 36.9005796, 36.8435388, 36.844201, 36.8959223, 36.9068067, 36.8295928, 36.851265, 36.8082191, 36.927833, 36.9497128, 36.8760519, 36.9025748, 36.8984997, 36.9002232, 36.7586288, 36.8219406, 36.8268934, 36.8458016, 36.89397, 36.85",2096
8008,Deep Heat Spray 150ml,Deep Heat Spray 150ml,MEDPLEX CHEMIST,-1.4293031,36.6872005,4
8158,Pregnacare Plus Tablets 56s,Pregnacare Plus Tablets 56s,MEDPLEX CHEMIST,-1.4293031,36.6872005,56
8165,Relcer Gel 180ml,Relcer Gel 180ml,EMIR HEALTH CENTER ,-1.266125,36.910522,1
8177,Mucosolvan 15mg/5ml Syrup 100ml,Mucosolvan 15mg/5ml Syrup 100ml,"KARURA CHEMIST II  TILL 8073490, MEDPLEX CHEMIST","-1.2196352, -1.4293031","36.7128582, 36.6872005",2
8222,Zentel Suspension 20ml,Zentel Suspension 20ml,MEDPLEX CHEMIST,-1.4293031,36.6872005,27
8231,Seven Seas Cod Liver Oil Syrup 100ml,Seven Seas Cod Liver Oil Syrup 100ml,Jubilee-Care Chemist,-1.1003338,37.0129017,1
8234,Tincture of Iodine 100ml,Tincture of Iodine 100ml,MEDPLEX CHEMIST,-1.4293031,36.6872005,1
8241,Montiget Paediatric Granules Sachets 14s,Montiget Paediatric Granules Sachets 14s,MEDPLEX CHEMIST,-1.4293031,36.6872005,5
8311,Secnidazole 1g Tablets 2s,Secnidazole 1g Tablets 2s,"Jubilee-Care Chemist, MEDPLEX CHEMIST","-1.1003338, -1.4293031","37.0129017, 36.6872005",129
8326,Enzoflam Tablets 30s,Enzoflam Tablets 30s,MEDPLEX CHEMIST,-1.4293031,36.6872005,20
8337,Treviamet 50/500mg Tablets 35s,Treviamet 50/500mg Tablets 35s,MEDPLEX CHEMIST,-1.4293031,36.6872005,23
8365,Cotton Wool 50g,Cotton Wool 50g,EMIR HEALTH CENTER ,-1.266125,36.910522,6
8371,Rhinathiol with Promethazine Syrup 125ml,Rhinathiol with Promethazine Syrup 125ml,Apotek Pharmaceutical,-1.2885927,36.9504001,1
8396,Zyrtec Oral Solution 75ml,Zyrtec Oral Solution 75ml,"Apotek Pharmaceutical, EMIR HEALTH CENTER , MEDPLEX CHEMIST","-1.2885927, -1.266125, -1.4293031","36.9504001, 36.910522, 36.6872005",5
8398,Flagyl 200MG 100ML suspension ,Flagyl 200MG 100ML suspension ,MEDPLEX CHEMIST,-1.4293031,36.6872005,30
8452,Amlozaar-H Tablets 30s,Amlozaar-H Tablets 30s,MEDPLEX CHEMIST,-1.4293031,36.6872005,161
8518,Telmi 40H Tablets 30s,Telmi 40H Tablets 30s,MEDPLEX CHEMIST,-1.4293031,36.6872005,41
8520,Tincture Of Iodine 50ml,Tincture Of Iodine 50ml,DawaPay,,,1
8536,Becoactin Syrup 200ml,Becoactin Syrup 200ml,Jubilee-Care Chemist,-1.1003338,37.0129017,1
8580,ENO Tablets Mint 100s,ENO Tablets Mint 100s,Falcon medical clinic ,,,40
8602,Excel Pure Glucose 50g 1s,Excel Pure Glucose 50g 1s,Nas Chemist,0.5206237,35.2762755,2
8628,Surgical Spirit 500ml,Surgical Spirit 500ml,MEDPLEX CHEMIST,-1.4293031,36.6872005,4
8700,Azithromycin 500mg Tablets 3s,Azithromycin 500mg Tablets 3s,KEGAKA PHARMACY,-1.0133967,36.9058388,29
8734,Buscopan Plus,Buscopan Plus,"Apotek Pharmaceutical, MEDPLEX CHEMIST, Nas Chemist","-1.2885927, -1.4293031, 0.5206237","36.9504001, 36.6872005, 35.2762755",70
8847,Elastoplast Fabric 100s,Elastoplast Fabric 100s,"Bripamu Medical Stores, MEDIBLEND ","-1.3111251, -1.282731","36.8939304, 36.7848689",23
8874,Flucloxacillin 500mg Capsules 100s,Flucloxacillin 500mg Capsules 100s,Apotek Pharmaceutical,-1.2885927,36.9504001,10
8908,Indomethacin 25mg Capsules 100s,Indomethacin 25mg Capsules 100s,"Apotek Pharmaceutical, EMIR HEALTH CENTER , Falcon medical clinic , Nas Chemist, Perta Chemist, ZOLO HEALTHCARE SOLUTIONS","-1.2885927, -1.266125, 0.5206237, -1.1079318","36.9504001, 36.910522, 35.2762755, 37.016326",616
8927,Aerius 0.5mg/ml Solution 60ml,Aerius 0.5mg/ml Solution 60ml,MEDPLEX CHEMIST,-1.4293031,36.6872005,3
9064,BETAMETHASONE VALERATE,BETAMED CREAM,Nas Chemist,0.5206237,35.2762755,2
9080,CEFALEXIN MONOHYDRATE,MEDICEFF DRY POWDER FOR SUSPENSION 125MG/5ML,SIDAI CHEMIST,-1.4779526,36.9577694,1
9081,TETRACYCLINE HYDROCHLORIDE,MEDICYCLINE SKIN OINTMENT,MEDPLEX CHEMIST,-1.4293031,36.6872005,1
9096,AMOXICILLIN,MOXIMED CAPSULES 250MG,MEDIBLEND ,-1.282731,36.7848689,36
9097,AMOXICILLIN,MOXIMED CAPSULES 500MG,SIDAI CHEMIST,-1.4779526,36.9577694,110
9099,AMOXICILLIN,MOXIMED DRY POWDER FOR SUSPENSION 125MG/5ML,MEDPLEX CHEMIST,-1.4293031,36.6872005,1
9125,Albendazole,G-Abzole,RUIRU NURSING HOSPITAL ,,,1
9128,Chlorphenamine Phenylephrine and Paracetamol…,CONTUS Plus Paediatric Suspension,MEDPLEX CHEMIST,-1.4293031,36.6872005,3
9141,Chlorphenamine 2MG Phenylephrine 5MG and…,CONTUS 650 Tablets,"EMIR HEALTH CENTER , KARURA CHEMIST II  TILL 8073490, MEDPLEX CHEMIST","-1.266125, -1.2196352, -1.4293031","36.910522, 36.7128582, 36.6872005",149
9143,Albendazole,Albasol tablets,SIDAI CHEMIST,-1.4779526,36.9577694,2
9170,Aceclofenac and  Paracetamol,ZULU (Aceclofenac 100 mg + Paracetamol 500 mg…,Jubilee-Care Chemist,-1.1003338,37.0129017,3
9183,Clotrimazole vaginal inserts,Imidil vaginal insert,KARURA CHEMIST II  TILL 8073490,-1.2196352,36.7128582,1
9209,Insulin aspart,NovoRapid,PANDE pharmacy ,-1.0569879,37.1106545,1
9212,Levonorgestrel Tablets,P2,urit medical ,-1.1009928,37.0129877,16
9220,Tretinoin  Cream,Acnesol  Cream,"MEDPLEX CHEMIST, Nas Chemist, SIDAI CHEMIST","-1.4293031, 0.5206237, -1.4779526","36.6872005, 35.2762755, 36.9577694",28
9224,Cetirizine Hydrochloride.,Altrine,edlian hope u,0.0,0.0,5
9227,Levonorgestrel and Ethinylestradiol Tablets,Femiplan,SIDAI CHEMIST,-1.4779526,36.9577694,4
9239,Dihydroartemisinin Piperaquine Phosphate,P-Alaxin Oral suspension,EMIR HEALTH CENTER ,-1.266125,36.910522,2
9240,Diloxanide Furoate and Metronidazole Tablets,Difil M,MEDPLEX CHEMIST,-1.4293031,36.6872005,1
9243,ArtemetherLumefantrine,Lonart DS Tablet,EMIR HEALTH CENTER ,-1.266125,36.910522,2
9247,Clobetasol Propionate Miconazole Nitrate &…,SONADERM - GM,SIDAI CHEMIST,-1.4779526,36.9577694,4
9253,Clotrimazole,Clotrine 200mg Vaginal Pessaries.,MEDPLEX CHEMIST,-1.4293031,36.6872005,5
9256,Levocetirizine Hydrochloride and Montelukast…,L Montus,"Jubilee-Care Chemist, MEDPLEX CHEMIST","-1.1003338, -1.4293031","37.0129017, 36.6872005",52
9263,ArtemetherLumefantrine,Lonart 20/120 Oral Suspension,"Apotek Pharmaceutical, MEDPLEX CHEMIST","-1.2885927, -1.4293031","36.9504001, 36.6872005",2
9271,ArtemetherLumefantrine,Lonart Dispersible tablet,Nas Chemist,0.5206237,35.2762755,10
9273,Fluconazole 150 mg,Candizole 150 mg capsules,Apotek Pharmaceutical,-1.2885927,36.9504001,20
9274,Clotrimazole USP,Clotrine-500,MEDPLEX CHEMIST,-1.4293031,36.6872005,1
9275,Erythromycin Stearate,ETHRO-250,BetahCare Family Health Clinic,,,1
9287,Hyoscine butylbromide,Buscopan 10 mg Tablets,"MEDIBLEND , SIDAI CHEMIST","-1.282731, -1.4779526","36.7848689, 36.9577694",57
9302,Acetaminophen,Gacet  125mg suppository,EMIR HEALTH CENTER ,-1.266125,36.910522,3
9304,Dihydroartemisinin Piperaquine Phosphate,P-Alaxin Tablet,"Apotek Pharmaceutical, EMIR HEALTH CENTER ","-1.2885927, -1.266125","36.9504001, 36.910522",5
9306,Diclofenac Sodium ParacetamolChlorzoxazone,Lofnac MR tablet,Jubilee-Care Chemist,-1.1003338,37.0129017,2
9311,Chlorhexidine Gluconate Metronidazole Benzoate…,Quadrajel,KARURA CHEMIST II  TILL 8073490,-1.2196352,36.7128582,1
9330,Albendazole Oral Suspension,ABZ suspension,"Apotek Pharmaceutical, BetahCare Family Health Clinic, EMIR HEALTH CENTER , Fast Health Pharmacy , Jubilee-Care Chemist, KARURA CHEMIST II  TILL 8073490, KEGAKA PHARMACY, MEDPLEX CHEMIST, Nas Chemist, Perta Chemist, SIDAI CHEMIST","-1.2885927, -1.266125, -1.2908275, -1.1003338, -1.2196352, -1.0133967, -1.4293031, 0.5206237, -1.1079318, -1.4779526","36.9504001, 36.910522, 36.7327734, 37.0129017, 36.7128582, 36.9058388, 36.6872005, 35.2762755, 37.016326, 36.9577694",175
9331,Albendazole Tablets,ABZ Tablets,"EMIR HEALTH CENTER , Fast Health Pharmacy , Jubilee-Care Chemist, MEDPLEX CHEMIST, Nas Chemist, Perta Chemist, urit medical ","-1.266125, -1.2908275, -1.1003338, -1.4293031, 0.5206237, -1.1079318, -1.1009928","36.910522, 36.7327734, 37.0129017, 36.6872005, 35.2762755, 37.016326, 37.0129877",118
9343,Azithromycin Suspension,ATM-200,urit medical ,-1.1009928,37.0129877,1
9345,Paracetamol Pseudoephedrine HCl   Caffeine…,Coldcap original capsules,"Jubilee-Care Chemist, MEDIBLEND , MEDPLEX CHEMIST, nourish & bloom pharmacy, SIDAI CHEMIST","-1.1003338, -1.282731, -1.4293031, -1.266308, -1.4779526","37.0129017, 36.7848689, 36.6872005, 36.8117356, 36.9577694",413
9347,Azithromycin Tablets 500 mg,ATM-500,"MEDPLEX CHEMIST, SIDAI CHEMIST","-1.4293031, -1.4779526","36.6872005, 36.9577694",12
9348,CIPROFLOXACIN AND DEXAMETHASONE EYE/EAR DROPS,CEPROLEN-D EYE DROPS,MEDPLEX CHEMIST,-1.4293031,36.6872005,2
9356,Clotrimazole Cream USP,Clob cream,SIDAI CHEMIST,-1.4779526,36.9577694,2
9358,Pregabalin 75mg,Epibalin 75mg Capsules,MEDPLEX CHEMIST,-1.4293031,36.6872005,76
9363,Dicycloverine Hydrochloride and Paracetamol…,Cyclopam P Tablets,Jubilee-Care Chemist,-1.1003338,37.0129017,2
9369,AZITHROMYCIN DIHYDRATE USP,ZITHROX 500 FILM COATED TABLETS,KARURA CHEMIST II  TILL 8073490,-1.2196352,36.7128582,2
9375,AZITHROMYCIN DIHYDRATE USP,ZITHROX 250 FILM  COATED TABLETS,MEDPLEX CHEMIST,-1.4293031,36.6872005,14
9393,Doxylamine Succinate and Pyridoxine Hydrochloride…,Nosic Tablets,"edlian hope u, Falcon medical clinic , Nas Chemist","0.0, 0.5206237","0.0, 35.2762755",57
9395,Paracetamol  Chlorpheniramine Maleate…,Coldcap syrup,"EMIR HEALTH CENTER , SIDAI CHEMIST","-1.266125, -1.4779526","36.910522, 36.9577694",17
9409,TINIDAZOLE,AMTIBA TABLETS,Jubilee-Care Chemist,-1.1003338,37.0129017,8
9429,Losartan potassium & Hydrochlorothiazide.,Presartan-H 50mg,"Apotek Pharmaceutical, Jubilee-Care Chemist","-1.2885927, -1.1003338","36.9504001, 37.0129017",154
9466,Griseofulvin BP,Grisofulvin-250,MEDPLEX CHEMIST,-1.4293031,36.6872005,370
9469,Zinc sulphate monohydrate B.P.,Zeenk,"Apotek Pharmaceutical, SIDAI CHEMIST","-1.2885927, -1.4779526","36.9504001, 36.9577694",15
9488,Alpha AmylasePapaineDill OilAnise OilCaraway Oil,Neopeptine RB Drops,Jubilee-Care Chemist,-1.1003338,37.0129017,1
9490,DOMPERIDONE,DOMPERON TABLETS,MEDPLEX CHEMIST,-1.4293031,36.6872005,29
9525,Miconazole nitrate,Zarin cream,urit medical ,-1.1009928,37.0129877,1
9526,Diphenhydramine HCl BP sodium citrate menthol,Delased Paediatric syrup,"EMIR HEALTH CENTER , MEDPLEX CHEMIST","-1.266125, -1.4293031","36.910522, 36.6872005",3
9529,Miconazole Nitrate,Dermidex cream,EMIR HEALTH CENTER ,-1.266125,36.910522,1
9537,Azithromycin,Azin 500 tablet,Jubilee-Care Chemist,-1.1003338,37.0129017,3
9538,Ketoconazole U.S.P.,Ketoziral 200mg tablets,ANGELIC STAR PHARMACEUTICALS,-1.2834847,36.889222,30
9553,Domperidone Maleate BP,Don- A tablets,EMIR HEALTH CENTER ,-1.266125,36.910522,10
9558,AMPICILLIN TRIHYDRATE & CLOXACILLIN SODIUM,AMPICLO-DAWA 500 CAPSULES,"Jubilee-Care Chemist, SIDAI CHEMIST","-1.1003338, -1.4779526","37.0129017, 36.9577694",80
9577,Chlorpheniramine Maleate,Dawa-CPM Syrup,"EMIR HEALTH CENTER , MEDPLEX CHEMIST","-1.266125, -1.4293031","36.910522, 36.6872005",21
9580,Chlorpheniramine maleate,Dawa-CPM tablets,"MEDIBLEND , Nas Chemist","-1.282731, 0.5206237","36.7848689, 35.2762755",382
9585,Levofloxacin Hemihydrate,Levocin Infusion,THE MUTHAMI  HOSPITAL ,-1.214086,36.7222231,5
9591,Ascorbic acid,Ascorbic acid 100mg tablets,EMIR HEALTH CENTER ,-1.266125,36.910522,260
9595,Carbamazepine.,Neurotrol 200 mg.,MEDPLEX CHEMIST,-1.4293031,36.6872005,430
9602,Griseofulvin,Grisactin tablets,"MEDIBLEND , MEDPLEX CHEMIST","-1.282731, -1.4293031","36.7848689, 36.6872005",534
9620,Hydrocortisone,Dawa-cort cream,BetahCare Family Health Clinic,,,5
9639,Flucloxacillin sodium,Dawaflox  250mg capsule,EMIR HEALTH CENTER ,-1.266125,36.910522,13
9649,Flucloxacillin  sodium,Dawaflox  500mg capsule,"EMIR HEALTH CENTER , Jubilee-Care Chemist, MEDIBLEND , MEDPLEX CHEMIST","-1.266125, -1.1003338, -1.282731, -1.4293031","36.910522, 37.0129017, 36.7848689, 36.6872005",336
9650,Flucloxacillin sodium,Dawa-flox Powder for Oral Solution,Apotek Pharmaceutical,-1.2885927,36.9504001,2
9655,"Diphenhydramine HCl, Ephedrine HCl, Ammonium…",Dawahist expectorant  syrup,MEDIBLEND ,-1.282731,36.7848689,1
9660,Promethazine HCl,Dawa-prom syrup,MEDPLEX CHEMIST,-1.4293031,36.6872005,4
9662,Amoxicillin sodium clavulanate potassium,ACINET 625,MEDPLEX CHEMIST,-1.4293031,36.6872005,26
9703,Nystatin,Dawastin oral suspension,"Apotek Pharmaceutical, EMIR HEALTH CENTER , MEDIBLEND ","-1.2885927, -1.266125, -1.282731","36.9504001, 36.910522, 36.7848689",8
9706,Ofloxacin & Ornidazole Tablets,AGIFLO-OZ TABLETS,Jubilee-Care Chemist,-1.1003338,37.0129017,10
9707,CHLORPHENIRAMINE GUAIPHENESIN AMMONIUM CHLORIDE.,CADIPHEN EXPECTORANT,MEDPLEX CHEMIST,-1.4293031,36.6872005,6
9712,Levofloxacin Tablets USP 500mg,AGILEVO  500,urit medical ,-1.1009928,37.0129877,4
9714,Bismuth Subgallate  Bismuth Oxide Zinc Oxide,Anusol Suppositories,MEDIBLEND ,-1.282731,36.7848689,5
9727,Rivaroxaban,XARELTO,KARURA CHEMIST II  TILL 8073490,-1.2196352,36.7128582,7
9733,Metronidazole,Eflaron 200mg tablet,"Fast Health Pharmacy , MEDPLEX CHEMIST","-1.2908275, -1.4293031","36.7327734, 36.6872005",26
9734,Metronidazole Benzoate,Eflaron suspension,MEDIBLEND ,-1.282731,36.7848689,10
9735,Metronidazole,Eflaron 400mg tablets,"EMIR HEALTH CENTER , MEDPLEX CHEMIST, ZOLO HEALTHCARE SOLUTIONS","-1.266125, -1.4293031","36.910522, 36.6872005",643
9738,Magnesium  Trisilicate BP Aluminium Hydroxide BP,Magnomint Tablets,Fast Health Pharmacy ,-1.2908275,36.7327734,15
9744,Metronidazole & Diloxanide furoate,Eflaron plus tablet,"EMIR HEALTH CENTER , Jubilee-Care Chemist, MEDPLEX CHEMIST","-1.266125, -1.1003338, -1.4293031","36.910522, 37.0129017, 36.6872005",547
9751,LOSARTAN POTASSIUM USP,CARDITAN 50MG FILM COATED TABLETS,"EMIR HEALTH CENTER , MEDIBLEND ","-1.266125, -1.282731","36.910522, 36.7848689",128
9753,Diclofenac Diethylamine   BP,Adiflam Gel,"MEDPLEX CHEMIST, Nas Chemist","-1.4293031, 0.5206237","36.6872005, 35.2762755",16
9758,Erythromycin Stearate,Erythrox  500mg tablets,MEDPLEX CHEMIST,-1.4293031,36.6872005,50
9763,Sulphadoxine  & Pyrimethamine,Fanlar tablets,"MEDIBLEND , MEDPLEX CHEMIST, SIDAI CHEMIST","-1.282731, -1.4293031, -1.4779526","36.7848689, 36.6872005, 36.9577694",15
9788,CIPROFLOXACIN,CIPRODAC 500,Jubilee-Care Chemist,-1.1003338,37.0129017,138
9799,Hyoscine- N-butylbromide,Hycin syrup,MEDPLEX CHEMIST,-1.4293031,36.6872005,3
9830,Norethisterone,PRIMOLUT N,Fast Health Pharmacy ,-1.2908275,36.7327734,6
9839,CETRIZINE DIHYDROCHLORIDE TABLETS 10MG,ZIMAT,urit medical ,-1.1009928,37.0129877,199
9854,PARACETAMOL,PARACETAMOL TABLET BP,Nas Chemist,0.5206237,35.2762755,475
9861,Levonorgestrel BP,Emcon 0.75 mg Tablet,"Jubilee-Care Chemist, SIDAI CHEMIST","-1.1003338, -1.4779526","37.0129017, 36.9577694",5
9967,Tetanus Vaccine Adsorbed,Tetanus  Vaccine Adsorbed,Falcon medical clinic ,,,14
9974,Amoxicillin Trihydrate,Moxacil 500mg capsules,MEDPLEX CHEMIST,-1.4293031,36.6872005,1310
10000,Salbutamol Sulphate,Sabulin syrup,"Falcon medical clinic , MEDPLEX CHEMIST",-1.4293031,36.6872005,5
10028,Sulphamethoxazole & Trimethoprim,Trimoxol Suspension,Jubilee-Care Chemist,-1.1003338,37.0129017,2
10033,Albendazole,Normnil Suspension,Jubilee-Care Chemist,-1.1003338,37.0129017,2
10034,Paracetamol,Curamol 500mg tablets,EMIR HEALTH CENTER ,-1.266125,36.910522,52
10044,Methyl salicylate  Methyl nicotinate Ethyl…,DEEP HEAT SPRAY,KARURA CHEMIST II  TILL 8073490,-1.2196352,36.7128582,1
10055,"Diphenhydramine HCL, Dextromethorphan HBR &…",Dacof Dry Syrup,EMIR HEALTH CENTER ,-1.266125,36.910522,2
10062,"Paracetamol ,  Caffeine Anhydrous, …",Dacold Capsules,MEDPLEX CHEMIST,-1.4293031,36.6872005,61
10111,Ambroxol Hydrochloride Salbutamol Sulphate…,Brozelin syr,KEGAKA PHARMACY,-1.0133967,36.9058388,3
10138,"Dexamethasone, Polymixin B Sulphate, Neomycin…",Maxitrol Eye Ointment,Jubilee-Care Chemist,-1.1003338,37.0129017,1
10157,Paracetamol,Parol suspension,EMIR HEALTH CENTER ,-1.266125,36.910522,5
10215,Cefadroxil,DROX 500 (Cefadroxil Capsules BP 500 mg),SIDAI CHEMIST,-1.4779526,36.9577694,30
10231,Vitamin B1 USP (As Mononitrate) Vitamin B6 USP   …,Neuro Forte Tablets,"MEDIBLEND , Nas Chemist","-1.282731, 0.5206237","36.7848689, 35.2762755",24
10235,Cetirizine Hydrochloride,Alatrol Syrup,BetahCare Family Health Clinic,,,2
10237,Cetirizine Hydrochloride,Alatrol Tablet,BetahCare Family Health Clinic,,,36
10241,Ciprofloxacin Tablets USP 500mg,Ciprofloxacin Tablets  USP  500mg,Perta Chemist,-1.1079318,37.016326,10
10243,Cotrimoxazole Tablets  BP 960mg,Cotrimoxazole Tablets  BP 960mg,edlian hope u,0.0,0.0,10
10265,Ambroxol HCl,Ambrox Syrup,MEDPLEX CHEMIST,-1.4293031,36.6872005,5
10289,Ciprofloxacin Hydrochloride BP,Ciproleb-500 Tablet,"KARURA CHEMIST II  TILL 8073490, memah bestcare pharmacy, Nas Chemist","-1.2196352, -0.3076936, 0.5206237","36.7128582, 38.2196697, 35.2762755",30
10290,Ceftriaxone,Ceftron 1gm IM/IV Injection,EMIR HEALTH CENTER ,-1.266125,36.910522,14
10297,Ibuprofen Tablets BP,Ibut-200 Tablet,SIDAI CHEMIST,-1.4779526,36.9577694,10
10299,Ibuprofen Tablets BP,Ibut-400 Tablet,SIDAI CHEMIST,-1.4779526,36.9577694,52
10359,Atenolol,ATENOL 50,EMIR HEALTH CENTER ,-1.266125,36.910522,40
10364,Sulphur,Sulphur ointment,EMIR HEALTH CENTER ,-1.266125,36.910522,1
10372,Diclofenac Sodium BP,RUFENAC - 50 TABLETS,"EMIR HEALTH CENTER , Jubilee-Care Chemist","-1.266125, -1.1003338","36.910522, 37.0129017",42
10380,Paracetamol BP Ibuprofen BP & Caffeine BP,IBUCAP CAPSULES,"MEDPLEX CHEMIST, SIDAI CHEMIST","-1.4293031, -1.4779526","36.6872005, 36.9577694",35
10388,Fexofenadine HCl,Fexet 120 mg Tablets,SIDAI CHEMIST,-1.4779526,36.9577694,6
10392,Montelukast Sodium,Montiget 10 mg Tablets,"Jubilee-Care Chemist, MEDIBLEND ","-1.1003338, -1.282731","37.0129017, 36.7848689",97
10402,Aceclofenac BPParacetamol BP and Chlorzoxazone Usp,Rilif MR Tablets,"EMIR HEALTH CENTER , KARURA CHEMIST II  TILL 8073490, MEDIBLEND , MEDPLEX CHEMIST, Nas Chemist, SIDAI CHEMIST","-1.266125, -1.2196352, -1.282731, -1.4293031, 0.5206237, -1.4779526","36.910522, 36.7128582, 36.7848689, 36.6872005, 35.2762755, 36.9577694",135
10418,Hyosine ButylBromide,Hyospan Elixir,THE MUTHAMI  HOSPITAL ,-1.214086,36.7222231,3
10434,Diphenhydramine HCl B.P Promethazine HCl B.P…,Tricohist Expectorant,Jubilee-Care Chemist,-1.1003338,37.0129017,3
10439,FRAMYCETIN + DEXAMETHASONE PHOSPHATE + GRAMICIDIN,FRAMYDEX EYE/EAR DROPS,MEDPLEX CHEMIST,-1.4293031,36.6872005,1
10465,ORNIDAZOLE,DIAROBIC,SIDAI CHEMIST,-1.4779526,36.9577694,1
10476,Amitriptyline,Amitriptyline Tablets 25 mg,MEDPLEX CHEMIST,-1.4293031,36.6872005,130
10488,Losartan+Hydrochlorothiazide,LOSARTAS-HT,"KEGAKA PHARMACY, MEDPLEX CHEMIST","-1.0133967, -1.4293031","36.9058388, 36.6872005",516
10508,Amoxicillin Trihydrate USP and Diluted Potassium…,CLAXY 228.5 DRY SYRUP,MEDPLEX CHEMIST,-1.4293031,36.6872005,2
10552,BROMAZEPAM,LEXOTANIL 3MG,MEDPLEX CHEMIST,-1.4293031,36.6872005,30
10613,BETAMETHASONE AND DEXCHLORPHENIRAMINE TABLETS,STERAMINE TABLETS,SIDAI CHEMIST,-1.4779526,36.9577694,2
10619,Azithromycin,AGYCIN SUSPENSION,SIDAI CHEMIST,-1.4779526,36.9577694,1
10621,ESOMEPRAZOLE 40 MG TABLET,ESOSTAR 40,MEDPLEX CHEMIST,-1.4293031,36.6872005,10
10632,Aceclofenac BP,Galaxys Lysodol100 Tablets,EMIR HEALTH CENTER ,-1.266125,36.910522,3
10742,ESOMEPRAZOLE 40MG,NEXIOLE,MEDPLEX CHEMIST,-1.4293031,36.6872005,5
10750,DEFLAZACORT,DYNACORT 6MG,Fast Health Pharmacy ,-1.2908275,36.7327734,5
10767,Azithromycin,AGYCIN 250 TABLETS,EMIR HEALTH CENTER ,-1.266125,36.910522,6
10781,PARACETAMOL BP,PAMOL SUSPENSION,THE MUTHAMI  HOSPITAL ,-1.214086,36.7222231,1
10813,Tramadol Hydrochloride,ZIMADOL 50,Nas Chemist,0.5206237,35.2762755,60
10837,Montelukast Sodium BP & Levocetirizine…,VOKAST,KARURA CHEMIST II  TILL 8073490,-1.2196352,36.7128582,30
10888,Carbocisteine and Promethazine Hydrochloride.,RYNIZ PROMETHAZINE SYRUP,MEDPLEX CHEMIST,-1.4293031,36.6872005,3
10940,NIFEDIPINE,NIFELONG ER-20,"EMIR HEALTH CENTER , MEDPLEX CHEMIST","-1.266125, -1.4293031","36.910522, 36.6872005",973
10952,"LANSOPRAZOLE, TINIDAZOLE , CLARITHROMYCIN.",SURE KIT,SIDAI CHEMIST,-1.4779526,36.9577694,1
10956,"DIPHENHYDRAMINE HYDROCHLORIDE, CHLORPHENIRAMINE…",KOFGON,MEDPLEX CHEMIST,-1.4293031,36.6872005,46
10984,Ceftriaxone Sodium,GALAXY'S SEFIN,ANGELIC STAR PHARMACEUTICALS,-1.2834847,36.889222,1
11040,Betamethasone USP and Dexchlorpheniramine Maleate…,CELABET SYRUP,Nas Chemist,0.5206237,35.2762755,15
11056,azithromycin,Izzithree Suspension,"Jubilee-Care Chemist, MEDPLEX CHEMIST, SIDAI CHEMIST","-1.1003338, -1.4293031, -1.4779526","37.0129017, 36.6872005, 36.9577694",27
11081,Amoxicillin and Clavulanate Potassium Tablets USP,Indclav 375,MEDPLEX CHEMIST,-1.4293031,36.6872005,1
11085,Amoxicillin sodium clavulanate potassiuM,ACINET 156 DRY SYRUP,MEDPLEX CHEMIST,-1.4293031,36.6872005,2
11089,Fluconazole,Flugal Suspension,MEDPLEX CHEMIST,-1.4293031,36.6872005,3
11109,Meloxicam,MEXIC 15,Fast Health Pharmacy ,-1.2908275,36.7327734,5
11136,Hyoscine butylbromide and paracetamol,Buscopan Plus Tablets,"EMIR HEALTH CENTER , Jubilee-Care Chemist","-1.266125, -1.1003338","36.910522, 37.0129017",36
11145,DOXYCYCLINE HYDROCHLORIDE,DOXYCYCLINE CAPSULES,Jubilee-Care Chemist,-1.1003338,37.0129017,60
11183,ACETYLSALICYLIC ACID,ASCARD-75 Tablets,MEDPLEX CHEMIST,-1.4293031,36.6872005,180
11198,DOXYCYCLINE HYCLATE,CAREDOXY CAPSULES,MEDIBLEND ,-1.282731,36.7848689,5
11200,"Sulphamethoxazole, Trimethoprim",LECOTRIM SUSPENSION,"memah bestcare pharmacy, SIDAI CHEMIST","-0.3076936, -1.4779526","38.2196697, 36.9577694",3
11204,Salbutamol,Ventolin Evohaler,KARURA CHEMIST II  TILL 8073490,-1.2196352,36.7128582,1
11213,Magnesium trisilicate and Dried aluminium…,Tryactin suspension,BetahCare Family Health Clinic,,,2
11223,Clotrimazole,Candid V3,MEDPLEX CHEMIST,-1.4293031,36.6872005,1
11227,Amoxicillin sodium clavulanate potassium,ACINET 228 DRY SYRUP,"KARURA CHEMIST II  TILL 8073490, MEDPLEX CHEMIST, SIDAI CHEMIST","-1.2196352, -1.4293031, -1.4779526","36.7128582, 36.6872005, 36.9577694",23
11233,Amlodipine Besylate,Amlibon,KerRan Pharma,,,1
11265,Cetirizine hydrochloride B.P,Alzinex syrup,Jubilee-Care Chemist,-1.1003338,37.0129017,5
11274,ATENOLOL BP,CARDINOL 50MG FILM COATED TABLETS,"EMIR HEALTH CENTER , MEDIBLEND ","-1.266125, -1.282731","36.910522, 36.7848689",34
11277,Divaproex Na.,VALTAS OD-750mg,MEDPLEX CHEMIST,-1.4293031,36.6872005,295
11302,Ibuprofen,Medifen 400,edlian hope u,0.0,0.0,2
11316,ACESULFAME POTASSIUM BP AND ASPARTAME USP,ASPASWEET TABLETS,MEDPLEX CHEMIST,-1.4293031,36.6872005,1
11359,Paracetamol Ph. Eur.,Cipladon 1000 Tablets,"ANGELIC STAR PHARMACEUTICALS, EMIR HEALTH CENTER , MEDPLEX CHEMIST, Nas Chemist, SIDAI CHEMIST","-1.2834847, -1.266125, -1.4293031, 0.5206237, -1.4779526","36.889222, 36.910522, 36.6872005, 35.2762755, 36.9577694",105
11364,Chlorapheniramine maleate BP Ammonium chloride BP…,Alcof cough Expectorant,MEDPLEX CHEMIST,-1.4293031,36.6872005,51
11372,Soluble Paracetamol Tablets BP 500 mg,Fizzmol - 500 Tablets,Fast Health Pharmacy ,-1.2908275,36.7327734,4
11373,Artemether and Lumefantrine Tablets,SHAL'ARTEM TABLETS,ANGELIC STAR PHARMACEUTICALS,-1.2834847,36.889222,2
11483,"CARBOCISTEIN,PROMETHAZINE",NASITHIOL PROMETHAZINE SYRUP,"ANGELIC STAR PHARMACEUTICALS, EMIR HEALTH CENTER ","-1.2834847, -1.266125","36.889222, 36.910522",2
11492,"TRAMADOL INJ. 50mg/ml, 2ml",TRAMADOL INJ.,memah bestcare pharmacy,-0.3076936,38.2196697,1
11511,"Cyproheptadine HCl USP, Thiamine HCL BP, Vitamin…",CYPRO B PLUS SYRUP,Jubilee-Care Chemist,-1.1003338,37.0129017,1
11517,Cefixime,CEFIZ 400,SIDAI CHEMIST,-1.4779526,36.9577694,5
11541,Tinidazole USP,TINIDAMED,urit medical ,-1.1009928,37.0129877,26
11554,"Amoxicillin , Clarithromycin & Esomeprazole",Esofag - Kit,MEDPLEX CHEMIST,-1.4293031,36.6872005,9
11603,Salbutamol Pressurised Inhalation,TAVENT 100 INHALER,MEDPLEX CHEMIST,-1.4293031,36.6872005,6
11604,Piroxicam,PIROXICAM CAPSULES,Fast Health Pharmacy ,-1.2908275,36.7327734,38
11686,Furosemide,Furosemide,MEDPLEX CHEMIST,-1.4293031,36.6872005,2
11717,Clarithromycin USP,Aziclar 500mg Tablets,SIDAI CHEMIST,-1.4779526,36.9577694,10
11767,"Amoxicillin Trihydrate BP, Diluted Potassium…",CLAMOXIN 457 ORAL SUSPENSION,MEDPLEX CHEMIST,-1.4293031,36.6872005,1
11800,Ofloxacin and Ornidazole,COMBICOR,urit medical ,-1.1009928,37.0129877,1
11807,Pregabalin,VITAGAB 75MG,Fast Health Pharmacy ,-1.2908275,36.7327734,5
11873,Amoxicillin sodium clavulanate potassiuM,ACINET 1000,"MEDPLEX CHEMIST, SIDAI CHEMIST","-1.4293031, -1.4779526","36.6872005, 36.9577694",28
11899,Telmisartan hydrchlorothiazide,TELMI 40H,KARURA CHEMIST II  TILL 8073490,-1.2196352,36.7128582,1
11905,Chlorpheniramine Maleate   Pseudoephedrine HCl BP…,Trimex Paediatric,EMIR HEALTH CENTER ,-1.266125,36.910522,1
11916,Anti Rabies Vaccine,Speeda Vaccine,KARURA CHEMIST II  TILL 8073490,-1.2196352,36.7128582,1
11937,Sitagliptin + Metformin HCl,Treviamet 50 mg + 1000 mg Tablets,"EMIR HEALTH CENTER , KEGAKA PHARMACY, MEDPLEX CHEMIST","-1.266125, -1.0133967, -1.4293031","36.910522, 36.9058388, 36.6872005",101
11943,GLUCOSE BP SODIUM CHLORIDE BP SODIUM CITRATE …,LYFE ORS,EMIR HEALTH CENTER ,-1.266125,36.910522,13
11963,DRIED FERROUS SULPHATE,FERROUS SULPHATE TABLETS,MEDPLEX CHEMIST,-1.4293031,36.6872005,30
11965,Chlorpheniramine Maleate B.P.,Piriclor Tablets,"EMIR HEALTH CENTER , KEGAKA PHARMACY, MEDPLEX CHEMIST, Perta Chemist","-1.266125, -1.0133967, -1.4293031, -1.1079318","36.910522, 36.9058388, 36.6872005, 37.016326",907
11970,Metronidazole Benzoyloxylate,Trogyl Suspension,"ANGELIC STAR PHARMACEUTICALS, MEDPLEX CHEMIST","-1.2834847, -1.4293031","36.889222, 36.6872005",6
11993,"Magaldrate, Simethicone",MAGNACID GEL,MEDPLEX CHEMIST,-1.4293031,36.6872005,8
12031,Propranolol,Propranolol 40mg Tablest,EMIR HEALTH CENTER ,-1.266125,36.910522,46
12033,Ciprofloxacin,Ciprointa-500mg,"EMIR HEALTH CENTER , MEDPLEX CHEMIST, SIDAI CHEMIST","-1.266125, -1.4293031, -1.4779526","36.910522, 36.6872005, 36.9577694",16
12050,Desloratadine,AERIUS tablets,MEDPLEX CHEMIST,-1.4293031,36.6872005,8
12068,Betamethasone and Dexchlorpheniramine maleate,Celestamine Tablets,Jubilee-Care Chemist,-1.1003338,37.0129017,82
12070,Tetracycline 1% w/w,TETRACYCLINE EYE OINTMENT,"Apotek Pharmaceutical, KARURA CHEMIST II  TILL 8073490","-1.2885927, -1.2196352","36.9504001, 36.7128582",5
12086,Domperidone,Ridon,KEGAKA PHARMACY,-1.0133967,36.9058388,13
12111,Esomeprazole (as magnesium trihydrate),Nexium 40 mg Tablets,EMIR HEALTH CENTER ,-1.266125,36.910522,10
12125,Salbutamol Sulphate,Medisalant,MEDIBLEND ,-1.282731,36.7848689,1
12155,Silver Sulfadiazine USP,FLAZINE CREAM,EMIR HEALTH CENTER ,-1.266125,36.910522,1
12162,CETRIZINE HCL,ZYCET TABLETS,"KARURA CHEMIST II  TILL 8073490, MEDIBLEND , MEDPLEX CHEMIST","-1.2196352, -1.282731, -1.4293031","36.7128582, 36.7848689, 36.6872005",837
12196,Montelukast Sodium,LUXAT 10MG FILM COATED TABLETS,Apotek Pharmaceutical,-1.2885927,36.9504001,43
12264,Sodium Alginate and Sodium Bicarbonate,Beta Cool Double Action Suspension,MEDPLEX CHEMIST,-1.4293031,36.6872005,4
12272,Levocetrizine Dihydrochloride BP,Enlev Syrup,ANGELIC STAR PHARMACEUTICALS,-1.2834847,36.889222,1
12291,Fluconazole Tablets USP,Fluconazole Tablets USP 150 mg,Perta Chemist,-1.1079318,37.016326,6
12311,PREDNISOLONE BP,COPRED TABLETS,edlian hope u,0.0,0.0,6
12335,Paracetamol,PARADOL,SIDAI CHEMIST,-1.4779526,36.9577694,1
12351,Carvedilol,Carvetrol 3.125mg Tablets,SAMIALBA,-1.279668,36.82553,30
12392,Chewable Montelukast Tablets BP,MONTIKAST-4,MEDPLEX CHEMIST,-1.4293031,36.6872005,39
12402,Magaldrate and Simethicone,Magsim suspension,MEDPLEX CHEMIST,-1.4293031,36.6872005,2
12417,Diphenhydramine HCL and Ammonium Chloride,DEKOZI EXPECTORANT,ANGELIC STAR PHARMACEUTICALS,-1.2834847,36.889222,1
12457,"Ibuprofen, Paracetamol & Caffeine",IBUCAP FORTE CAPSULES,MEDPLEX CHEMIST,-1.4293031,36.6872005,50
12514,Amoxycillin + clavulanic acid,Clavulin Suspension 228mg/5ml,SIDAI CHEMIST,-1.4779526,36.9577694,1
12526,"Aceclofenac, Paracetamol, Chlorzoxazone",GALAXY'S LYSODOL MR TABLETS,Jubilee-Care Chemist,-1.1003338,37.0129017,31
12539,Ceftriaxone Sodium,GALAXY'S SEFIN,Jubilee-Care Chemist,-1.1003338,37.0129017,8
12578,Betamethasone Dipropionate cream USP,DIPROSON CREAM,"Jubilee-Care Chemist, MEDPLEX CHEMIST","-1.1003338, -1.4293031","37.0129017, 36.6872005",15
12579,"PARACETAMOL, CODEINE PHOSPHATE, DOXYLAMINE…",VITAPYN,Jubilee-Care Chemist,-1.1003338,37.0129017,2
12598,Mefenamic acid,Meflam Capsules 250mg,Jubilee-Care Chemist,-1.1003338,37.0129017,10
12612,"ciprofloxacin hcl, beclomethasone dipropionate ,…",Otobiotic Ear Drops,EMIR HEALTH CENTER ,-1.266125,36.910522,1
12639,Domperidone,Deflux Suspension,MEDPLEX CHEMIST,-1.4293031,36.6872005,1
12653,Ampicillin+Cloxacillin,Ampiclox 250mg/5ml Syrup,KARURA CHEMIST II  TILL 8073490,-1.2196352,36.7128582,3
12655,Glycyrrhiza  menthol  anise  capsicum  pine…,COFTA Tablets,"Bripamu Medical Stores, MEDPLEX CHEMIST","-1.3111251, -1.4293031","36.8939304, 36.6872005",22
12661,Albendazole USP,TANZOL TABLETS,"ANGELIC STAR PHARMACEUTICALS, Jubilee-Care Chemist, MEDPLEX CHEMIST, SIDAI CHEMIST","-1.2834847, -1.1003338, -1.4293031, -1.4779526","36.889222, 37.0129017, 36.6872005, 36.9577694",79
12666,Ambroxol hydrochloride,Mucosolvan Syrup,Jubilee-Care Chemist,-1.1003338,37.0129017,1
12694,Albenzadole,Zentel Tablets,"MEDIBLEND , MEDPLEX CHEMIST, Perta Chemist, SIDAI CHEMIST","-1.282731, -1.4293031, -1.1079318, -1.4779526","36.7848689, 36.6872005, 37.016326, 36.9577694",15
12698,Doxycycline,Biodox Capsules,EMIR HEALTH CENTER ,-1.266125,36.910522,20
12700,Levonorgestrel,Postinor-2 tablets,"EMIR HEALTH CENTER , Jubilee-Care Chemist, Perta Chemist","-1.266125, -1.1003338, -1.1079318","36.910522, 37.0129017, 37.016326",76
12704,THEOPHYLLINE ANHYDROUS & EPHEDRINE HCl TABLETS,GIFOL TABLETS,"EMIR HEALTH CENTER , SIDAI CHEMIST","-1.266125, -1.4779526","36.910522, 36.9577694",67
12740,Tinidazole,Tynazole tablets,EMIR HEALTH CENTER ,-1.266125,36.910522,1
12764,TRAMADOL HYDROCHLORIDE BP,METADOL CAPSULES,Jubilee-Care Chemist,-1.1003338,37.0129017,3
12809,Loratidine,Claritine Syrup,EMIR HEALTH CENTER ,-1.266125,36.910522,1
12811,Betamethasone Dipropionate,Diprosone Ointment,EMIR HEALTH CENTER ,-1.266125,36.910522,3
12830,ALBENDAZOLE B.P,OLWORM TABLETS,"MEDPLEX CHEMIST, SIDAI CHEMIST","-1.4293031, -1.4779526","36.6872005, 36.9577694",99
12840,Micronised purified flavonoic fractio…,daflon 500 mg,"EMIR HEALTH CENTER , MEDPLEX CHEMIST","-1.266125, -1.4293031","36.910522, 36.6872005",10
12845,Tramadol Capsules BP,Domadol Capsules,MEDPLEX CHEMIST,-1.4293031,36.6872005,1712
12851,Ciprofloxacin,Ultraflox 500mg,Apotek Pharmaceutical,-1.2885927,36.9504001,20
12918,NORETHISTERONE ACETATE,DUB-STERONE,"Jubilee-Care Chemist, MEDPLEX CHEMIST, ZOLO HEALTHCARE SOLUTIONS","-1.1003338, -1.4293031","37.0129017, 36.6872005",53
12944,HYDROCHLOROTHIAZIDE BP,HYDROCHLOROTHIAZIDE TABLETS BP,Perta Chemist,-1.1079318,37.016326,10
12989,"ACECLOFENAC , PARACETAMOL , CHLORZOXAZONE",ZULU MR,"Fast Health Pharmacy , Jubilee-Care Chemist, SIDAI CHEMIST","-1.2908275, -1.1003338, -1.4779526","36.7327734, 37.0129017, 36.9577694",64
13010,Cefuroxime Axetil,MYDAWA Cefuroxime 125,KEGAKA PHARMACY,-1.0133967,36.9058388,1
13058,AMOXICILLIN TRIHYDRATE,KEMOXYL DT-125,MEDPLEX CHEMIST,-1.4293031,36.6872005,2
13069,"Amoxicillin Trihydrate USP, Clavulanate Potassium…",AUGMIN-375,MEDPLEX CHEMIST,-1.4293031,36.6872005,5
13075,Hydrocortisone sodium succinate USP,H-CORT,Jubilee-Care Chemist,-1.1003338,37.0129017,1
13090,Cetirizine Hydrochlroide BP,CETRIPINN 10,"Fast Health Pharmacy , Jubilee-Care Chemist","-1.2908275, -1.1003338","36.7327734, 37.0129017",13
13100,LEVOFLOXACIN HEMIHYDRATE,LEVOXCIN 750MG TABLETS,Jubilee-Care Chemist,-1.1003338,37.0129017,10
13110,Ondansetron USP,EMITINO TABLETS 8MG,MEDPLEX CHEMIST,-1.4293031,36.6872005,33
13130,SECNIDAZOLE,OLMOL FORTE TABLETS,Nas Chemist,0.5206237,35.2762755,2
13131,PARACETAMOL AND IBUPROFEN,ABUMOL SUSPENSION,"Jubilee-Care Chemist, SIDAI CHEMIST","-1.1003338, -1.4779526","37.0129017, 36.9577694",3
13134,PROMETHAZINE HYDROCHLORIDE,PROMETHAZINE TABLET,"Fast Health Pharmacy , Perta Chemist, SIDAI CHEMIST","-1.2908275, -1.1079318, -1.4779526","36.7327734, 37.016326, 36.9577694",18
13168,"Paracetamol BP, Aspirin BP, Caffeine BP",PHARMADEX,Fast Health Pharmacy ,-1.2908275,36.7327734,4
13182,NYSTATIN,NYSTAL ORAL DROPS,"EMIR HEALTH CENTER , SIDAI CHEMIST","-1.266125, -1.4779526","36.910522, 36.9577694",2
13183,DICLOFENAC  SODIUM,VONAC 50 TABLETS,Perta Chemist,-1.1079318,37.016326,4
13229,Nifedipine BP,NIFELONG ER-20,"BetahCare Family Health Clinic, Perta Chemist",-1.1079318,37.016326,28
13292,Cefalexin Monohydrate BP,Cefalin Capsules 500mg,MEDPLEX CHEMIST,-1.4293031,36.6872005,40
13358,Piroxicam,Pirocam 20mg Capsules,"EMIR HEALTH CENTER , SIDAI CHEMIST","-1.266125, -1.4779526","36.910522, 36.9577694",39
13380,Meloxicam,Melcam 7.5 Tablet,"Jubilee-Care Chemist, MEDPLEX CHEMIST, SIDAI CHEMIST","-1.1003338, -1.4293031, -1.4779526","37.0129017, 36.6872005, 36.9577694",142
13398,Chlorpheniramine Maleate   Pseudoephedrine HCl BP…,Trimex Adult syrup,MEDPLEX CHEMIST,-1.4293031,36.6872005,1
13411,Azithromycin USP,SHALZIN TABLETS,"Bonaim pharmacy , EMIR HEALTH CENTER , Perta Chemist","-1.2062072, -1.266125, -1.1079318","36.89570200000001, 36.910522, 37.016326",8
13417,Amoxicillin,Amoxicillin Capsules,Perta Chemist,-1.1079318,37.016326,2
13438,Griseofulvin B.P.,Biofulvin 125mg tablets,"EMIR HEALTH CENTER , MEDPLEX CHEMIST","-1.266125, -1.4293031","36.910522, 36.6872005",80
13449,SULFAMETHOXAZOLE BP / TRIMETHOPRIM BP,COSATRIM DS TABLETS,SIDAI CHEMIST,-1.4779526,36.9577694,10
13524,buprofen B.P,PONAFEN SUSPENSION,"Nas Chemist, Tikotiko Chemist ","0.5206237, -1.3080828","35.2762755, 36.7819929",5
13529,PREDNISOLONE B. P. 5MG,Predimed 5mg Tablets,"MEDIBLEND , urit medical ","-1.282731, -1.1009928","36.7848689, 37.0129877",178
13543,ITRACONAZOLE,ICON CAPSULES,"Jubilee-Care Chemist, SIDAI CHEMIST","-1.1003338, -1.4779526","37.0129017, 36.9577694",16
13560,Progesterone,SUSTEN 400 CAPSULES,KARURA CHEMIST II  TILL 8073490,-1.2196352,36.7128582,7
13576,Tranexamic acid BP,PAUSE-500MG TABLETS,KARURA CHEMIST II  TILL 8073490,-1.2196352,36.7128582,15
13600,Paracetamol BP,Cipladon 500 Tablets,SIDAI CHEMIST,-1.4779526,36.9577694,2
13636,ACYCLOVIR CREAM,ACIRAX CREAM,EMIR HEALTH CENTER ,-1.266125,36.910522,1
13685,"Secnidazole, Fluconazole, Azithromycin",GYNAGONE KIT,MEDPLEX CHEMIST,-1.4293031,36.6872005,3
13703,"Silver Sulfadiazine USP, Chlorhexidine Gluconate…",BURNOX Cream,MEDPLEX CHEMIST,-1.4293031,36.6872005,1
13756,"Cyproheptadine HCl USP, Thiamine HCL BP, Vitamin…",CYPRO B PLUS TABLETS,"Jubilee-Care Chemist, SIDAI CHEMIST","-1.1003338, -1.4779526","37.0129017, 36.9577694",39
13849,Paracetamol Tablets 500mg,Paracetamol Tablets 500mg,Perta Chemist,-1.1079318,37.016326,70
13889,"ACECLOFENAC BP, PARACETAMOL BP, CHLORZOXAZONE USP",MYONAC MR,"MEDPLEX CHEMIST, SIDAI CHEMIST","-1.4293031, -1.4779526","36.6872005, 36.9577694",48
13930,theophylline and ephedrine Tablets,F TABLETS,MEDIBLEND ,-1.282731,36.7848689,41
13934,Paracetamol BP and Thiocolchicoside,THIOZONE,PharmaRic Distributors,0,0,4
13940,Lactulose Concentrate USP,AVOLAC SOLUTION,KARURA CHEMIST II  TILL 8073490,-1.2196352,36.7128582,2
13955,"Ampicillin Trihydrate BP, Cloxacillin Sodium BP",Fraclox Capsules 500mg,PharmaRic Distributors,0,0,6
13956,Acyclovir.,Imavir Eye Ointment.,PharmaRic Distributors,0,0,3
13963,Ofloxacin USP,OFLACIN EYE/EAR DROPS,PharmaRic Distributors,0,0,1
13965,"Promethazine Hcl Bp 2.5mg, Diphenhydramine Hcl Bp…",NEXAHIST SYRUP,MEDPLEX CHEMIST,-1.4293031,36.6872005,5
13969,Ketamine Hydrochloride 50mg,Brevinaze,PharmaRic Distributors,0,0,4
13987,lidocaine hydrochloride,LIDOCAINE 1%,PharmaRic Distributors,0,0,3
13999,"Aluminium hydroxide, Magnesium hydroxide and…",Epicogel suspension,Apotek Pharmaceutical,-1.2885927,36.9504001,2
14000,ONDANSETRON HYDROCHLORIDE,EMITOSS ORAL SOLUTION,KARURA CHEMIST II  TILL 8073490,-1.2196352,36.7128582,2
14005,Montelukast Sodium,SOLO SACHETS,PharmaRic Distributors,0,0,2
14122,Ibuprofen BP,Flamifen (Ibuprofen Tablets 200mg),Jubilee-Care Chemist,-1.1003338,37.0129017,10
14143,Amoxicillin,Amoxil Oral Suspension 125mg/5ml,EMIR HEALTH CENTER ,-1.266125,36.910522,6
14146,Clarithromycin USP,CLARITRON,Apotek Pharmaceutical,-1.2885927,36.9504001,10
14150,Calcium carbonate Elemental calcium zinc…,ZEDCAL TABLETS,SIDAI CHEMIST,-1.4779526,36.9577694,20
14199,Amoxicillin,KEMOXYL DRY SUSPENSION,"BetahCare Family Health Clinic, KARURA CHEMIST II  TILL 8073490, MEDPLEX CHEMIST, Nas Chemist, SIDAI CHEMIST","-1.2196352, -1.4293031, 0.5206237, -1.4779526","36.7128582, 36.6872005, 35.2762755, 36.9577694",7
14202,Metronidazole USP,Trogyl 400mg Tablets,SIDAI CHEMIST,-1.4779526,36.9577694,68
14213,CHLORPHENIRAMINE MALEATE,PIRITON TABLETS,"Fast Health Pharmacy , MEDPLEX CHEMIST, SIDAI CHEMIST","-1.2908275, -1.4293031, -1.4779526","36.7327734, 36.6872005, 36.9577694",444
14234,LOSARTAN POTASSIUM USP AND HYDROCHLOROTHIAZIDE USP,CARDITAN H 50:12.5MG FILM COATED TABLETS,"Apotek Pharmaceutical, EMIR HEALTH CENTER ","-1.2885927, -1.266125","36.9504001, 36.910522",240
14259,"Cetirizine Hcl BP 2.5mg, Dextromethorphan HBR…",DR TOUX SYRUP,EMIR HEALTH CENTER ,-1.266125,36.910522,5
14276,HYOSCINE BUTYLBROMIDE BP,HYOSCINE BUTYLBROMIDE TABLETS,MEDPLEX CHEMIST,-1.4293031,36.6872005,173
14315,Diclofenac Sodium BP,Diclomol SR Tablets,"edlian hope u, Jubilee-Care Chemist, MEDIBLEND , Perta Chemist","0.0, -1.1003338, -1.282731, -1.1079318","0.0, 37.0129017, 36.7848689, 37.016326",45
17380,TERBINAFINE,TERBINAFORCE-250,"KEGAKA PHARMACY, MEDPLEX CHEMIST","-1.0133967, -1.4293031","36.9058388, 36.6872005",75
17390,Febuxostat,Febo-G 80 mg Tablets,MEDPLEX CHEMIST,-1.4293031,36.6872005,40
17393,LEVONORGESTREL,OPTION-2,Jubilee-Care Chemist,-1.1003338,37.0129017,1
17416,FLUCONAZOLE 150mg,KANDIBAN 150 CAPSULES,KARURA CHEMIST II  TILL 8073490,-1.2196352,36.7128582,1
17516,Azithromycin dihydrate USP,AZITHROSAFE SUSPENSION,Fast Health Pharmacy ,-1.2908275,36.7327734,1
17553,Co-amoxiclav Oral Suspension BP 228.5 mg/5ml,Winclav 228.5,MEDPLEX CHEMIST,-1.4293031,36.6872005,8
17580,ibuprofen,FENPRO,EMIR HEALTH CENTER ,-1.266125,36.910522,54
17583,Tetracycline skin Ointment,TETRALINE,EMIR HEALTH CENTER ,-1.266125,36.910522,1
17626,NYSTATIN,NYSTATIN SUSPENSION,MEDPLEX CHEMIST,-1.4293031,36.6872005,6
17665,"Acefylline Piperazine, Diphenhydramine",Acefyl Cough Syrup,EMIR HEALTH CENTER ,-1.266125,36.910522,1
17676,"Clotrimazole, Betamethasone and Neomycin Sulfate…",CLOZOLE TRIO CREAM,MEDPLEX CHEMIST,-1.4293031,36.6872005,7
17747,Cetirizine  Hydrochloride B.P,GALCET,MEDPLEX CHEMIST,-1.4293031,36.6872005,976
17757,"Paracetamol BP, Aceclofenac BP & Chlorzoxazone USP",ACP MR,MEDPLEX CHEMIST,-1.4293031,36.6872005,20
17776,PARACETAMOL,PHARMADOL FIZZ 1000,MEDPLEX CHEMIST,-1.4293031,36.6872005,108
17805,"450MG PARACETAMOL, 5MG DOXYLAMINE SUCCINATE, 10MG…",TAMEPYN,Jubilee-Care Chemist,-1.1003338,37.0129017,4
17837,Enalapril Maleate,Vasopril 10 Tablet,MEDPLEX CHEMIST,-1.4293031,36.6872005,70
17847,Terbinafine,Terbex Cream,EMIR HEALTH CENTER ,-1.266125,36.910522,2
17863,Amoxicillin + Clavulanate,Augmentin Tablets  625mg,"Jubilee-Care Chemist, SIDAI CHEMIST","-1.1003338, -1.4779526","37.0129017, 36.9577694",33
17889,FLUCLOXACILLIN SODIUM,ELYFLOX DRY SYRUP,SIDAI CHEMIST,-1.4779526,36.9577694,1
17901,Diphenhydramine Hydrochloride + Ammonium Chloride…,Upacof expectorant,Jubilee-Care Chemist,-1.1003338,37.0129017,2
17904,BISACODYL,BISACODYL TABLETS,Fast Health Pharmacy ,-1.2908275,36.7327734,14
17914,Mepyramine  Maleate,Histargan Cream,EMIR HEALTH CENTER ,-1.266125,36.910522,1
17933,AMPICILLIN/CLOXACILLIN,AXYLIN SUSPENSION,"ANGELIC STAR PHARMACEUTICALS, EMIR HEALTH CENTER ","-1.2834847, -1.266125","36.889222, 36.910522",2
17941,Cefuroxime Axetil Tablets  USP 250 mg,Ceurox 250 Tablets,SIDAI CHEMIST,-1.4779526,36.9577694,10
17957,"sodium bicarbonate, peppermint oil",Sodamint tablets,"EMIR HEALTH CENTER , MEDPLEX CHEMIST","-1.266125, -1.4293031","36.910522, 36.6872005",18
17965,METHYLDOPA,METHYLDOPA 250,MEDPLEX CHEMIST,-1.4293031,36.6872005,271
17969,PREDNISOLONE BP,PREDNISOLONE TABLETS,"Fast Health Pharmacy , MEDPLEX CHEMIST, SIDAI CHEMIST","-1.2908275, -1.4293031, -1.4779526","36.7327734, 36.6872005, 36.9577694",1093
17982,DOMPERIDONE,DOMI SUSPENSION,MEDPLEX CHEMIST,-1.4293031,36.6872005,2
17989,"Aspirin, Paracetamol and Caffeine",Action Tablets,EMIR HEALTH CENTER ,-1.266125,36.910522,48
18052,Cefuroxime Axetil USP,PULMOCEF-500 TABLETS,SIDAI CHEMIST,-1.4779526,36.9577694,10
18056,Amlodipine,AMLONG-5,EMIR HEALTH CENTER ,-1.266125,36.910522,8
18113,Diloxanide furoate BP and metronidazole Benzoate…,Diracip - M suspension,"KARURA CHEMIST II  TILL 8073490, MEDPLEX CHEMIST","-1.2196352, -1.4293031","36.7128582, 36.6872005",3
18165,Clotrimazole,Canazole 200mg,MEDPLEX CHEMIST,-1.4293031,36.6872005,2
18184,"Diclofenac Sodium BP as Enteric Coated Granules,…",LOBAK Tablet,"EMIR HEALTH CENTER , KEGAKA PHARMACY, Perta Chemist, SIDAI CHEMIST","-1.266125, -1.0133967, -1.1079318, -1.4779526","36.910522, 36.9058388, 37.016326, 36.9577694",107
18194,"Ammonium Chloride, Pseudoephedrine Hydrochloride,…",MUCOLYN Paediatric Syrup,MEDPLEX CHEMIST,-1.4293031,36.6872005,1
18200,Hyoscine Butyl Bromide BP,HYOMIDE 10,SIDAI CHEMIST,-1.4779526,36.9577694,11
18206,Mometasone Furoate and Fusidic Acid,Momate-F,KARURA CHEMIST II  TILL 8073490,-1.2196352,36.7128582,1
18226,Esomeprazole 40 mg,ZOMEP ES 40,MEDPLEX CHEMIST,-1.4293031,36.6872005,93
18227,Azithromycin Tablet,AZITA 500,SIDAI CHEMIST,-1.4779526,36.9577694,2
18232,Pregablin,Prenura 75mg Capsules,"BetahCare Family Health Clinic, MEDPLEX CHEMIST",-1.4293031,36.6872005,198
18257,Meloxicam,Melcam 15 Tablet,SIDAI CHEMIST,-1.4779526,36.9577694,15
18308,Saccubitril Valsartan,Uperio 50mg,Andre Pharmaceuticals ,-1.3954461,36.7313557,28
18348,Doxycycline,DOXYCYCLINE CAPSULES,"Fast Health Pharmacy , MEDPLEX CHEMIST","-1.2908275, -1.4293031","36.7327734, 36.6872005",305
18379,Salbutamol + Bromhexine + Guaiphenesin + Menthol,Tusgen Syrup,ZOLO HEALTHCARE SOLUTIONS,,,1
18413,CLOTRIMAZOLE,BULKOT MOUTH PAINT,"ANGELIC STAR PHARMACEUTICALS, Jubilee-Care Chemist","-1.2834847, -1.1003338","36.889222, 37.0129017",4
18414,DOXYCYCLIN  HCL,DOXIMAR CAPSULES,"EMIR HEALTH CENTER , memah bestcare pharmacy, SIDAI CHEMIST","-1.266125, -0.3076936, -1.4779526","36.910522, 38.2196697, 36.9577694",34
18450,"LANSOPRAZOLE, TINIDAZOLE, CLARITHROMYCIN",PYLOXIN KIT,KEGAKA PHARMACY,-1.0133967,36.9058388,3
18464,Paracetamol,SIMDOL,Jubilee-Care Chemist,-1.1003338,37.0129017,10
18480,CEFUROXIME AXETIL,CEFROXYM 500 TABLETS,"edlian hope u, Nas Chemist, SIDAI CHEMIST","0.0, 0.5206237, -1.4779526","0.0, 35.2762755, 36.9577694",13
18505,AMOXICILLIN TRIHYDRATE WITH DILUTED POTASSIUM…,CO-AMOXICLAV 457- MYDAWA,MEDPLEX CHEMIST,-1.4293031,36.6872005,2
18539,-	Ondansetron Hydrochloride Dihydrate USP,EMITOSS 4 TABLETS,"EMIR HEALTH CENTER , Jubilee-Care Chemist, MEDIBLEND , SAMIALBA, SIDAI CHEMIST","-1.266125, -1.1003338, -1.282731, -1.279668, -1.4779526","36.910522, 37.0129017, 36.7848689, 36.82553, 36.9577694",43
18574,Cefadroxil USP,Flamicef Capsules 500mg,Fast Health Pharmacy ,-1.2908275,36.7327734,10
18616,Ethinylestradiol / Levonorgestrel,MICROGYNON Fe,SIDAI CHEMIST,-1.4779526,36.9577694,1
18623,Diclofenac diethylamine Linseed oil Menthol…,POWERGESIC PLUS Gel,EMIR HEALTH CENTER ,-1.266125,36.910522,2
18629,Levonorgestrel,ECEE 2 TABLETS,SIDAI CHEMIST,-1.4779526,36.9577694,3
18635,Aluminium Hydroxide + Magnesium Hydroxide +…,Nilacid Suspension,SIDAI CHEMIST,-1.4779526,36.9577694,2
18669,Montelukast Sodium,Montiget Pediatric 4 mg Granules,Apotek Pharmaceutical,-1.2885927,36.9504001,3
18676,MONTELUKAST,ASTHATOR-10,SIDAI CHEMIST,-1.4779526,36.9577694,21
18679,SULBUTAMOL SULPHATE,VENTOSAL-4 TABLETS,BetahCare Family Health Clinic,,,30
18709,Amoxycillin Dry suspension,KEMOXYL DRY SUSPENSION FORTE,"EMIR HEALTH CENTER , MPEKE PHARMACY, SIDAI CHEMIST","-1.266125, -1.4779526","36.910522, 36.9577694",14
18711,Cefalexin,LEOCEF DRY SUSPENSION,"Jubilee-Care Chemist, MEDPLEX CHEMIST","-1.1003338, -1.4293031","37.0129017, 36.6872005",54
18715,Clotrimazole with Betamethasone Dipropionate Cream,CLOZOLE-B CREAM,"BetahCare Family Health Clinic, EMIR HEALTH CENTER , MEDPLEX CHEMIST, SIDAI CHEMIST","-1.266125, -1.4293031, -1.4779526","36.910522, 36.6872005, 36.9577694",110
18726,Tranexamic acid,Hemsamic,SIDAI CHEMIST,-1.4779526,36.9577694,4
18728,NIFEDIPINE SUSTAINED RELEASE,NEPIN SR 20,"BetahCare Family Health Clinic, MEDPLEX CHEMIST",-1.4293031,36.6872005,240
18736,OMEPRAZOLE,OMIS-20,"BetahCare Family Health Clinic, edlian hope u, EMIR HEALTH CENTER , MEDPLEX CHEMIST, SIDAI CHEMIST","0.0, -1.266125, -1.4293031, -1.4779526","0.0, 36.910522, 36.6872005, 36.9577694",2269
18738,CEFADROXIL,ADORA,EMIR HEALTH CENTER ,-1.266125,36.910522,1
18743,Calcium Citrate and Vitamin D3 (Colecalciferol),Safecal,SIDAI CHEMIST,-1.4779526,36.9577694,10
18746,ATENOLOL BP,CARDINOL 100MG FILM COATED TABLETS,MEDPLEX CHEMIST,-1.4293031,36.6872005,57
18795,Povidone Iodide,Podine MouthWash and Gargle,MEDPLEX CHEMIST,-1.4293031,36.6872005,10
18797,Simeticone,Infacol Liquid,KARURA CHEMIST II  TILL 8073490,-1.2196352,36.7128582,1
18821,Alprazolam,ALZOLAM 0.5 MG TABLETS,KARURA CHEMIST II  TILL 8073490,-1.2196352,36.7128582,19
18888,CETRIZINE HCL,ZYCET SYRUP,MEDPLEX CHEMIST,-1.4293031,36.6872005,2
18932,AMLODIPINE BESYLATE BP,VARINIL 10MG TABLETS,"EMIR HEALTH CENTER , MEDIBLEND ","-1.266125, -1.282731","36.910522, 36.7848689",90
18952,Tinidazole tablets 500 mg,TINI-500,Nas Chemist,0.5206237,35.2762755,10
18958,Ketoconazole,Ketazol Cream,EMIR HEALTH CENTER ,-1.266125,36.910522,3
18966,Levofloxacin Hemihydrate,SAFELEVO 500,"MEDIBLEND , MEDPLEX CHEMIST, SIDAI CHEMIST","-1.282731, -1.4293031, -1.4779526","36.7848689, 36.6872005, 36.9577694",15
18985,Carbocisteine,NASITHIOL CHILDREN AND INFANT 2%,EMIR HEALTH CENTER ,-1.266125,36.910522,1
19026,Levofloxacin USP,L-VXIN-500,SIDAI CHEMIST,-1.4779526,36.9577694,10
19049,Amoxicillin USP Clavulanate potassium USP,AUGMIN-625,MEDPLEX CHEMIST,-1.4293031,36.6872005,6
19050,"Aceclofenac, Paracetamol and Chlorzoxazone",SICLOFEN-MR,"BetahCare Family Health Clinic, EMIR HEALTH CENTER , MEDPLEX CHEMIST","-1.266125, -1.4293031","36.910522, 36.6872005",204
19118,PREGABALIN,PERGALIN 75MG CAPSULES,Jubilee-Care Chemist,-1.1003338,37.0129017,5
19129,"PSEUDOEPHEDRINE HYDROCHLORIDE BP,…",Homagon Syrup,"EMIR HEALTH CENTER , SIDAI CHEMIST","-1.266125, -1.4779526","36.910522, 36.9577694",2
19132,Secnidazole,SECNIDAZOLE TABLETS,Perta Chemist,-1.1079318,37.016326,2
19149,"Diloxande Furoate B.P. 250 mg,  Metronidazole…",ENTAMAXIN SUSPENSION,KARURA CHEMIST II  TILL 8073490,-1.2196352,36.7128582,1
19152,Levocetirizine + Montelukast,Monta Plus Tablet,"KARURA CHEMIST II  TILL 8073490, MEDPLEX CHEMIST","-1.2196352, -1.4293031","36.7128582, 36.6872005",138
19227,AZITHROMYCIN DIHYDRATE,AZIMAX 500 TABLETS,Jubilee-Care Chemist,-1.1003338,37.0129017,1
19234,CEFIXIME TRIHYDRATE,EVERCEF 200 TABLETS,SIDAI CHEMIST,-1.4779526,36.9577694,10
19250,EBASTINE SYRUP,HISTY SYRUP,KEGAKA PHARMACY,-1.0133967,36.9058388,2
19302,Ciprofloxacin Hydrochloride USP and …,CIPROGLAX-D  EYE DROPS,MEDPLEX CHEMIST,-1.4293031,36.6872005,1
19381,Betamethasone Dipropionate  Salicylic Acid,Mediven-S Ointment,EMIR HEALTH CENTER ,-1.266125,36.910522,1
19421,Nystatin USP,Nelstat oral drops,KARURA CHEMIST II  TILL 8073490,-1.2196352,36.7128582,1
19422,Chlorphenilamine maleateDexomethorphan…,Chericof Cough Formula,MEDPLEX CHEMIST,-1.4293031,36.6872005,10
19440,Sildenafil Citrate,Nelgra-50,"Jubilee-Care Chemist, MEDPLEX CHEMIST","-1.1003338, -1.4293031","37.0129017, 36.6872005",30
19447,DRIED ALUMINIUM HYDROXIDE BP  MAGNESIUM…,STOMACID TABLETS,B-sons pharmacy,-1.2673667,36.7509204,10
19466,FERROUS SULPHATE & FOLIC ACID TABLETS,FERROLIC-LF TABLETS,"Apotek Pharmaceutical, EMIR HEALTH CENTER , KEGAKA PHARMACY, Perta Chemist","-1.2885927, -1.266125, -1.0133967, -1.1079318","36.9504001, 36.910522, 36.9058388, 37.016326",75
19469,Metronidazole USP,Trogyl 200mg Tablets,SIDAI CHEMIST,-1.4779526,36.9577694,15
19499,Methyl Salicylate Methyl nicotinate Capsicum…,PHARMASAL OINTMENT,Nas Chemist,0.5206237,35.2762755,5
19501,NIFEDIPINE,CALCIGARD RETARD,"Apotek Pharmaceutical, MEDPLEX CHEMIST","-1.2885927, -1.4293031","36.9504001, 36.6872005",636
19506,PARACETAMOL,MICROMOL SUSPENSION,"ANGELIC STAR PHARMACEUTICALS, BetahCare Family Health Clinic, Jubilee-Care Chemist, MEDPLEX CHEMIST","-1.2834847, -1.1003338, -1.4293031","36.889222, 37.0129017, 36.6872005",23
19512,LORATADINE USP,LORHISTINA TABLETS,"MEDIBLEND , Nas Chemist","-1.282731, 0.5206237","36.7848689, 35.2762755",69
19524,Al Hydroxide  + Mg Hydroxide  + Simethicone,Flatameal DS Tablet,EMIR HEALTH CENTER ,-1.266125,36.910522,2
19528,Benzoyl peroxide,Pernex AC 5% Gel,MEDPLEX CHEMIST,-1.4293031,36.6872005,4
19534,Clotrimazole 1Gentamycin  and Betamethasone…,Xtraderm Cream,"KEGAKA PHARMACY, SIDAI CHEMIST","-1.0133967, -1.4779526","36.9058388, 36.9577694",5
19546,KETOCONAZOLE TABLETS,HITORAL TABLETS,"EMIR HEALTH CENTER , Jubilee-Care Chemist, MEDPLEX CHEMIST, SIDAI CHEMIST","-1.266125, -1.1003338, -1.4293031, -1.4779526","36.910522, 37.0129017, 36.6872005, 36.9577694",232
19600,Atorvastatin calcium,AZTOR 20MG TABLETS,MEDPLEX CHEMIST,-1.4293031,36.6872005,250
19602,Escitalopram Oxalate,NEXITO 20 TABLETS,KARURA CHEMIST II  TILL 8073490,-1.2196352,36.7128582,9
19617,Omeprazole,ZOCID 20MG CAPS,"MEDPLEX CHEMIST, memah bestcare pharmacy","-1.4293031, -0.3076936","36.6872005, 38.2196697",7
19649,Cefalexin Monohydrate eq. to Cefalexin,Rivalexin 125mg/5ml,MEDPLEX CHEMIST,-1.4293031,36.6872005,1
19672,Omeprazole + Sodium Bicarbonate,Risek Insta 40 mg + 1680 mg Powder for oral…,MEDPLEX CHEMIST,-1.4293031,36.6872005,13
19693,Metformin Hydrochloride,Glucophage 1000mg Tablets,"EMIR HEALTH CENTER , KEGAKA PHARMACY","-1.266125, -1.0133967","36.910522, 36.9058388",30
19771,Paracetamol,Pyremol syrup,MEDPLEX CHEMIST,-1.4293031,36.6872005,1
19782,sildenafil citrate,Vega 100,Jubilee-Care Chemist,-1.1003338,37.0129017,5
19828,"DIPHENHYDRAMINE HCL BP, CHLORPHENIRAMINE MALEATE…",CONSED EXPECTORANT,"BetahCare Family Health Clinic, EMIR HEALTH CENTER , MEDPLEX CHEMIST","-1.266125, -1.4293031","36.910522, 36.6872005",52
19837,CHLORPHENIRAMINE,CARITON ORAL SOLUTION,EMIR HEALTH CENTER ,-1.266125,36.910522,1
19844,Cefixime USP,BACTIFIX 400,EMIR HEALTH CENTER ,-1.266125,36.910522,2
19863,Esomeprazole  & Domperidone,Esofag D - Capsules,"EMIR HEALTH CENTER , MEDPLEX CHEMIST","-1.266125, -1.4293031","36.910522, 36.6872005",74
19894,LEVONORGESTREL,POSTPONE-2,Jubilee-Care Chemist,-1.1003338,37.0129017,14
19938,Prednisolone,OLSOLONE TABLETS,"BetahCare Family Health Clinic, Jubilee-Care Chemist, Perta Chemist, SIDAI CHEMIST","-1.1003338, -1.1079318, -1.4779526","37.0129017, 37.016326, 36.9577694",964
19944,CLOTRIMAZOLE,BULKOT PESSARIES V3,Apotek Pharmaceutical,-1.2885927,36.9504001,4
19992,"IBUPROFEN, PARACETAMOL & CAFFEINE",IBUCAP FORTE CAPSULES,SIDAI CHEMIST,-1.4779526,36.9577694,2
20017,Diloxanide Furoate /Metronidazole,DIAMISOLE SUSPENSION,KARURA CHEMIST II  TILL 8073490,-1.2196352,36.7128582,1
22069,Montelukast Sodium,VITAGET 4,MEDPLEX CHEMIST,-1.4293031,36.6872005,18
22100,clotrimazole,BULKOT V-6 PESSARIS,Apotek Pharmaceutical,-1.2885927,36.9504001,3
22124,Amoxicillin Clavulanic acid,Dafraclav 457 mg suspension,KARURA CHEMIST II  TILL 8073490,-1.2196352,36.7128582,1
22168,Cyproheptadine hcl usp  vitamin b vitamin b2 bp…,BECOACTIN SYRUP,KARURA CHEMIST II  TILL 8073490,-1.2196352,36.7128582,1
22176,Mefenamic acid,Ponstan forte,SIDAI CHEMIST,-1.4779526,36.9577694,1
22177,Ibuprofen  BP and Paracetamol BP,Brustan Tablets,Disanjo Chemist ,-1.2650867,36.8826178,6
22185,ACETYLSALICYLIC ACID BP  PARACETAMOL BP  CAFFEINE…,APC  TABLETS,Jubilee-Care Chemist,-1.1003338,37.0129017,6
22188,CLOTRIMAZOLE,CANDISTAT-200 VAGINAL TABLETS,EMIR HEALTH CENTER ,-1.266125,36.910522,1
22201,EPHEDRINE HCl,Andrin Paediatric Drops,MEDPLEX CHEMIST,-1.4293031,36.6872005,4
22208,Chlorpheniramine Maleate B.P. Pseudoephedrine HCl…,Coldamol P Syrup,MEDPLEX CHEMIST,-1.4293031,36.6872005,5
22216,Cefuroxime Axetil,Zinnat 125mg/5mL Suspension,SIDAI CHEMIST,-1.4779526,36.9577694,1
22219,METRONIDAZOLE BENZOATE,TRICOZOLE 200MG/5ML SUSPENSION,MEDPLEX CHEMIST,-1.4293031,36.6872005,1
22231,PARACETAMOL,CALPOL SUSPENSION,"EMIR HEALTH CENTER , MEDIBLEND ","-1.266125, -1.282731","36.910522, 36.7848689",29
22240,Levamisole hydrochloride,LETRAX TABLETS,MEDPLEX CHEMIST,-1.4293031,36.6872005,6
22256,Enalapril Maleate USP,Encardil 5 Tablets,EMIR HEALTH CENTER ,-1.266125,36.910522,32
22292,AMOXICILLINE TRIHYDRATE USP AND DILUTED POTASSIUM…,CLAXY 625 TABLETS,"BetahCare Family Health Clinic, MEDPLEX CHEMIST, Perta Chemist","-1.4293031, -1.1079318","36.6872005, 37.016326",44
22317,ALBENDAZOLE B.P,OLWORM SUSPENSION,"MEDPLEX CHEMIST, SIDAI CHEMIST","-1.4293031, -1.4779526","36.6872005, 36.9577694",84
22328,"CHLORPHENAMINE MALEATE BP, SODIUM CITRATE BP,…",COSCOF DM LINCTUS,"Bripamu Medical Stores, MEDPLEX CHEMIST","-1.3111251, -1.4293031","36.8939304, 36.6872005",4
22367,Amoxicillin  trihydrate,Moxacil 250mg capsule,"EMIR HEALTH CENTER , MEDPLEX CHEMIST","-1.266125, -1.4293031","36.910522, 36.6872005",372
22381,Diloxanide furoate BP  and metronidazole BP,Diracip - M DS Tablets,"MEDPLEX CHEMIST, SIDAI CHEMIST","-1.4293031, -1.4779526","36.6872005, 36.9577694",2
22384,AMBROXOL HCL,AMROXOL SYRUP,Jubilee-Care Chemist,-1.1003338,37.0129017,1
22397,Ciprofloxacin Hydrochloride Tablets USP,SHALCIP TABLETS,"EMIR HEALTH CENTER , MEDPLEX CHEMIST","-1.266125, -1.4293031","36.910522, 36.6872005",22
22409,Azithromycin,AGYCIN 500 TABLETS,"ANGELIC STAR PHARMACEUTICALS, EMIR HEALTH CENTER , Jubilee-Care Chemist, KARURA CHEMIST II  TILL 8073490, MEDIBLEND , MEDPLEX CHEMIST, Nas Chemist, Perta Chemist","-1.2834847, -1.266125, -1.1003338, -1.2196352, -1.282731, -1.4293031, 0.5206237, -1.1079318","36.889222, 36.910522, 37.0129017, 36.7128582, 36.7848689, 36.6872005, 35.2762755, 37.016326",235
22434,Tinidazole BP,TINIMED,memah bestcare pharmacy,-0.3076936,38.2196697,1
22472,OMEPRAZOLE BP,OMEPRAGLOBE,Nas Chemist,0.5206237,35.2762755,88
22488,Levonorgestrel,Lydia Postpil Tablet,"ANGELIC STAR PHARMACEUTICALS, SIDAI CHEMIST","-1.2834847, -1.4779526","36.889222, 36.9577694",5
22504,Rabeprazole Sodium & Itopride Hydrochloride,GIT PLUS CAPSULES,MEDPLEX CHEMIST,-1.4293031,36.6872005,2
22532,Salbutamol Sulphate,BRODIL HFA,MEDPLEX CHEMIST,-1.4293031,36.6872005,17
22578,AMOXICILLIN TRIHYDRATE and            …,LABCLAV  TABLETS,"EMIR HEALTH CENTER , MEDPLEX CHEMIST","-1.266125, -1.4293031","36.910522, 36.6872005",32
22599,FLUPHENAZINE,MODIZED,MEDPLEX CHEMIST,-1.4293031,36.6872005,4
22654,CARBOCISTEINE BP,NASITHIOL CHILDREN AND INFANT,EMIR HEALTH CENTER ,-1.266125,36.910522,2
22692,Paracetamol Caplets,PHARMADOL,"EMIR HEALTH CENTER , Jubilee-Care Chemist, MEDIBLEND , MEDPLEX CHEMIST, memah bestcare pharmacy","-1.266125, -1.1003338, -1.282731, -1.4293031, -0.3076936","36.910522, 37.0129017, 36.7848689, 36.6872005, 38.2196697",1557
22697,Azithromycin suspension,ATROMAX SUSPENSION,KEGAKA PHARMACY,-1.0133967,36.9058388,10
22698,CETRIZINE Hcl,PROCET S,SIDAI CHEMIST,-1.4779526,36.9577694,2
22792,Omeprazole BP 20mg,SLOMEZ,urit medical ,-1.1009928,37.0129877,200
22822,"DIPHENHYDRAMINE HCL, AMMONIUM CHLORIDE.",LACOFF ORIGINAL SYRUP,B-sons pharmacy,-1.2673667,36.7509204,2
22824,CHLORPHENIRAMINE,ZEDITONE,"MEDPLEX CHEMIST, SIDAI CHEMIST","-1.4293031, -1.4779526","36.6872005, 36.9577694",3
22828,Levonorgestrel BP,PLS SAFE-72 TABLETS,"edlian hope u, MEDPLEX CHEMIST","0.0, -1.4293031","0.0, 36.6872005",217
22835,Rabeprazole Sodium (EC) and Domperidone (SR),ZOLETRI DSR,MEDPLEX CHEMIST,-1.4293031,36.6872005,61
22895,Beclomethasone Dipropionate BP  Neomycin Sulphate…,Beclomin Ointment,"Jubilee-Care Chemist, MEDIBLEND ","-1.1003338, -1.282731","37.0129017, 36.7848689",2
22921,Amoxicillin,Amoxil Capsules 250mg,MEDPLEX CHEMIST,-1.4293031,36.6872005,105
22963,Sildenafil Citrate,Nelgra 100mg Tablets,MEDPLEX CHEMIST,-1.4293031,36.6872005,44
22996,Mebendazole,Natoa tablets,"EMIR HEALTH CENTER , MEDPLEX CHEMIST","-1.266125, -1.4293031","36.910522, 36.6872005",12
23032,PARACETAMOL BP,MICROMOL TABLETS,"ANGELIC STAR PHARMACEUTICALS, SIDAI CHEMIST","-1.2834847, -1.4779526","36.889222, 36.9577694",148
23034,Benzoic acid Salicylic acid,Whitefields ointment,EMIR HEALTH CENTER ,-1.266125,36.910522,2
24053,Al Hydroxide  + Mg Hydroxide  + Simethicone,Flatameal DS Suspension,"Disanjo Chemist , MEDPLEX CHEMIST","-1.2650867, -1.4293031","36.8826178, 36.6872005",2
24067,Metronidazole,Flagyl 400mg tablet,"CALMAK CHEMIST , MEDPLEX CHEMIST, Perta Chemist","-1.053931, -1.4293031, -1.1079318","38.3631399, 36.6872005, 37.016326",465
24077,Amoxycillin trihydrate B.P. equvalent to…,Alimox dry syrup,EMIR HEALTH CENTER ,-1.266125,36.910522,1
24083,Polysaccharides of Salmonella typhi (Ty2 strain),Typhim Vi Capsular Polysacchride  Typhoid Vaccine,Falcon medical clinic ,,,7
24117,Indomethacin,INDOCID Capsules,"MEDIBLEND , SIDAI CHEMIST","-1.282731, -1.4779526","36.7848689, 36.9577694",270
24202,Bisacodyl,Laxodeal Tablets,Jubilee-Care Chemist,-1.1003338,37.0129017,5
24302,Azithromycin dihydrate USP,AZITHROSAFE– 500,MEDPLEX CHEMIST,-1.4293031,36.6872005,78
24322,"Diphenhydramine Hydrochloride B.P.,…",BENACOFF LINCTUS,Jubilee-Care Chemist,-1.1003338,37.0129017,2
24341,Each hard gelatin capsule contains: Lansoprazole…,LANZOKIT,MEDPLEX CHEMIST,-1.4293031,36.6872005,6
24370,Prednisolone sodium phosphate,Dawasolone oral solution,"BetahCare Family Health Clinic, Bonaim pharmacy , MEDPLEX CHEMIST, SIDAI CHEMIST","-1.2062072, -1.4293031, -1.4779526","36.89570200000001, 36.6872005, 36.9577694",7
24401,Diclofenac Gel BP 1% w/w,DOLOR  GEL,"Jubilee-Care Chemist, MEDIBLEND ","-1.1003338, -1.282731","37.0129017, 36.7848689",3
24414,TINIDAZOLE BP,TINISKY-500 TABLETS,MEDPLEX CHEMIST,-1.4293031,36.6872005,99
24495,CETIRIZINE HYDROCHLORIDE,PIRICET 10MG TABLETS,SAMIALBA,-1.279668,36.82553,6
24578,"Esomeprazole Magnesium Trihydrate, Levofloxacin, …",ESOVIT KIT,MEDPLEX CHEMIST,-1.4293031,36.6872005,1
24580,OMEPRAZOLE SODIUM BP,OMIS INJECTION,EMIR HEALTH CENTER ,-1.266125,36.910522,5
24585,Soluble Paracetamol Tablets BP 1000 mg,MICROMOL 1000,MEDPLEX CHEMIST,-1.4293031,36.6872005,3
24658,Prednisolone,Predilone Tablets,MEDIBLEND ,-1.282731,36.7848689,325
24660,Cyproheptadine hcl usp vitamin b vitamin b2 bp…,BECOACTIN TABLETS,Jubilee-Care Chemist,-1.1003338,37.0129017,4
24677,Sildenafil citrate,KIFARU - 50 TABLETS,"BetahCare Family Health Clinic, Jubilee-Care Chemist, MEDPLEX CHEMIST","-1.1003338, -1.4293031","37.0129017, 36.6872005",51
24680,GLIBENCLAMIDE  BP,NOGLUC 5MG TABLETS,"BetahCare Family Health Clinic, Fast Health Pharmacy , MEDPLEX CHEMIST, Nas Chemist, SIDAI CHEMIST","-1.2908275, -1.4293031, 0.5206237, -1.4779526","36.7327734, 36.6872005, 35.2762755, 36.9577694",1226
24703,ALBENDAZOLE,ALTOA SUSPENSION,"MEDPLEX CHEMIST, Sanjon","-1.4293031, -0.7808666999999999","36.6872005, 35.3419008",11
24714,Paracetamol,PARATAL JUNIOR TABLETS,EMIR HEALTH CENTER ,-1.266125,36.910522,4
24739,Ginseng betacarotene vitamin s…,Ginsomin,SIDAI CHEMIST,-1.4779526,36.9577694,49
24753,Ondansetron,EMITINO TABLETS,Bonaim pharmacy ,-1.2062072,36.89570200000001,2
24754,Cetrizine Hydrochloride,CACHCET TABLETS,SIDAI CHEMIST,-1.4779526,36.9577694,127
24766,CHLORZOXAZONE USP 250MG DICLOFENAC POTASSIUM BP…,TRACK-MR TABLETS,Jubilee-Care Chemist,-1.1003338,37.0129017,6
24783,Diclofenac Potassium BP Paracetamol BP and…,Doloact-MR Tablets,"Advan-med pharmaceuticals, BetahCare Family Health Clinic, EMIR HEALTH CENTER , SIDAI CHEMIST","-0.6809050999999999, -1.266125, -1.4779526","34.8207902, 36.910522, 36.9577694",102
24804,"Dextromethorphan Hydrobromide BP, Triprolidine…",Ascoril-D,MEDIBLEND ,-1.282731,36.7848689,4
24840,Chlorzoxazone USP Paracetamol BP,Myospaz Tablets,MEDIBLEND ,-1.282731,36.7848689,55
24855,Secnidazole Tablets,Tagera Forte Tablets,EMIR HEALTH CENTER ,-1.266125,36.910522,11
24885,Omeprazole Delayed Release Capsules U.S.P. 20 mg,OPRAZ,MEDIBLEND ,-1.282731,36.7848689,554
24905,Amoxicillin Trihydrate eq. to Amoxicillin,Rivamox 250mg,MEDPLEX CHEMIST,-1.4293031,36.6872005,4
24922,"Ciprofloxacin Hydrochloride, Tinidazole",SHALCIP TZ  TABLETS,MEDPLEX CHEMIST,-1.4293031,36.6872005,1
24936,Paracetamol  Caffeine and Phenylephrine,Panadol Cold and Flu Day Tablets,SIDAI CHEMIST,-1.4779526,36.9577694,13
24996,Paracetamol Bp 500mg Chlorpheniramine maleate Bp…,Benaflu Cold&Flu Tablets,MEDPLEX CHEMIST,-1.4293031,36.6872005,162
25010,Aceclofenac BP and Paracetamol BP,Actinac plus,EMIR HEALTH CENTER ,-1.266125,36.910522,10
25746,Pregabalin,Akugabalin 75mg capsules,SIDAI CHEMIST,-1.4779526,36.9577694,34
25786,AMOXICILLIN TRIHYDRATE AND POTASSIUM CLAVULANATE,LABCLAV 1G TABLETS,ANGELIC STAR PHARMACEUTICALS,-1.2834847,36.889222,1
25799,CETIRIZINE HYDROCHLORIDE BP,RIZEXIN ORAL SOLUTION,Perta Chemist,-1.1079318,37.016326,28
25813,Montelukast Sodium; Levocetirizine Hydrochloride,LEVOLUKAST KID,KARURA CHEMIST II  TILL 8073490,-1.2196352,36.7128582,10
25821,Fluconazole USP,FC-ZOLE 150,"EMIR HEALTH CENTER , Fast Health Pharmacy , SIDAI CHEMIST","-1.266125, -1.2908275, -1.4779526","36.910522, 36.7327734, 36.9577694",21
25827,ACECLOFENAC AND PARACETAMOL,ZOFEN P,ANGELIC STAR PHARMACEUTICALS,-1.2834847,36.889222,2
25838,Cetirizine Hydrochloride,RHIZIN,MEDPLEX CHEMIST,-1.4293031,36.6872005,116
25939,"Vitamin B1 (Thiamine), Vitamin B6 (Pyridoxine),…",Neurobion Tablets,"BetahCare Family Health Clinic, MEDPLEX CHEMIST",-1.4293031,36.6872005,556
25983,Metronidazole + Diloxanide Furoate,Furazol Tablets,Apotek Pharmaceutical,-1.2885927,36.9504001,1
26030,"Betamethasone, Clotrimazole and Gentamicin",TRISHIELD,MEDPLEX CHEMIST,-1.4293031,36.6872005,6
26039,"Betamethasone Dipropionate, Gentamicin Sulphate,…",EPIDERM CREAM,MEDIBLEND ,-1.282731,36.7848689,1
26110,Amoxicillin and Clavulanate Potassium Tablets USP,Indclav 625,MEDPLEX CHEMIST,-1.4293031,36.6872005,1
26135,Telmisartan hydrchlorothiazide,TELMI 80H,KARURA CHEMIST II  TILL 8073490,-1.2196352,36.7128582,19
26139,Paracetamol caffeine  aspirin,HEDEX Caplets,Nas Chemist,0.5206237,35.2762755,8
26171,AMPICILLIN TRIHYDRATE BP  CLOXACILLIN  SODIUM BP,ELYCLOX CAPSULES,MEDPLEX CHEMIST,-1.4293031,36.6872005,50
26185,Acyclovir,Cyclovax 400 Tablets,MEDPLEX CHEMIST,-1.4293031,36.6872005,35
26196,BETAMETHASONE SODIUM PHOSPHATE NEOMYCIN SULPHATE,PROBETA-N EYE / EAR / NOSE DROPS,"Jubilee-Care Chemist, Perta Chemist","-1.1003338, -1.1079318","37.0129017, 37.016326",4
26197,ELEMENTAL ZINC AS  ZINC SULPHATE MONOHYDRATE,ZINCAT-OD SYRUP,EMIR HEALTH CENTER ,-1.266125,36.910522,12
26215,Sulfadoxine and  Pyrimethamine tablets,MALODAR TABLETS,"EMIR HEALTH CENTER , Nas Chemist, SIDAI CHEMIST","-1.266125, 0.5206237, -1.4779526","36.910522, 35.2762755, 36.9577694",9
26232,Tinidazole,TINIZOL 500 TABLETS,EMIR HEALTH CENTER ,-1.266125,36.910522,4
26270,Losartan potasium,LOSARTAS-50mg,EMIR HEALTH CENTER ,-1.266125,36.910522,3
26280,Amoxicillin/ Clavulanic Acid,BACTOCLAV 625,"EMIR HEALTH CENTER , Nas Chemist","-1.266125, 0.5206237","36.910522, 35.2762755",38
26284,Chlorpheniramine maleate,Phenalin syrup,SIDAI CHEMIST,-1.4779526,36.9577694,3
26310,KETOTIFEN,KETOMAR,KEGAKA PHARMACY,-1.0133967,36.9058388,1
26331,LOPERAMIDE HCL,IMMOBULK CAPSULES,"EMIR HEALTH CENTER , Jubilee-Care Chemist, SIDAI CHEMIST","-1.266125, -1.1003338, -1.4779526","36.910522, 37.0129017, 36.9577694",11
26374,Erythromycin Sterate BP,THROCIN 500 TABLETS,Jubilee-Care Chemist,-1.1003338,37.0129017,20
29458,PARACETAMOL,PARAFAST ET 1000 TABLETS,SIDAI CHEMIST,-1.4779526,36.9577694,3
29467,CETIRIZINE HYDROCHLORIDE,CETRIZ SYRUP,EMIR HEALTH CENTER ,-1.266125,36.910522,5
29491,amoxicillin capsules 500 mg,unimox BP 500mg,MEDIBLEND ,-1.282731,36.7848689,436
29502,Levocetirizine Hydrochloride Montelukast Sodium,L Montus Kid,SIDAI CHEMIST,-1.4779526,36.9577694,5
29507,esomeprazole 20mg,ZOMEP ES 20,Jubilee-Care Chemist,-1.1003338,37.0129017,1
29516,Ceftriaxone Sodium USP,Theoxone 1 gm,EMIR HEALTH CENTER ,-1.266125,36.910522,3
29540,Amoxicillin Trihydrate BP,Kemoxyl DT 250,"EMIR HEALTH CENTER , SIDAI CHEMIST","-1.266125, -1.4779526","36.910522, 36.9577694",30
29573,"Ambroxol HCl, Terbutaline Sulphate, Guaiphenesin…",EZY-COF,KARURA CHEMIST II  TILL 8073490,-1.2196352,36.7128582,2
29650,Tamsulosin & Dutasteride,D-TAM,MEDPLEX CHEMIST,-1.4293031,36.6872005,120
29660,ALBENDAZOLE,BENAWORM SUSPENSION,EMIR HEALTH CENTER ,-1.266125,36.910522,3
29905,Salbutamol sulphate,Azmasol HFA Inhation Aerosol,MEDPLEX CHEMIST,-1.4293031,36.6872005,7
29919,Sulphamethoxazole B.P. + Trimethoprim B.P.,Sulfran-DS.,SIDAI CHEMIST,-1.4779526,36.9577694,10
29932,Albendazole USP,TANZOL SUSPENSION,"ANGELIC STAR PHARMACEUTICALS, Fast Health Pharmacy , MEDPLEX CHEMIST, SIDAI CHEMIST","-1.2834847, -1.2908275, -1.4293031, -1.4779526","36.889222, 36.7327734, 36.6872005, 36.9577694",136
29938,Magnesium Trisillicate B.P.  Aluminium Hydroxide…,ALLUCID SUSPENSION,MEDPLEX CHEMIST,-1.4293031,36.6872005,4
29952,THIAMINE HCL RIBOFLAVINE  NICOTINAMIDE,VITAMIN B COMPLEX TABLETS,EMIR HEALTH CENTER ,-1.266125,36.910522,1
29964,Amoxicillin Trihydrate,KEMOXYL 250,SIDAI CHEMIST,-1.4779526,36.9577694,25
30029,"Aspirin, Paracetamol and Caffeine",Mara Moja Tablets,"edlian hope u, Jubilee-Care Chemist","0.0, -1.1003338","0.0, 37.0129017",60
30031,Diclofenac Sodium,Dola CR,EMIR HEALTH CENTER ,-1.266125,36.910522,1
30034,AMOXYCILLIN TRIHYDRATE POTASSIUM CLAVULANATE,AMOKLAVIN 228,EMIR HEALTH CENTER ,-1.266125,36.910522,10
30077,Omeprazole BP,OMICAP-20,MEDPLEX CHEMIST,-1.4293031,36.6872005,27
30109,Aceclofenac,SICLOFEN 100MG TABS,BetahCare Family Health Clinic,,,14
30140,"MICONAZOLE NITRATE, CLOBETASOL PROPIONATE AND…",MICLOCIN CREAM,BetahCare Family Health Clinic,,,1
30212,Ibuprofen BP,Medifen 400 Tablets,ANGELIC STAR PHARMACEUTICALS,-1.2834847,36.889222,44
30215,PHENOXYMETHYLPENICILLIN POTASSIUM,SPENIV TABLETS 250,BetahCare Family Health Clinic,,,2
30235,povidone-iodine USP,peardine mouthwash,Jubilee-Care Chemist,-1.1003338,37.0129017,3
30255,Paracetamol,ABPARA,KARURA CHEMIST II  TILL 8073490,-1.2196352,36.7128582,1
30266,Aceclofenac 100 mg,ZOFEN 100,MEDPLEX CHEMIST,-1.4293031,36.6872005,29
30348,Levonorgestrel BP,CHOICE-72,Nas Chemist,0.5206237,35.2762755,1
30352,Tranexamic tablets,MENOZIP,MEDIBLEND ,-1.282731,36.7848689,3
30365,OFLOXACIN & ORNIDAZOLE,ORAV-OZ,MEDPLEX CHEMIST,-1.4293031,36.6872005,12
30387,Sildenafil Citrate IH,MTM 50,MEDPLEX CHEMIST,-1.4293031,36.6872005,203
30396,Fluconazole,CANDIZOLE 200MG CAPSULES,MEDPLEX CHEMIST,-1.4293031,36.6872005,10
30455,IBUPROFEN,IBUX SUSPENSION,"BetahCare Family Health Clinic, Jubilee-Care Chemist",-1.1003338,37.0129017,8
30456,NORFLOXACIN,TEEFLOX TABLETS,"EMIR HEALTH CENTER , MEDPLEX CHEMIST","-1.266125, -1.4293031","36.910522, 36.6872005",50
30508,CEFIXIME TRIHYDRATE,EVERCEF 400 TABLETS,Jubilee-Care Chemist,-1.1003338,37.0129017,40
30532,Empagliflozin,Empaflo 10mg Tablets,KARURA CHEMIST II  TILL 8073490,-1.2196352,36.7128582,44
30535,PROMETHAZINE HCL,LARGAN SYRUP,Jubilee-Care Chemist,-1.1003338,37.0129017,4
30546,FLUCONAZOLE USP 200MG,ZUNIL200,EMIR HEALTH CENTER ,-1.266125,36.910522,4
30567,"Cyproheptadine Hydrochloride (Anhydrous), …","APETAMIN  (Cyproheptadine, Lysine and Vitamins…",SIDAI CHEMIST,-1.4779526,36.9577694,1
30570,"AMOXICILLIN 1000MG, ESOMEPRAZOLE 40MG AND…",LE SURE KIT,Apotek Pharmaceutical,-1.2885927,36.9504001,1
30671,Diclofenac sodium B.P,Diclofenac sodium Injection  (DICLOVITA),EMIR HEALTH CENTER ,-1.266125,36.910522,1
30690,Amoxicillin,Amoxil Capsules,"Bripamu Medical Stores, SIDAI CHEMIST","-1.3111251, -1.4779526","36.8939304, 36.9577694",50
30693,Ampicillin+Cloxacillin,Ampiclox Neonatal Drops,"EMIR HEALTH CENTER , MEDPLEX CHEMIST","-1.266125, -1.4293031","36.910522, 36.6872005",3
30711,SALBUTAMOL SULPHATE BP,SALBUT 4 TABLETS,SIDAI CHEMIST,-1.4779526,36.9577694,13
30715,METOCLOPRAMIDE HYDROCHLORIDE BP,METCOS TABLETS,memah bestcare pharmacy,-0.3076936,38.2196697,1
30718,MAGNESIUM TRISILICATE BP / DRIED ALUMINIUM…,COSMAG ANTACID TABLETS,MEDPLEX CHEMIST,-1.4293031,36.6872005,10
30728,Montelukast sodium and Levocetrizine…,Montallerg Tablets,MEDPLEX CHEMIST,-1.4293031,36.6872005,9
30768,METRONIDAZOLE,MEDZOL TABLETS,ANGELIC STAR PHARMACEUTICALS,-1.2834847,36.889222,30
30784,CHLORPHENIRAMINE MALEATE,RINOVIL TABLET,ANGELIC STAR PHARMACEUTICALS,-1.2834847,36.889222,10
30798,Mefenamic acid,Ponstan,KEGAKA PHARMACY,-1.0133967,36.9058388,2
30921,ZINC SULPHATE MONOHYDRATE,JUNIOR ZINC SULPHATE TABLETS,MEDPLEX CHEMIST,-1.4293031,36.6872005,20
30923,Amoxicillin Trihydrate eq. to Amoxicillin,Rivamox 125mg,MEDPLEX CHEMIST,-1.4293031,36.6872005,3
30964,Menthol (Mentha piperita) Wintergreen oil…,Sonapen Strong Balm,BetahCare Family Health Clinic,,,1
30994,Azithromycin,Zerocin Tablets,"EMIR HEALTH CENTER , memah bestcare pharmacy","-1.266125, -0.3076936","36.910522, 38.2196697",9
31032,Nifedipine USP,NEFIN 20 ER,"EMIR HEALTH CENTER , MEDPLEX CHEMIST, SIDAI CHEMIST","-1.266125, -1.4293031, -1.4779526","36.910522, 36.6872005, 36.9577694",883
31048,Ibuprofen BP,Calfen Suspension,MEDPLEX CHEMIST,-1.4293031,36.6872005,2
31049,Pregabalin,GABAROL 75,KARURA CHEMIST II  TILL 8073490,-1.2196352,36.7128582,10
31076,MEFENAMIC ACID,MEFSUN 500,"Jubilee-Care Chemist, MEDPLEX CHEMIST","-1.1003338, -1.4293031","37.0129017, 36.6872005",49
31077,ALLUMINIUM HYDROXIDE + MgOH +SIMETHICONE,SUNGEL SUSPENSION,Apotek Pharmaceutical,-1.2885927,36.9504001,1
31081,LEVOFLOXAcin 500mg,ANFLOX,Jubilee-Care Chemist,-1.1003338,37.0129017,20
31092,CLOTRIMAZOLE,DAZOLE PESSARIES,Jubilee-Care Chemist,-1.1003338,37.0129017,3
31103,CYPROHEPTADINE HYDROCHLORIDE,UNIACTIN TABLETS,EMIR HEALTH CENTER ,-1.266125,36.910522,10
31180,GENTAMICIN BP,GENTAX  EYE DROPS,MEDPLEX CHEMIST,-1.4293031,36.6872005,3
31267,Clindamycin Hydrochloride,CLINDACIN 300MG CAPSULE,Jubilee-Care Chemist,-1.1003338,37.0129017,10
31305,Dexamethasone Sodium Phosphate USP,DEXNEO INJECTION,KARURA CHEMIST II  TILL 8073490,-1.2196352,36.7128582,6
31325,IBUPROFEN,TRIOFEN SUSPENSION,"ANGELIC STAR PHARMACEUTICALS, EMIR HEALTH CENTER , MEDPLEX CHEMIST, Nas Chemist","-1.2834847, -1.266125, -1.4293031, 0.5206237","36.889222, 36.910522, 36.6872005, 35.2762755",10
31361,Clindamycin Hydrochloride.,CLINDACIN 300 CAPSULE,MEDPLEX CHEMIST,-1.4293031,36.6872005,4
31372,ONDANSETRON HCL DIHYDRATE BP,ONDEX SYRUP,MEDPLEX CHEMIST,-1.4293031,36.6872005,1
31377,Levocetirizine Dihydrochloride USP,LEVOFREE 5MG TABLETS,MEDPLEX CHEMIST,-1.4293031,36.6872005,21
31420,Vitamin-B Complex Injection,Vitamin-B Complex Injection,MEDPLEX CHEMIST,-1.4293031,36.6872005,20
31495,Enalapril Maleate,Vasopril 5 Tablet,MEDPLEX CHEMIST,-1.4293031,36.6872005,70
31516,Colchicine,KOLZINE Tablets,MEDPLEX CHEMIST,-1.4293031,36.6872005,148
31519,Ibuprofen  BP and Paracetamol BP,Brustan Suspension,"Jubilee-Care Chemist, KARURA CHEMIST II  TILL 8073490","-1.1003338, -1.2196352","37.0129017, 36.7128582",2
31523,AMYLMETACRESOL & DICHLOROBENZL,STREPSILS HONEY & LEMON,Jubilee-Care Chemist,-1.1003338,37.0129017,4
31537,AMLODIPINE BESYLATE,VARINIL 5MG TABLETS,EMIR HEALTH CENTER ,-1.266125,36.910522,59
31542,PARACETAMOL  CHLORPHENIRAMINE MALEATE …,COLDFLU CAPSULES,"EMIR HEALTH CENTER , MEDPLEX CHEMIST","-1.266125, -1.4293031","36.910522, 36.6872005",12
31544,Medroxyprogesterone acetate,Depo - Provera,edlian hope u,0.0,0.0,3
31565,"Chlorpheniramine,Caffeine,Paracetamol AND…",HOMAGON CAPSULES,MEDPLEX CHEMIST,-1.4293031,36.6872005,108
31572,Promethazine,Histargan Syrup,"EMIR HEALTH CENTER , SIDAI CHEMIST","-1.266125, -1.4779526","36.910522, 36.9577694",2
31595,"CHLORPHENIRAMINE MALEATE, DIPHENHYDRAMINE HCl,…",COPHYDREX EXPECTORANT,MEDPLEX CHEMIST,-1.4293031,36.6872005,9
31599,Bacitracin .500units Neomycin…,Grabacin 3 Ointment,EMIR HEALTH CENTER ,-1.266125,36.910522,1
31600,Cefalexin,LEOCEF CAPSULES,Jubilee-Care Chemist,-1.1003338,37.0129017,70
31601,Betamethasone Valerate Cream,BETASON CREAM,MEDIBLEND ,-1.282731,36.7848689,1
31623,Dried Aluminium Hydroxide BP;  Magnesium…,GASTRO-GEL SUSPENSION,KARURA CHEMIST II  TILL 8073490,-1.2196352,36.7128582,1
31655,"SALBUTAMOL SULPHATE BP, BROMHEXINE HYDROCHLORIDE…",BROMSAL EXPECTORANT,EMIR HEALTH CENTER ,-1.266125,36.910522,1
31656,Clotrimazole USP,Candid V6 Combi Pack,"EMIR HEALTH CENTER , MEDPLEX CHEMIST","-1.266125, -1.4293031","36.910522, 36.6872005",3
31677,Paracetamol BP and Ibuprofen BP,Betafen Plus Suspension,MEDPLEX CHEMIST,-1.4293031,36.6872005,3
31790,Metformin Hydrochloride,Glucophage 500mg Tablets,MEDPLEX CHEMIST,-1.4293031,36.6872005,155
31791,Metformin Hydrochloride,Glucophage 850mg Tablets,MEDPLEX CHEMIST,-1.4293031,36.6872005,97
31821,"Clindamycin, Clotrimazole",Vagid-CL,MEDPLEX CHEMIST,-1.4293031,36.6872005,4
31822,Dexamethasone,DEXAFIL Tablets,EMIR HEALTH CENTER ,-1.266125,36.910522,10
31847,Cefixime trihydrate USP,Theofix-400,"MEDPLEX CHEMIST, SIDAI CHEMIST","-1.4293031, -1.4779526","36.6872005, 36.9577694",96
31893,sildenafil citrate 50mg,Vega 50,Jubilee-Care Chemist,-1.1003338,37.0129017,7
31932,CETRIZINE HYDROCHLORIDE,PIRICET SYRUP,MEDPLEX CHEMIST,-1.4293031,36.6872005,19
31959,Olanzapine,Deprex 10 Tablet,"KARURA CHEMIST II  TILL 8073490, MEDPLEX CHEMIST","-1.2196352, -1.4293031","36.7128582, 36.6872005",87
31969,Celecoxib,Celex-B 200 Capsule,KARURA CHEMIST II  TILL 8073490,-1.2196352,36.7128582,16
31986,Albendazole BP,NILWORM SUSPENSION,"Fast Health Pharmacy , MEDPLEX CHEMIST, SIDAI CHEMIST","-1.2908275, -1.4293031, -1.4779526","36.7327734, 36.6872005, 36.9577694",29
32016,BETAMETHASONE USP + DEXCHLORPHENIRAMINE MALEATE…,CELABET,SIDAI CHEMIST,-1.4779526,36.9577694,10
32052,KETOCONAZOLE,HITORAL CREAM,EMIR HEALTH CENTER ,-1.266125,36.910522,8
32256,Brustan Syrup 100ML,Ibuprufen & Paracetamol,CaptainCare Pharmacy,,,1
32272,Amoxil Forte 250MG/5ML,Amoxicillin ,MEDPLEX CHEMIST,-1.4293031,36.6872005,4
32273,Amoxil Forte 125MG/5ML,AMOXICILLIN (CLAVUNIC ACID),MEDPLEX CHEMIST,-1.4293031,36.6872005,4
32275,Elymox 60ML,AMOXICILLIN ,MEDPLEX CHEMIST,-1.4293031,36.6872005,3
32280,Ciprodine 500MG,CIPROFLOXACIN,MEDPLEX CHEMIST,-1.4293031,36.6872005,135
32283,antihistamine,flugone caps,"Jubilee-Care Chemist, MEDIBLEND , MEDPLEX CHEMIST","-1.1003338, -1.282731, -1.4293031","37.0129017, 36.7848689, 36.6872005",646
32285,pregnancy test strip,laborex,"Apotek Pharmaceutical, Nas Chemist","-1.2885927, 0.5206237","36.9504001, 35.2762755",30
32293,crepe bandage,medicrepe,Jubilee-Care Chemist,-1.1003338,37.0129017,1
32362,crepe bandage,medicrepe,EMIR HEALTH CENTER ,-1.266125,36.910522,6
32424,C-Azi,Azythromycin,"EMIR HEALTH CENTER , MEDPLEX CHEMIST","-1.266125, -1.4293031","36.910522, 36.6872005",11
32535,Vaseline Original-Dermatologist Tested,Vaseline Original-Dermatologist Tested,Nas Chemist,0.5206237,35.2762755,4
32569,Ideal Olive Oil,Ideal Olive Oil,KARURA CHEMIST II  TILL 8073490,-1.2196352,36.7128582,1
32572,Tropical Coconut Oil,Tropical Coconut Oil,Bonaim pharmacy ,-1.2062072,36.89570200000001,1
32959,tetanus injection,tetanus,PharmaRic Distributors,0,0,3
32990,paracetamol tabs,betamol,EMIR HEALTH CENTER ,-1.266125,36.910522,950
32997,dressing,h,"ANGELIC STAR PHARMACEUTICALS, BetahCare Family Health Clinic",-1.2834847,36.889222,4
32998,herbal ,h,Falcon medical clinic ,,,16
33002,Chlorpheniramine Maleate,Pirinox,MEDPLEX CHEMIST,-1.4293031,36.6872005,17
33003,Chlorpheniramine Maleate,Pirinox,MEDPLEX CHEMIST,-1.4293031,36.6872005,8
33005,Hemoforce Family ,"Ferric Ammonium Citrate, Folic Acid, Haemoglobin, Vitamin B12","ANGELIC STAR PHARMACEUTICALS, MEDPLEX CHEMIST","-1.2834847, -1.4293031","36.889222, 36.6872005",10
33009,Drugs,Benahist 60 ml,EMIR HEALTH CENTER ,-1.266125,36.910522,3
33012,Carboprom Syrup ,PROMETHAZINE ,PharmaRic Distributors,0,0,7
33015,Fluconazole ,Fc-zole,PharmaRic Distributors,0,0,6
33019,Cetrizine,Cetzan-10,"BetahCare Family Health Clinic, Fast Health Pharmacy ",-1.2908275,36.7327734,734
33020,Cetrizine Hydrochloride ,CetriPlain,"BetahCare Family Health Clinic, SIDAI CHEMIST",-1.4779526,36.9577694,15
33921,AZMASOL INHALER (SALBUTAMOL),AZMASOL INHALER (SALBUTAMOL),Jubilee-Care Chemist,-1.1003338,37.0129017,2
33944,DERIHALER INHALER 200D,DERIHALER INHALER 200D,KARURA CHEMIST II  TILL 8073490,-1.2196352,36.7128582,1
33958,FORACORT INHALER 100MCG,FORACORT INHALER 100MCG,Jubilee-Care Chemist,-1.1003338,37.0129017,1
34002,KALUMA INHALER,KALUMA INHALER,"Apotek Pharmaceutical, EMIR HEALTH CENTER , pharmaland","-1.2885927, -1.266125, -4.0587263","36.9504001, 36.910522, 39.6728888",15
34046,MOXACIL SYRUP 125MG/5ML 60ML,MOXACIL SYRUP 125MG/5ML 60ML,CALMAK CHEMIST ,-1.053931,38.3631399,9
34230,CEPHALEXIN 250MG CAPS(LEXIMARK,CEPHALEXIN 250MG CAPS(LEXIMARK,MEDPLEX CHEMIST,-1.4293031,36.6872005,260
34321,ENTAMAXIN CAPS 30S,ENTAMAXIN CAPS 30S,EMIR HEALTH CENTER ,-1.266125,36.910522,34
34420,FLUGONE CAPSULES 10S,FLUGONE CAPSULES 10S,EMIR HEALTH CENTER ,-1.266125,36.910522,625
34514,HOMAGON CAPSULES 10S,HOMAGON CAPSULES 10S,EMIR HEALTH CENTER ,-1.266125,36.910522,1
34560,IBUCAP FORTE CAPS 10S,IBUCAP FORTE CAPS 10S,"Bonaim pharmacy , Fast Health Pharmacy ","-1.2062072, -1.2908275","36.89570200000001, 36.7327734",8
34563,IBUFLAM SYRUP 100ML,IBUFLAM SYRUP 100ML,EMIR HEALTH CENTER ,-1.266125,36.910522,1
34580,IMACOF PAED 100ML,IMACOF PAED 100ML,MEDIBLEND ,-1.282731,36.7848689,4
34642,JOINTFIX COMBI PACK 20S,JOINTFIX COMBI PACK 20S,MEDPLEX CHEMIST,-1.4293031,36.6872005,20
34681,LOPERAMIDE 2MG CAPS 6S,LOPERAMIDE 2MG CAPS 6S,"EMIR HEALTH CENTER , Fast Health Pharmacy , MEDIBLEND ","-1.266125, -1.2908275, -1.282731","36.910522, 36.7327734, 36.7848689",11
34689,MANIX CAPS 20S,MANIX CAPS 20S,EMIR HEALTH CENTER ,-1.266125,36.910522,18
34784,OMEGA H3 CAPS 30S,OMEGA H3 CAPS 30S,KARURA CHEMIST II  TILL 8073490,-1.2196352,36.7128582,6
34868,PRONERVE NT CAPS 10S,PRONERVE NT CAPS 10S,KARURA CHEMIST II  TILL 8073490,-1.2196352,36.7128582,3
34889,RANFERON CAPS 30S,RANFERON CAPS 30S,urit medical ,-1.1009928,37.0129877,7
34951,SEVEN SEAS ONE A DAY 60S,SEVEN SEAS ONE A DAY 60S,Apotek Pharmaceutical,-1.2885927,36.9504001,53
35094,ZOLOCAN 200MG 10S,ZOLOCAN 200MG 10S,Fast Health Pharmacy ,-1.2908275,36.7327734,3
35115,DUREX CONDOM EXTRA SAFE 3S,DUREX CONDOM EXTRA SAFE 3S,Nas Chemist,0.5206237,35.2762755,1
35117,DUREX CONDOM FEELS 3S,DUREX CONDOM FEELS 3S,Jubilee-Care Chemist,-1.1003338,37.0129017,2
35146,KISS CLASSIC 24*3S,KISS CLASSIC 24*3S,"CALMAK CHEMIST , EMIR HEALTH CENTER , MEDIBLEND ","-1.053931, -1.266125, -1.282731","38.3631399, 36.910522, 36.7848689",36
35148,KISS STUDDED 24*3S,KISS STUDDED 24*3S,"Fast Health Pharmacy , Jubilee-Care Chemist","-1.2908275, -1.1003338","36.7327734, 37.0129017",4
35150,LIFEGUARD STUDDED 20*3S,LIFEGUARD STUDDED 20*3S,"ANGELIC STAR PHARMACEUTICALS, Nas Chemist","-1.2834847, 0.5206237","36.889222, 35.2762755",15
35201,ALWAYS REGULAR 10S,ALWAYS REGULAR 10S,MEDPLEX CHEMIST,-1.4293031,36.6872005,1
35236,CASTOR OIL 50ML,CASTOR OIL 50ML,Fast Health Pharmacy ,-1.2908275,36.7327734,1
35239,COLGATE HERBAL TOOTHPASTE  140G,COLGATE HERBAL TOOTHPASTE  140G,EMIR HEALTH CENTER ,-1.266125,36.910522,1
35244,COTTON WOOL 200GM,COTTON WOOL 200GM,EMIR HEALTH CENTER ,-1.266125,36.910522,2
35246,COTTON WOOL 400GM,COTTON WOOL 400GM,KEGAKA PHARMACY,-1.0133967,36.9058388,1
35372,METHYLATED SPIRIT 100ML,METHYLATED SPIRIT 100ML,"EMIR HEALTH CENTER , MEDIBLEND ","-1.266125, -1.282731","36.910522, 36.7848689",3
35386,NAN 3 POWDER 400G,NAN 3 POWDER 400G,EMIR HEALTH CENTER ,-1.266125,36.910522,1
35483,SUNNY GIRL PADS 10S,SUNNY GIRL PADS 10S,Perta Chemist,-1.1079318,37.016326,1
35510,TRAVEL SICKNESS BAND,TRAVEL SICKNESS BAND,Falcon medical clinic ,,,5
35661,BLACK ROSE DYE -,BLACK ROSE DYE -,Bonaim pharmacy ,-1.2062072,36.89570200000001,5
35883,EMAMI MENTHO PLUS BALM 30ML,EMAMI MENTHO PLUS BALM 30ML,Nas Chemist,0.5206237,35.2762755,5
36011,KOTEX  SUPER 16'S,KOTEX  SUPER 16'S,SAMIALBA,-1.279668,36.82553,2
36429,COLGATE TOOTHPASTE 10ML,COLGATE TOOTHPASTE 10ML,Nas Chemist,0.5206237,35.2762755,1
36551,ADHESIVE ELASTIC BANDAGES 5CM+ -,ADHESIVE ELASTIC BANDAGES 5CM+ -,Perta Chemist,-1.1079318,37.016326,5
36563,BIOGRAS 10CM*40CM 10S,BIOGRAS 10CM*40CM 10S,MEDPLEX CHEMIST,-1.4293031,36.6872005,1
36739,NEOPEPTINE RB DROPS 15ML,NEOPEPTINE RB DROPS 15ML,KEGAKA PHARMACY,-1.0133967,36.9058388,1
36743,NORMAL SALINE NASAL DROPS 10ML,NORMAL SALINE NASAL DROPS 10ML,MEDIBLEND ,-1.282731,36.7848689,6
36831,PEARDINE MOUTHWASH 100ML,PEARDINE MOUTHWASH 100ML,EMIR HEALTH CENTER ,-1.266125,36.910522,4
36879,ASHTON & PARSONS POWDER 20S,ASHTON & PARSONS POWDER 20S,EMIR HEALTH CENTER ,-1.266125,36.910522,16
36880,ASHTON & PARSONS PWD 20PCS (METRO),ASHTON & PARSONS PWD 20PCS (METRO),Fast Health Pharmacy ,-1.2908275,36.7327734,1
36925,FLORANORM SACHETS 10S,FLORANORM SACHETS 10S,MEDPLEX CHEMIST,-1.4293031,36.6872005,7
36964,NEXIUM 10MG SACHETS 28S,NEXIUM 10MG SACHETS 28S,"Apotek Pharmaceutical, EMIR HEALTH CENTER , Morogo chemist,","-1.2885927, -1.266125, -0.7810406","36.9504001, 36.910522, 35.3417514",11
36994,RISEK SATCHETS 40MG 10S,RISEK SATCHETS 40MG 10S,Apotek Pharmaceutical,-1.2885927,36.9504001,2
37230,DEPO PROVERA INJECTION -,DEPO PROVERA INJECTION -,ANGELIC STAR PHARMACEUTICALS,-1.2834847,36.889222,2
37232,DESEFIN 1G I.V (CEFTRIAXONE),DESEFIN 1G I.V (CEFTRIAXONE),EMIR HEALTH CENTER ,-1.266125,36.910522,1
37482,NOVORAPID FLEXEPEN 100U/ML 3ML 5S,NOVORAPID FLEXEPEN 100U/ML 3ML 5S,PANDE pharmacy ,-1.0569879,37.1106545,2
37502,PABRINEX I.V AMP 5ML 6S,PABRINEX I.V AMP 5ML 6S,KARURA CHEMIST II  TILL 8073490,-1.2196352,36.7128582,1
37646,TRIAMCINOLONE INJ 40MG/ML (K-CORT),TRIAMCINOLONE INJ 40MG/ML (K-CORT),KEGAKA PHARMACY,-1.0133967,36.9058388,2
37747,INST HIV TEST KIT,INST HIV TEST KIT,MEDIBLEND ,-1.282731,36.7848689,12
37799,DETERMINE HIV TESTS 100S -,DETERMINE HIV TESTS 100S -,"Fast Health Pharmacy , Perta Chemist","-1.2908275, -1.1079318","36.7327734, 37.016326",8
37872,FRICKS HERBAL LOZ HON/LEMON 72S,FRICKS HERBAL LOZ HON/LEMON 72S,Nas Chemist,0.5206237,35.2762755,60
37934,DIGITAL THERMOMETER 1S,DIGITAL THERMOMETER 1S,EMIR HEALTH CENTER ,-1.266125,36.910522,1
38092,DEXTRACIN E/E DROPS 5ML,DEXTRACIN E/E DROPS 5ML,EMIR HEALTH CENTER ,-1.266125,36.910522,1
38121,GENTAMYCIN EYE/EAR DROPS 10ML,GENTAMYCIN EYE/EAR DROPS 10ML,Nas Chemist,0.5206237,35.2762755,2
38172,MAXITROL DROPS 5ML,MAXITROL DROPS 5ML,Apotek Pharmaceutical,-1.2885927,36.9504001,3
38235,PROBETA-N EYE/EAR/NOSE DROPS 7.5ML K,PROBETA-N EYE/EAR/NOSE DROPS 7.5ML K,ZOLO HEALTHCARE SOLUTIONS,,,1
38322,NYSTATIN ORAL SUSP 30ML,NYSTATIN ORAL SUSP 30ML,Jubilee-Care Chemist,-1.1003338,37.0129017,1
38520,CANDID V-6 VAGINAL PESSARY,CANDID V-6 VAGINAL PESSARY,EMIR HEALTH CENTER ,-1.266125,36.910522,1
38523,CANDISTAT 200MG PESS 3S,CANDISTAT 200MG PESS 3S,Perta Chemist,-1.1079318,37.016326,1
38533,CLOTRINE PESS 100MG 6S,CLOTRINE PESS 100MG 6S,MEDPLEX CHEMIST,-1.4293031,36.6872005,2
38601,DEEP HEAT SPRAY 150ML,DEEP HEAT SPRAY 150ML,EMIR HEALTH CENTER ,-1.266125,36.910522,2
38749,PREGNANCY TEST STRIPS 1S,PREGNANCY TEST STRIPS 1S,"EMIR HEALTH CENTER , Fast Health Pharmacy , Jubilee-Care Chemist","-1.266125, -1.2908275, -1.1003338","36.910522, 36.7327734, 37.0129017",104
38765,URINALYSIS STRIPS 10T 100S,URINALYSIS STRIPS 10T 100S,ANGELIC STAR PHARMACEUTICALS,-1.2834847,36.889222,1
38779,ANUSOL SUPPOSITORIES 12S,ANUSOL SUPPOSITORIES 12S,"Apotek Pharmaceutical, EMIR HEALTH CENTER ","-1.2885927, -1.266125","36.9504001, 36.910522",25
38787,GACET 250MG SUPP 10S,GACET 250MG SUPP 10S,"Apotek Pharmaceutical, PANDE pharmacy ","-1.2885927, -1.0569879","36.9504001, 37.1106545",11
38973,I.V GIVING SETS (INDIA) INFUSION,I.V GIVING SETS (INDIA) INFUSION,EMIR HEALTH CENTER ,-1.266125,36.910522,1
39112,SURGICAL GAUZE 5CM*7.5CM 12S,SURGICAL GAUZE 5CM*7.5CM 12S,EMIR HEALTH CENTER ,-1.266125,36.910522,1
39121,SURGICAL SPIRIT 1LITRE,SURGICAL SPIRIT 1LITRE,KEGAKA PHARMACY,-1.0133967,36.9058388,1
39122,SURGICAL SPIRIT 500ML,SURGICAL SPIRIT 500ML,"EMIR HEALTH CENTER , MEDPLEX CHEMIST","-1.266125, -1.4293031","36.910522, 36.6872005",3
39123,SURGICAL SPIRIT 50ML,SURGICAL SPIRIT 50ML,Jubilee-Care Chemist,-1.1003338,37.0129017,1
39124,SURGICAL SPIRIT 5LITRE,SURGICAL SPIRIT 5LITRE,PANDE pharmacy ,-1.0569879,37.1106545,1
39188,ACINET 228/5ML DRY SYRUP 100ML,ACINET 228/5ML DRY SYRUP 100ML,EMIR HEALTH CENTER ,-1.266125,36.910522,2
39210,ALATROL SYRUP 30ML,ALATROL SYRUP 30ML,"ANGELIC STAR PHARMACEUTICALS, EMIR HEALTH CENTER ","-1.2834847, -1.266125","36.889222, 36.910522",2
39215,ALBENDAZOLE SUSPENSION 10ML,ALBENDAZOLE SUSPENSION 10ML,urit medical ,-1.1009928,37.0129877,11
39220,ALCOF SYRUP 60ML,ALCOF SYRUP 60ML,MEDIBLEND ,-1.282731,36.7848689,3
39227,ALLUCID  SUSP  100ML,ALLUCID  SUSP  100ML,Fast Health Pharmacy ,-1.2908275,36.7327734,1
39240,ALUGEL SUSP 100ML,ALUGEL SUSP 100ML,"Apotek Pharmaceutical, EMIR HEALTH CENTER , Jubilee-Care Chemist","-1.2885927, -1.266125, -1.1003338","36.9504001, 36.910522, 37.0129017",12
39265,AMOXICILLIN MOXACIL DS SYP 100ML,AMOXICILLIN MOXACIL DS SYP 100ML,MEDIBLEND ,-1.282731,36.7848689,8
39277,AMPICLOX (AXYLIN) SYRUP 100ML,AMPICLOX (AXYLIN) SYRUP 100ML,EMIR HEALTH CENTER ,-1.266125,36.910522,1
39288,APETAMIN SYRUP 200ML,APETAMIN SYRUP 200ML,EMIR HEALTH CENTER ,-1.266125,36.910522,1
39290,APPETER B SYRUP 100ML,APPETER B SYRUP 100ML,EMIR HEALTH CENTER ,-1.266125,36.910522,2
39318,ATRIZIN SYRUP 60ML,ATRIZIN SYRUP 60ML,EMIR HEALTH CENTER ,-1.266125,36.910522,1
39320,AUGMENTIN SYRUP 228MG/5ML 70ML,AUGMENTIN SYRUP 228MG/5ML 70ML,EMIR HEALTH CENTER ,-1.266125,36.910522,3
39321,Augmentin syrup 228mg/5ml 70ml,Augmentin syrup 228mg/5ml 70ml,MEDPLEX CHEMIST,-1.4293031,36.6872005,1
39353,BENASED CHESTY EXP 100ML,BENASED CHESTY EXP 100ML,EMIR HEALTH CENTER ,-1.266125,36.910522,1
39367,BETAFEN PLUS SYRUP 100ML,BETAFEN PLUS SYRUP 100ML,EMIR HEALTH CENTER ,-1.266125,36.910522,7
39368,BETAFEN PLUS SYRUP 60ML,BETAFEN PLUS SYRUP 60ML,EMIR HEALTH CENTER ,-1.266125,36.910522,7
39398,BLISCAL SYRUP 200ML,BLISCAL SYRUP 200ML,Jubilee-Care Chemist,-1.1003338,37.0129017,1
39420,BROZELIN EXPECTORANT SYP 100ML,BROZELIN EXPECTORANT SYP 100ML,EMIR HEALTH CENTER ,-1.266125,36.910522,2
39424,BRUSTAN SUSP 100ML,BRUSTAN SUSP 100ML,"KEGAKA PHARMACY, KOMA MEDICAL CENTER","-1.0133967, -1.2647614","36.9058388, 36.9087414",8
39433,CADISTIN EXPECTORANT 100ML,CADISTIN EXPECTORANT 100ML,EMIR HEALTH CENTER ,-1.266125,36.910522,1
39434,CADISTIN PLUS SYRUP 100ML,CADISTIN PLUS SYRUP 100ML,EMIR HEALTH CENTER ,-1.266125,36.910522,1
39435,CALCIMAX SYRUP 150ML,CALCIMAX SYRUP 150ML,EMIR HEALTH CENTER ,-1.266125,36.910522,1
39442,CALPOL INFANT SUSP. 100ML,CALPOL INFANT SUSP. 100ML,Apotek Pharmaceutical,-1.2885927,36.9504001,5
39449,CARBOPROM SYRUP 100ML,CARBOPROM SYRUP 100ML,MEDPLEX CHEMIST,-1.4293031,36.6872005,6
39454,CATOXYMAG N SRYUP 200ML,CATOXYMAG N SRYUP 200ML,KEGAKA PHARMACY,-1.0133967,36.9058388,2
39500,CHLORPHENIRAMINE (DAWA-CPM) 60 ML,CHLORPHENIRAMINE (DAWA-CPM) 60 ML,MEDIBLEND ,-1.282731,36.7848689,11
39507,CHLORPHENIRAMINE SYRUP (ZEDITONE)60ML,CHLORPHENIRAMINE SYRUP (ZEDITONE)60ML,ANGELIC STAR PHARMACEUTICALS,-1.2834847,36.889222,1
39527,CLAVULIN ORAL SUSP 457MG/5ML 70ML,CLAVULIN ORAL SUSP 457MG/5ML 70ML,EMIR HEALTH CENTER ,-1.266125,36.910522,4
39529,CLAXY SUSP 228MG/5ML 100ML,CLAXY SUSP 228MG/5ML 100ML,MEDIBLEND ,-1.282731,36.7848689,2
39543,COLDAMOL P SYRUP 100ML,COLDAMOL P SYRUP 100ML,EMIR HEALTH CENTER ,-1.266125,36.910522,1
39554,COPHYDREX EXP 60ML,COPHYDREX EXP 60ML,MEDPLEX CHEMIST,-1.4293031,36.6872005,4
39560,COSCOF DM LINCTUS 100ML,COSCOF DM LINCTUS 100ML,KARURA CHEMIST II  TILL 8073490,-1.2196352,36.7128582,1
39578,CRIPTOCAN SYRUP 35ML,CRIPTOCAN SYRUP 35ML,EMIR HEALTH CENTER ,-1.266125,36.910522,2
39582,CURAMOL SYRUP 100ML,CURAMOL SYRUP 100ML,Jubilee-Care Chemist,-1.1003338,37.0129017,1
39583,CURAMOL SYRUP 60ML,CURAMOL SYRUP 60ML,"Fast Health Pharmacy , KEGAKA PHARMACY, MEDIBLEND , Perta Chemist","-1.2908275, -1.0133967, -1.282731, -1.1079318","36.7327734, 36.9058388, 36.7848689, 37.016326",45
39587,CYPON SYRUP 100ML,CYPON SYRUP 100ML,B-sons pharmacy,-1.2673667,36.7509204,3
39590,CYPRO B PLUS SYRUP  200ML,CYPRO B PLUS SYRUP  200ML,ANGELIC STAR PHARMACEUTICALS,-1.2834847,36.889222,1
39645,DOMI SUSP 30ML,DOMI SUSP 30ML,KARURA CHEMIST II  TILL 8073490,-1.2196352,36.7128582,1
39664,DUPLAZIN COUGH SYRUP 100ML,DUPLAZIN COUGH SYRUP 100ML,ANGELIC STAR PHARMACEUTICALS,-1.2834847,36.889222,1
39674,EFLARON PLUS  SUSP  100ML,EFLARON PLUS  SUSP  100ML,"EMIR HEALTH CENTER , MEDPLEX CHEMIST","-1.266125, -1.4293031","36.910522, 36.6872005",11
39675,EFLARON SUSP 100ML,EFLARON SUSP 100ML,Jubilee-Care Chemist,-1.1003338,37.0129017,1
39676,EFLARON SUSP 60ML,EFLARON SUSP 60ML,"EMIR HEALTH CENTER , Jubilee-Care Chemist","-1.266125, -1.1003338","36.910522, 37.0129017",3
39699,ENTAMAXIN SYRUP 100ML,ENTAMAXIN SYRUP 100ML,EMIR HEALTH CENTER ,-1.266125,36.910522,10
39700,ENTAMAXIN SYRUP 60ML,ENTAMAXIN SYRUP 60ML,"EMIR HEALTH CENTER , Jubilee-Care Chemist","-1.266125, -1.1003338","36.910522, 37.0129017",10
39762,FLUCOLDEX-E SUSP 100ML,FLUCOLDEX-E SUSP 100ML,Fast Health Pharmacy ,-1.2908275,36.7327734,2
39767,FLUGONE DM COUGH SYRUP 120ML,FLUGONE DM COUGH SYRUP 120ML,Jubilee-Care Chemist,-1.1003338,37.0129017,1
39772,FLUGONE-P SYRUP 60ML,FLUGONE-P SYRUP 60ML,Jubilee-Care Chemist,-1.1003338,37.0129017,1
39785,GASTRO GEL 100ML,GASTRO GEL 100ML,pharmaland,-4.0587263,39.6728888,3
39789,GAVISCON LIQUID DOUBLE ACTION 150ML,GAVISCON LIQUID DOUBLE ACTION 150ML,EMIR HEALTH CENTER ,-1.266125,36.910522,5
39808,GOOD MORNING LUNG TONIC 60ML,GOOD MORNING LUNG TONIC 60ML,KEGAKA PHARMACY,-1.0133967,36.9058388,1
39828,HERBIGOR HTC 100ML,HERBIGOR HTC 100ML,Advan-med pharmaceuticals,-0.6809050999999999,34.8207902,1
39832,HISTARGAN SYRUP 100ML,HISTARGAN SYRUP 100ML,Apotek Pharmaceutical,-1.2885927,36.9504001,1
39843,IBUFLAM SYRUP 60ML,IBUFLAM SYRUP 60ML,"EMIR HEALTH CENTER , MEDPLEX CHEMIST","-1.266125, -1.4293031","36.910522, 36.6872005",5
39844,IBUGESIC SUSP 100ML,IBUGESIC SUSP 100ML,KEGAKA PHARMACY,-1.0133967,36.9058388,3
39890,KOFGON COUGH SYRUP 60ML GREEN,KOFGON COUGH SYRUP 60ML GREEN,CALMAK CHEMIST ,-1.053931,38.3631399,1
39891,KOFGON COUGH SYRUP 60ML RED,KOFGON COUGH SYRUP 60ML RED,EMIR HEALTH CENTER ,-1.266125,36.910522,3
39899,LACOFF DRY COUGH SYRUP 100ML,LACOFF DRY COUGH SYRUP 100ML,Fast Health Pharmacy ,-1.2908275,36.7327734,1
39933,LUNAHIST EXP 60ML,LUNAHIST EXP 60ML,Tikotiko Chemist ,-1.3080828,36.7819929,3
39992,MTM JELLY 7S,MTM JELLY 7S,ANGELIC STAR PHARMACEUTICALS,-1.2834847,36.889222,1
40028,NICOF SYRUP 100ML,NICOF SYRUP 100ML,MEDIBLEND ,-1.282731,36.7848689,2
40029,NICOF SYRUP 60ML,NICOF SYRUP 60ML,MEDIBLEND ,-1.282731,36.7848689,2
40050,OBREX EXP 100ML,OBREX EXP 100ML,space race,-1.311053,36.745584,1
40098,PANADOL BABY INFANT 60ML,PANADOL BABY INFANT 60ML,"EMIR HEALTH CENTER , MEDPLEX CHEMIST","-1.266125, -1.4293031","36.910522, 36.6872005",3
40142,PIRICET SYRUP 60ML,PIRICET SYRUP 60ML,"EMIR HEALTH CENTER , Jubilee-Care Chemist","-1.266125, -1.1003338","36.910522, 37.0129017",16
40144,PIRICLOR SYRUP 100ML,PIRICLOR SYRUP 100ML,EMIR HEALTH CENTER ,-1.266125,36.910522,1
40145,PIRICLOR SYRUP 60ML,PIRICLOR SYRUP 60ML,MEDPLEX CHEMIST,-1.4293031,36.6872005,1
40151,PIRITON SYRUP 100ML,PIRITON SYRUP 100ML,"EMIR HEALTH CENTER , KEGAKA PHARMACY","-1.266125, -1.0133967","36.910522, 36.9058388",2
40185,RANFERON SYRUP 200ML,RANFERON SYRUP 200ML,"EMIR HEALTH CENTER , KARURA CHEMIST II  TILL 8073490, MEDPLEX CHEMIST","-1.266125, -1.2196352, -1.4293031","36.910522, 36.7128582, 36.6872005",3
40192,RELCER GEL 100ML,RELCER GEL 100ML,"EMIR HEALTH CENTER , KEGAKA PHARMACY","-1.266125, -1.0133967","36.910522, 36.9058388",5
40200,RHINAPHYTO SOLUTION 100ML,RHINAPHYTO SOLUTION 100ML,B-sons pharmacy,-1.2673667,36.7509204,1
40205,RINACET SYP 60ML,RINACET SYP 60ML,Fast Health Pharmacy ,-1.2908275,36.7327734,1
40231,SALOREX EXP.100ML,SALOREX EXP.100ML,MEDIBLEND ,-1.282731,36.7848689,1
40260,SHALTOUX HERBAL COUGH SYRUP 100ML,SHALTOUX HERBAL COUGH SYRUP 100ML,MEDPLEX CHEMIST,-1.4293031,36.6872005,4
40285,STOPACID SUSPENSION 100ML -,STOPACID SUSPENSION 100ML -,Fast Health Pharmacy ,-1.2908275,36.7327734,1
40316,THIOCARB PROM 100ML,THIOCARB PROM 100ML,"healspark, Nas Chemist","-1.2526258, 0.5206237","36.6930253, 35.2762755",3
40317,THIOCARB PROM 60ML,THIOCARB PROM 60ML,urit medical ,-1.1009928,37.0129877,1
40324,TOFEN SYRUP 100ML,TOFEN SYRUP 100ML,KEGAKA PHARMACY,-1.0133967,36.9058388,1
40325,TORAMIN (Piriton) SYR 60MLS,TORAMIN (Piriton) SYR 60MLS,ZOLO HEALTHCARE SOLUTIONS,,,1
40326,TOTHEMA 10ML AMPS 20S,TOTHEMA 10ML AMPS 20S,Bonaim pharmacy ,-1.2062072,36.89570200000001,20
40341,TRES ORIX FORTE SYRUP 100ML,TRES ORIX FORTE SYRUP 100ML,EMIR HEALTH CENTER ,-1.266125,36.910522,1
40347,TRICOFF EXP RED 60ML,TRICOFF EXP RED 60ML,EMIR HEALTH CENTER ,-1.266125,36.910522,1
40352,TRICOHIST SYRUP 100ML,TRICOHIST SYRUP 100ML,KEGAKA PHARMACY,-1.0133967,36.9058388,2
40356,TRIDAHIST 100ML,TRIDAHIST 100ML,MEDPLEX CHEMIST,-1.4293031,36.6872005,1
40358,TRIDAHIST 60ML,TRIDAHIST 60ML,urit medical ,-1.1009928,37.0129877,2
40361,TRIDEX EXP 100ML,TRIDEX EXP 100ML,Jubilee-Care Chemist,-1.1003338,37.0129017,2
40362,TRIDEX EXP 60ML,TRIDEX EXP 60ML,Jubilee-Care Chemist,-1.1003338,37.0129017,1
40364,TRIHISTAMIN SYRUP 100ML,TRIHISTAMIN SYRUP 100ML,EMIR HEALTH CENTER ,-1.266125,36.910522,1
40367,TRIMETABOL SYRUP 150ML,TRIMETABOL SYRUP 150ML,EMIR HEALTH CENTER ,-1.266125,36.910522,6
40384,TRIPOZED EXPECTORANT 100ML,TRIPOZED EXPECTORANT 100ML,ANGELIC STAR PHARMACEUTICALS,-1.2834847,36.889222,1
40390,TROGYL SYRUP 60ML,TROGYL SYRUP 60ML,MEDPLEX CHEMIST,-1.4293031,36.6872005,6
40397,TUSPEL PLUS SYRUP 100ML,TUSPEL PLUS SYRUP 100ML,Apotek Pharmaceutical,-1.2885927,36.9504001,3
40411,ULGICID SUSP 200ML MINT,ULGICID SUSP 200ML MINT,EMIR HEALTH CENTER ,-1.266125,36.910522,1
40464,WOODWARDS GRIPE WATER 100ML,WOODWARDS GRIPE WATER 100ML,EMIR HEALTH CENTER ,-1.266125,36.910522,2
40484,ZEFCOLIN SYP 100ML,ZEFCOLIN SYP 100ML,"EMIR HEALTH CENTER , KEGAKA PHARMACY","-1.266125, -1.0133967","36.910522, 36.9058388",8
40514,ZYCET SYRUP 60ML,ZYCET SYRUP 60ML,Nas Chemist,0.5206237,35.2762755,2
40523,ABZ (ALBENDAZOLE) TABS,ABZ (ALBENDAZOLE) TABS,Apotek Pharmaceutical,-1.2885927,36.9504001,76
40544,ACETAL MR TABS 100S,ACETAL MR TABS 100S,"Apotek Pharmaceutical, edlian hope u, EMIR HEALTH CENTER , MEDIBLEND ","-1.2885927, 0.0, -1.266125, -1.282731","36.9504001, 0.0, 36.910522, 36.7848689",166
40552,ACINET 625MG TABS 10S,ACINET 625MG TABS 10S,edlian hope u,0.0,0.0,1
40553,ACINET TABS 1G 10S,ACINET TABS 1G 10S,Apotek Pharmaceutical,-1.2885927,36.9504001,53
40557,ACLOSARA MR TABS 10S,ACLOSARA MR TABS 10S,KEGAKA PHARMACY,-1.0133967,36.9058388,20
40564,ACTAL TUMS 100S(PLAIN),ACTAL TUMS 100S(PLAIN),urit medical ,-1.1009928,37.0129877,17
40567,ACTION ANALGESIC TABS  100S,ACTION ANALGESIC TABS  100S,Apotek Pharmaceutical,-1.2885927,36.9504001,10
40617,ALBENDAZOLE 400MG TABS 1000S,ALBENDAZOLE 400MG TABS 1000S,MEDIBLEND ,-1.282731,36.7848689,57
40746,AMLOZAAR H TABS 30S,AMLOZAAR H TABS 30S,PANDE pharmacy ,-1.0569879,37.1106545,43
40793,ANTACID TABS 100S,ANTACID TABS 100S,Apotek Pharmaceutical,-1.2885927,36.9504001,50
40801,APIGESIC PLUS 100/500MG 14S,APIGESIC PLUS 100/500MG 14S,B-sons pharmacy,-1.2673667,36.7509204,10
41026,BACTOCLAV 625MG TABS 20S,BACTOCLAV 625MG TABS 20S,KARURA CHEMIST II  TILL 8073490,-1.2196352,36.7128582,1
41031,BAROLE 20MG 30S,BAROLE 20MG 30S,KEGAKA PHARMACY,-1.0133967,36.9058388,7
41073,BETAPYN TABS 18S,BETAPYN TABS 18S,EMIR HEALTH CENTER ,-1.266125,36.910522,10
41185,BUSCOPAN PLUS TABS 40S,BUSCOPAN PLUS TABS 40S,pharmaland,-4.0587263,39.6728888,2
41210,CALCIGARD RETARD 20MG  100S,CALCIGARD RETARD 20MG  100S,Nas Chemist,0.5206237,35.2762755,36
41268,CARDINOL 25MG TABS 28S FC,CARDINOL 25MG TABS 28S FC,MEDIBLEND ,-1.282731,36.7848689,28
41277,CARDITAN H TABS 28S,CARDITAN H TABS 28S,"MEDIBLEND , ZOLO HEALTHCARE SOLUTIONS",-1.282731,36.7848689,256
41301,CARTIMOVE TABS 30S,CARTIMOVE TABS 30S,KEGAKA PHARMACY,-1.0133967,36.9058388,60
41348,CEFIXIME 400MG TABS 10S(XIFIX,CEFIXIME 400MG TABS 10S(XIFIX,Jubilee-Care Chemist,-1.1003338,37.0129017,50
41364,CELABET TABLETS 30S,CELABET TABLETS 30S,"MEDIBLEND , memah bestcare pharmacy","-1.282731, -0.3076936","36.7848689, 38.2196697",52
41367,CELESTAMINE TABLETS 30S,CELESTAMINE TABLETS 30S,KEGAKA PHARMACY,-1.0133967,36.9058388,5
41437,CHLORPROMAZINE 100MG TABS 100S COSMOS,CHLORPROMAZINE 100MG TABS 100S COSMOS,Apotek Pharmaceutical,-1.2885927,36.9504001,120
41481,CIPLADON 1000MG TABS 8S,CIPLADON 1000MG TABS 8S,"Apotek Pharmaceutical, Jubilee-Care Chemist, KEGAKA PHARMACY, pharmaland","-1.2885927, -1.1003338, -1.0133967, -4.0587263","36.9504001, 37.0129017, 36.9058388, 39.6728888",22
41528,CLAVAM 625MG TABS 20S,CLAVAM 625MG TABS 20S,Fast Health Pharmacy ,-1.2908275,36.7327734,10
41601,COLD FLU CAPS 120S,COLD FLU CAPS 120S,MEDPLEX CHEMIST,-1.4293031,36.6872005,28
41647,COSATRIM DS TABS 100S,COSATRIM DS TABS 100S,EMIR HEALTH CENTER ,-1.266125,36.910522,171
41657,COTRIMOXAZOLE 480MG 100S,COTRIMOXAZOLE 480MG 100S,MEDIBLEND ,-1.282731,36.7848689,2
41700,CYPRO B PLUS TABS 30S,CYPRO B PLUS TABS 30S,urit medical ,-1.1009928,37.0129877,27
41790,DIABETIC COMPLEX 60S (NATIVA),DIABETIC COMPLEX 60S (NATIVA),DoeJo Pharmaceuticals,-1.2461549,36.8748971,1
41791,DIABETONE TABS 30S,DIABETONE TABS 30S,MEDPLEX CHEMIST,-1.4293031,36.6872005,15
41794,DIAGLUC TABS 80MG 28S,DIAGLUC TABS 80MG 28S,KEGAKA PHARMACY,-1.0133967,36.9058388,28
41888,DOLOACT-MR 800MG TABS 100S,DOLOACT-MR 800MG TABS 100S,Perta Chemist,-1.1079318,37.016326,1
41959,ECEE  TABS 2S,ECEE  TABS 2S,EMIR HEALTH CENTER ,-1.266125,36.910522,21
41996,EMITINO TABLETS 4MG 10S,EMITINO TABLETS 4MG 10S,MEDPLEX CHEMIST,-1.4293031,36.6872005,4
42108,ESOSE TABS 20MG 10S,ESOSE TABS 20MG 10S,EMIR HEALTH CENTER ,-1.266125,36.910522,2
42203,FEMIPLAN PILLS 28S 1S,FEMIPLAN PILLS 28S 1S,"EMIR HEALTH CENTER , Fast Health Pharmacy , KEGAKA PHARMACY, memah bestcare pharmacy","-1.266125, -1.2908275, -1.0133967, -0.3076936","36.910522, 36.7327734, 36.9058388, 38.2196697",16
42247,FLAMACOR MR TABS 30S,FLAMACOR MR TABS 30S,EMIR HEALTH CENTER ,-1.266125,36.910522,44
42275,FLUCOLDEX TABS 12S,FLUCOLDEX TABS 12S,Fast Health Pharmacy ,-1.2908275,36.7327734,6
42286,FOLIC ACID 5MG TABS 100S,FOLIC ACID 5MG TABS 100S,MEDIBLEND ,-1.282731,36.7848689,40
42360,GLENCEE TABS 1000MG 20S VITAMIN C,GLENCEE TABS 1000MG 20S VITAMIN C,EMIR HEALTH CENTER ,-1.266125,36.910522,3
42412,GLUCOPHAGE 500MG 90S,GLUCOPHAGE 500MG 90S,MEDIBLEND ,-1.282731,36.7848689,14
42489,HEDEX TABS 100S,HEDEX TABS 100S,MEDIBLEND ,-1.282731,36.7848689,17
42635,KALUMA KING LOZENGES 100S,KALUMA KING LOZENGES 100S,"Fast Health Pharmacy , MEDIBLEND ","-1.2908275, -1.282731","36.7327734, 36.7848689",8
42636,KALUMA STRONG CAPLETS 100S,KALUMA STRONG CAPLETS 100S,"EMIR HEALTH CENTER , MEDIBLEND ","-1.266125, -1.282731","36.910522, 36.7848689",34
42646,KEPPRA 500MG TABS 50S T,KEPPRA 500MG TABS 50S T,KARURA CHEMIST II  TILL 8073490,-1.2196352,36.7128582,33
42657,KIFARU 100MG TABS 4S,KIFARU 100MG TABS 4S,EMIR HEALTH CENTER ,-1.266125,36.910522,1
42780,LEVOLUKAST TABS 30S,LEVOLUKAST TABS 30S,EMIR HEALTH CENTER ,-1.266125,36.910522,16
42851,LOBAK TABS 100S,LOBAK TABS 100S,"Fast Health Pharmacy , MEDIBLEND ","-1.2908275, -1.282731","36.7327734, 36.7848689",158
42859,LOFNAC MR TABS 10S,LOFNAC MR TABS 10S,KEGAKA PHARMACY,-1.0133967,36.9058388,7
42923,LYRICA 150MG TABS 28S,LYRICA 150MG TABS 28S,MEDPLEX CHEMIST,-1.4293031,36.6872005,1
42935,LYSODOL MR TABS 30S,LYSODOL MR TABS 30S,Fast Health Pharmacy ,-1.2908275,36.7327734,3
42947,MARA MOJA TABS 100S,MARA MOJA TABS 100S,Fast Health Pharmacy ,-1.2908275,36.7327734,4
42966,MEFENAMIC ACID CAPS 500MG 100S,MEFENAMIC ACID CAPS 500MG 100S,MEDIBLEND ,-1.282731,36.7848689,26
42976,MELANOV MR 60 TABS 30S,MELANOV MR 60 TABS 30S,PANDE pharmacy ,-1.0569879,37.1106545,135
42977,MELCAM 15MG 50S (MELOXICAM),MELCAM 15MG 50S (MELOXICAM),"KEGAKA PHARMACY, MEDIBLEND ","-1.0133967, -1.282731","36.9058388, 36.7848689",22
43035,METOCLOPRAMIDE 10MG TABS 100S,METOCLOPRAMIDE 10MG TABS 100S,Apotek Pharmaceutical,-1.2885927,36.9504001,14
43069,MICROGYNON FE SCT TABS 28S,MICROGYNON FE SCT TABS 28S,MEDIBLEND ,-1.282731,36.7848689,1
43096,MODURETIC  TABS 30S,MODURETIC  TABS 30S,PANDE pharmacy ,-1.0569879,37.1106545,20
43271,NEUROBION FORTE TABS 750S,NEUROBION FORTE TABS 750S,urit medical ,-1.1009928,37.0129877,19
43275,NEURORUBINE FORTE TABS 20S,NEURORUBINE FORTE TABS 20S,Fast Health Pharmacy ,-1.2908275,36.7327734,1
43276,NEURORUBINE FORTE TABS 20S MEPHA,NEURORUBINE FORTE TABS 20S MEPHA,MEDIBLEND ,-1.282731,36.7848689,48
43285,NEXIOLE 20MG TABS 30S (ESOMEPRAZOLE),NEXIOLE 20MG TABS 30S (ESOMEPRAZOLE),Fast Health Pharmacy ,-1.2908275,36.7327734,2
43288,NEXITO 10MG TABS 30S,NEXITO 10MG TABS 30S,EMIR HEALTH CENTER ,-1.266125,36.910522,31
43292,NEXIUM 20MG TABS 14S,NEXIUM 20MG TABS 14S,EMIR HEALTH CENTER ,-1.266125,36.910522,12
43297,NEXIUM 40MG TABS 28S,NEXIUM 40MG TABS 28S,EMIR HEALTH CENTER ,-1.266125,36.910522,60
43326,NOGLUC TABS 112S,NOGLUC TABS 112S,"EMIR HEALTH CENTER , Nas Chemist","-1.266125, 0.5206237","36.910522, 35.2762755",374
43327,NOGLUC TABS 28S,NOGLUC TABS 28S,MEDIBLEND ,-1.282731,36.7848689,168
43430,OLWORM TABS 2S,OLWORM TABS 2S,Apotek Pharmaceutical,-1.2885927,36.9504001,6
43445,ONDAVIAN TABS 8MG 10S (ONDANSETRON),ONDAVIAN TABS 8MG 10S (ONDANSETRON),SAMIALBA,-1.279668,36.82553,3
43456,ONTEL 80 TRIO TABS 30S,ONTEL 80 TRIO TABS 30S,KARURA CHEMIST II  TILL 8073490,-1.2196352,36.7128582,10
43485,OSTEOCARE TABS 30S,OSTEOCARE TABS 30S,MEDPLEX CHEMIST,-1.4293031,36.6872005,175
43531,PANADOL ADVANCE TABS 100S,PANADOL ADVANCE TABS 100S,Nas Chemist,0.5206237,35.2762755,34
43533,PANADOL COLD & FLU 24S,PANADOL COLD & FLU 24S,Apotek Pharmaceutical,-1.2885927,36.9504001,21
43536,PANADOL EXTRA TABS 100S,PANADOL EXTRA TABS 100S,"Apotek Pharmaceutical, edlian hope u, Nas Chemist","-1.2885927, 0.0, 0.5206237","36.9504001, 0.0, 35.2762755",279
43710,PRIMOLUT N TABS 5MG 30S,PRIMOLUT N TABS 5MG 30S,Apotek Pharmaceutical,-1.2885927,36.9504001,6
43880,RILIF MR TABS 20S,RILIF MR TABS 20S,"ANGELIC STAR PHARMACEUTICALS, Apotek Pharmaceutical","-1.2834847, -1.2885927","36.889222, 36.9504001",6
43974,SAFE-72 TABS 2S,SAFE-72 TABS 2S,"ANGELIC STAR PHARMACEUTICALS, Fast Health Pharmacy , Jubilee-Care Chemist","-1.2834847, -1.2908275, -1.1003338","36.889222, 36.7327734, 37.0129017",19
43988,SALBUT 4MG TABS 100S,SALBUT 4MG TABS 100S,Nas Chemist,0.5206237,35.2762755,50
43990,SALBUTAMOL TABS 100S,SALBUTAMOL TABS 100S,"MEDIBLEND , urit medical ","-1.282731, -1.1009928","36.7848689, 37.0129877",189
44055,SINEMET 125MG 30S,SINEMET 125MG 30S,KARURA CHEMIST II  TILL 8073490,-1.2196352,36.7128582,150
44098,SOLVIN TABS 100S,SOLVIN TABS 100S,KARURA CHEMIST II  TILL 8073490,-1.2196352,36.7128582,10
44153,STUGERON 25MG TABS 50S,STUGERON 25MG TABS 50S,KARURA CHEMIST II  TILL 8073490,-1.2196352,36.7128582,10
44193,TAGERA FORTE TABS 2S,TAGERA FORTE TABS 2S,KEGAKA PHARMACY,-1.0133967,36.9058388,8
44200,TAMEPYN TABLETS 20S,TAMEPYN TABLETS 20S,"Apotek Pharmaceutical, EMIR HEALTH CENTER ","-1.2885927, -1.266125","36.9504001, 36.910522",49
44281,TERBINAFINE(TERBINAFORCE) 250MG 30S,TERBINAFINE(TERBINAFORCE) 250MG 30S,Apotek Pharmaceutical,-1.2885927,36.9504001,15
44320,TINILOX-MPS TABLETS 100S,TINILOX-MPS TABLETS 100S,MEDPLEX CHEMIST,-1.4293031,36.6872005,40
44395,TREVIAMET 50MG/1000MG TABS 14S,TREVIAMET 50MG/1000MG TABS 14S,KARURA CHEMIST II  TILL 8073490,-1.2196352,36.7128582,52
44397,TREVIAMET 50MG/500MG TABS 14S,TREVIAMET 50MG/500MG TABS 14S,KARURA CHEMIST II  TILL 8073490,-1.2196352,36.7128582,20
44403,TRIBEES FORTE 20S,TRIBEES FORTE 20S,MEDIBLEND ,-1.282731,36.7848689,22
44544,VEGA 50MG 4S,VEGA 50MG 4S,Fast Health Pharmacy ,-1.2908275,36.7327734,6
44720,YESCORT 30MG TABS 30S,YESCORT 30MG TABS 30S,MEDPLEX CHEMIST,-1.4293031,36.6872005,34
44787,ZOLEBET TABLETS 30S,ZOLEBET TABLETS 30S,EMIR HEALTH CENTER ,-1.266125,36.910522,164
44799,ZULU MR TABS 20S,ZULU MR TABS 20S,KEGAKA PHARMACY,-1.0133967,36.9058388,20
44800,ZULU SP TABLETS 20S,ZULU SP TABLETS 20S,MEDPLEX CHEMIST,-1.4293031,36.6872005,6
44924,BECLOMIN CREAM /OINT 15GM,BECLOMIN CREAM /OINT 15GM,EMIR HEALTH CENTER ,-1.266125,36.910522,6
44966,BETASON CREAM 15GM,BETASON CREAM 15GM,EMIR HEALTH CENTER ,-1.266125,36.910522,2
44997,BULKOT-MIXI CREAM 20G,BULKOT-MIXI CREAM 20G,MEDIBLEND ,-1.282731,36.7848689,1
45007,CANDID B CREAM 15GM,CANDID B CREAM 15GM,MEDIBLEND ,-1.282731,36.7848689,2
45089,CLOTRINE B CREAM 15GM,CLOTRINE B CREAM 15GM,MEDIBLEND ,-1.282731,36.7848689,3
45092,CLOZOLE B CREAM 15GM,CLOZOLE B CREAM 15GM,"Apotek Pharmaceutical, edlian hope u, MEDIBLEND ","-1.2885927, 0.0, -1.282731","36.9504001, 0.0, 36.7848689",44
45133,DEEP HEAT RUB 15GM,DEEP HEAT RUB 15GM,"Apotek Pharmaceutical, EMIR HEALTH CENTER ","-1.2885927, -1.266125","36.9504001, 36.910522",4
45221,ELYCORT CREAM 15GM,ELYCORT CREAM 15GM,EMIR HEALTH CENTER ,-1.266125,36.910522,1
45225,ELYVATE OINTMENT,ELYVATE OINTMENT,KARURA CHEMIST II  TILL 8073490,-1.2196352,36.7128582,1
45297,FUNBACT A CREAM 30GM,FUNBACT A CREAM 30GM,EMIR HEALTH CENTER ,-1.266125,36.910522,4
45372,IBUMEX GEL 25GM,IBUMEX GEL 25GM,EMIR HEALTH CENTER ,-1.266125,36.910522,1
45411,KLY LUBRICATING GEL 42GMS,KLY LUBRICATING GEL 42GMS,"EMIR HEALTH CENTER , Fast Health Pharmacy ","-1.266125, -1.2908275","36.910522, 36.7327734",2
45466,MEDIVEN CREAM 15G,MEDIVEN CREAM 15G,MEDIBLEND ,-1.282731,36.7848689,1
45529,NILBACT CREAM 30GM,NILBACT CREAM 30GM,MEDPLEX CHEMIST,-1.4293031,36.6872005,1
45530,NILHEAT GEL 30GM,NILHEAT GEL 30GM,Fast Health Pharmacy ,-1.2908275,36.7327734,1
45588,PHARMASAL OINTMENT 25GM,PHARMASAL OINTMENT 25GM,Apotek Pharmaceutical,-1.2885927,36.9504001,3
45589,PHARMASAL SPRAY 150ML,PHARMASAL SPRAY 150ML,Apotek Pharmaceutical,-1.2885927,36.9504001,1
45597,PHYTO ANDRO COFFEE,PHYTO ANDRO COFFEE,ANGELIC STAR PHARMACEUTICALS,-1.2834847,36.889222,2
45732,SONAPLAST 100S,SONAPLAST 100S,"Apotek Pharmaceutical, EMIR HEALTH CENTER ","-1.2885927, -1.266125","36.9504001, 36.910522",50
45838,VEET CREAM 50GM NORMAL,VEET CREAM 50GM NORMAL,MEDPLEX CHEMIST,-1.4293031,36.6872005,2
45874,XTRADERM CREAM 20GM,XTRADERM CREAM 20GM,"Apotek Pharmaceutical, Bonaim pharmacy , urit medical ","-1.2885927, -1.2062072, -1.1009928","36.9504001, 36.89570200000001, 37.0129877",26
45905,DASANI 1 LITRE _,DASANI 1 LITRE _,Nas Chemist,0.5206237,35.2762755,5
45933,Aluminium hydroxide &magnesium hydroxide,Benagas,EMIR HEALTH CENTER ,-1.266125,36.910522,1
45944,Ornidazole 500mg,Ornitab 500,Fast Health Pharmacy ,-1.2908275,36.7327734,1
45952,metronidazole 400mg,flazole 400mg,"Jubilee-Care Chemist, MEDIBLEND , Nas Chemist, urit medical ","-1.1003338, -1.282731, 0.5206237, -1.1009928","37.0129017, 36.7848689, 35.2762755, 37.0129877",667
45954,clotrimazole usp,Benasten,EMIR HEALTH CENTER ,-1.266125,36.910522,1
45956,Ballet Pure Petroleum Jelly 50g,Ballet Pure Petroleum Jelly 50g,Vutia Health,,,1
45960,Ballet Perfumed Baby Jelly 100g,Ballet Perfumed Baby Jelly 100g,Vutia Health,,,10
45962,Ballet ACTIVE VITAMIN  Jelly 100g,Ballet ACTIVE VITAMIN  Jelly 100g,Vutia Health,,,7
45964,Ballet ALOE VERA  Jelly 100g,Ballet ALOE VERA  Jelly 100g,Vutia Health,,,2
45965,Ballet ALOE VERA  Jelly 250g,Ballet ALOE VERA  Jelly 250g,Vutia Health,,,3
46202,ANAMOL PAED SUSP 60ML (PARACETAMOL),ANAMOL PAED SUSP 60ML (PARACETAMOL),Nas Chemist,0.5206237,35.2762755,1
46220,FUNBACT POWDER 50GM,FUNBACT POWDER 50GM,Mercilin Afya services ,-1.3921923,36.9407301,1
46255,Fludex ,Fludex ,MEDPLEX CHEMIST,-1.4293031,36.6872005,427
46799,Melaxicam 7.5mg,Melcam 7.5 Tablet,MEDIBLEND ,-1.282731,36.7848689,60
46886,ABZ SUSPENSION 400MG/10ML,ABZ SUSPENSION 400MG/10ML,JABE HEALTHMART PHARMACY NAROK,-1.0992338,35.8596332,1
48096,AUGMENTIN 228MG/5ML 70ML,AUGMENTIN 228MG/5ML 70ML,KARURA CHEMIST II  TILL 8073490,-1.2196352,36.7128582,1
48101,AZITHROMYCIN 500MG TABS 3`S(AGYCIN),AZITHROMYCIN 500MG TABS 3`S(AGYCIN),pharmaland,-4.0587263,39.6728888,1
48212,ARTEMETHER 20MG/LUMEFANTRINE 120MG 24`S(LONART),ARTEMETHER 20MG/LUMEFANTRINE 120MG 24`S(LONART),Apotek Pharmaceutical,-1.2885927,36.9504001,23
48243,LANTUS FLEXPEN 3ML 1`S,LANTUS FLEXPEN 3ML 1`S,PANDE pharmacy ,-1.0569879,37.1106545,1
48296,MTM 50MG 4`S,MTM 50MG 4`S,Perta Chemist,-1.1079318,37.016326,1
48332,CARBAMAZEPINE 200MG 100`S (NEUROTROL),CARBAMAZEPINE 200MG 100`S (NEUROTROL),Apotek Pharmaceutical,-1.2885927,36.9504001,70
48354,TAMEPYN TABLETS 20`S,TAMEPYN TABLETS 20`S,ANGELIC STAR PHARMACEUTICALS,-1.2834847,36.889222,10
48367,TRUST STUDDED 24`S,TRUST STUDDED 24`S,Perta Chemist,-1.1079318,37.016326,3
48386,NORMAL SALINE NASAL DROPS 10ML,NORMAL SALINE NASAL DROPS 10ML,MEDPLEX CHEMIST,-1.4293031,36.6872005,4
48446,ESOMEPRAZOLE 40MG TABS 30`S(NULOC),ESOMEPRAZOLE 40MG TABS 30`S(NULOC),"ANGELIC STAR PHARMACEUTICALS, Nas Chemist","-1.2834847, 0.5206237","36.889222, 35.2762755",23
48499,BROMOCRIPTINE 2.5MG TABS 30`S(BROMODEL),BROMOCRIPTINE 2.5MG TABS 30`S(BROMODEL),Apotek Pharmaceutical,-1.2885927,36.9504001,6
48502,DEPO CONTRACEPTIVE 1`S(LYDIA),DEPO CONTRACEPTIVE 1`S(LYDIA),Perta Chemist,-1.1079318,37.016326,1
48512,POSTINOR-2 TABS ORIGINAL,POSTINOR-2 TABS ORIGINAL,ZOLO HEALTHCARE SOLUTIONS,,,1
48748,CELABET TABS 30`S,CELABET TABS 30`S,edlian hope u,0.0,0.0,1
48754,FLUGONE CAPS 10`S,FLUGONE CAPS 10`S,"Nas Chemist, pharmaland","0.5206237, -4.0587263","35.2762755, 39.6728888",84
48758,KARVOL DECONGESTANT CAPS 10`S,KARVOL DECONGESTANT CAPS 10`S,Apotek Pharmaceutical,-1.2885927,36.9504001,11
48780,STREPSILS 100`S(REGULAR),STREPSILS 100`S(REGULAR),Fast Health Pharmacy ,-1.2908275,36.7327734,1
48791,CYPRO B PLUS TABS 30`S,CYPRO B PLUS TABS 30`S,Nas Chemist,0.5206237,35.2762755,18
48932,INFACOL DROPS 55ML(SIMETHICONE),INFACOL DROPS 55ML(SIMETHICONE),MEDPLEX CHEMIST,-1.4293031,36.6872005,1
48983,ZEFCOLIN SYRUP,ZEFCOLIN SYRUP,Apotek Pharmaceutical,-1.2885927,36.9504001,21
48990,ACNESOL CREAM,ACNESOL CREAM,Apotek Pharmaceutical,-1.2885927,36.9504001,4
49031,KALUMA PAIN BALM 12*9ML,KALUMA PAIN BALM 12*9ML,Apotek Pharmaceutical,-1.2885927,36.9504001,8
49067,XTRADERM CREAM 20GM,XTRADERM CREAM 20GM,Advan-med pharmaceuticals,-0.6809050999999999,34.8207902,4
49120,DELASED PAEDIATRIC 100ML,DELASED PAEDIATRIC 100ML,Apotek Pharmaceutical,-1.2885927,36.9504001,4
49155,OMEGA H3 30`S(BIOTONIC),OMEGA H3 30`S(BIOTONIC),Apotek Pharmaceutical,-1.2885927,36.9504001,12
49157,MENTHOL PLUS 9GM,MENTHOL PLUS 9GM,Fast Health Pharmacy ,-1.2908275,36.7327734,2
49192,BETAPYN 18`S,BETAPYN 18`S,Apotek Pharmaceutical,-1.2885927,36.9504001,9
49235,KALUMA STRONG TABS 50*2S,KALUMA STRONG TABS 50*2S,edlian hope u,0.0,0.0,1
49308,ZYRTAL MR TABS 20`S,ZYRTAL MR TABS 20`S,pharmaland,-4.0587263,39.6728888,8
49395,MONTAPLUS TABS 10`S,MONTAPLUS TABS 10`S,edlian hope u,0.0,0.0,3
49435,MULTIVITAMIN 60ML(MULTIDEX),MULTIVITAMIN 60ML(MULTIDEX),urit medical ,-1.1009928,37.0129877,1
49462,MENOZIP 500MG TABS 20`S(TRANEXAMIC ACID),MENOZIP 500MG TABS 20`S(TRANEXAMIC ACID),Perta Chemist,-1.1079318,37.016326,2
49491,MYOSPAZ 100`S,MYOSPAZ 100`S,Apotek Pharmaceutical,-1.2885927,36.9504001,32
49501,ACP MR TABS 100`S,ACP MR TABS 100`S,KARURA CHEMIST II  TILL 8073490,-1.2196352,36.7128582,6
49506,HCTZ 25MG 100`S(COSMOS),HCTZ 25MG 100`S(COSMOS),Fast Health Pharmacy ,-1.2908275,36.7327734,8
49512,ALBENDAZOLE TABS(NILWORM),ALBENDAZOLE TABS(NILWORM),"edlian hope u, Fast Health Pharmacy , MEDPLEX CHEMIST, Nas Chemist","0.0, -1.2908275, -1.4293031, 0.5206237","0.0, 36.7327734, 36.6872005, 35.2762755",19
49513,IFAS TABS 30S,IFAS TABS 30S,Apotek Pharmaceutical,-1.2885927,36.9504001,35
49620,PANADOL BABY & INFANT 60ML,PANADOL BABY & INFANT 60ML,Apotek Pharmaceutical,-1.2885927,36.9504001,1
49649,TAMEPYN TABS 20`S(BETAPYN GENERIC),TAMEPYN TABS 20`S(BETAPYN GENERIC),edlian hope u,0.0,0.0,1
49668,ALCOF 100ML SYR,ALCOF 100ML SYR,urit medical ,-1.1009928,37.0129877,1
49676,ALCOF 60ML SYR,ALCOF 60ML SYR,urit medical ,-1.1009928,37.0129877,5
49727,SAFE 72 TABS(P2 GENERIC),SAFE 72 TABS(P2 GENERIC),Nas Chemist,0.5206237,35.2762755,5
49864,KRIDOFOS INJ 2ML 1`S(DIPROFOS GEN),KRIDOFOS INJ 2ML 1`S(DIPROFOS GEN),MEDPLEX CHEMIST,-1.4293031,36.6872005,1
49894,DTAM TABS 30`S(DUODART GEN),DTAM TABS 30`S(DUODART GEN),MEDPLEX CHEMIST,-1.4293031,36.6872005,1
50064,LOPERAMIDE 2MG 6S,LOPERAMIDE 2MG 6S,Perta Chemist,-1.1079318,37.016326,12
50116,MULTIVITAMIN 100ML (ENERVIT),MULTIVITAMIN 100ML (ENERVIT),urit medical ,-1.1009928,37.0129877,1
50117,CZOLE V6 PESS(CLOTRIMAZOLE ),CZOLE V6 PESS(CLOTRIMAZOLE ),Fast Health Pharmacy ,-1.2908275,36.7327734,1
50236,DIPROSON CREAM 15G,DIPROSON CREAM 15G,Apotek Pharmaceutical,-1.2885927,36.9504001,6
50244,NEUROBIONE FORTE MERCK 900`S,NEUROBIONE FORTE MERCK 900`S,pharmaland,-4.0587263,39.6728888,10
50279,ACINET 625MG 10`S(AMOXYCLAV),ACINET 625MG 10`S(AMOXYCLAV),KARURA CHEMIST II  TILL 8073490,-1.2196352,36.7128582,1
50354,FAST KIT,FAST KIT,KARURA CHEMIST II  TILL 8073490,-1.2196352,36.7128582,1
50364,SALBUTAMOL INHALER(AZMASOL),SALBUTAMOL INHALER(AZMASOL),Apotek Pharmaceutical,-1.2885927,36.9504001,1
50371,CIPRO T TABS 10`S,CIPRO T TABS 10`S,Apotek Pharmaceutical,-1.2885927,36.9504001,1
50443,ASPARIL EXPECTORANT 60ML (ASCORIL GEN),ASPARIL EXPECTORANT 60ML (ASCORIL GEN),urit medical ,-1.1009928,37.0129877,1
50444,APFLU SYRUP 100ML,APFLU SYRUP 100ML,EMIR HEALTH CENTER ,-1.266125,36.910522,1
50500,POSTINOR 2(P2),POSTINOR 2(P2),center mark pharmacy,-1.334489,36.673465,1
50587,PARACETAMOL 100ML (FEVERCET)PCM,PARACETAMOL 100ML (FEVERCET)PCM,urit medical ,-1.1009928,37.0129877,1
50693,MULTIVITAMIN 60ML (ENERVIT),MULTIVITAMIN 60ML (ENERVIT),Apotek Pharmaceutical,-1.2885927,36.9504001,3
50944,PARACETAMOL 60ML(TRUMOL)PCM,PARACETAMOL 60ML(TRUMOL)PCM,urit medical ,-1.1009928,37.0129877,19
50962,BESTDIN MOUTHWASH 100ML(POVIDONE IODINE),BESTDIN MOUTHWASH 100ML(POVIDONE IODINE),MEDPLEX CHEMIST,-1.4293031,36.6872005,2
51016,TRIMIC FORTE SUPP 7'S,TRIMIC FORTE SUPP 7'S,KARURA CHEMIST II  TILL 8073490,-1.2196352,36.7128582,3
51059,BETADINE OINT. 15GM(POVIDONE IODINE),BETADINE OINT. 15GM(POVIDONE IODINE),KARURA CHEMIST II  TILL 8073490,-1.2196352,36.7128582,1
51284,FLUCONAZOLE 200MG 10`S (FLUTROX),FLUCONAZOLE 200MG 10`S (FLUTROX),Nas Chemist,0.5206237,35.2762755,1
51322,CYPRO B PLUS TABS 30`S,CYPRO B PLUS TABS 30`S,Apotek Pharmaceutical,-1.2885927,36.9504001,19
51379,MEDICAL PAPER BAG 2,MEDICAL PAPER BAG 2,urit medical ,-1.1009928,37.0129877,1
51440,DICLOFENAC GEL(VONAC),DICLOFENAC GEL(VONAC),MEDPLEX CHEMIST,-1.4293031,36.6872005,3
51454,ACINET 1GM 10'S (AMOXYCLAV),ACINET 1GM 10'S (AMOXYCLAV),KARURA CHEMIST II  TILL 8073490,-1.2196352,36.7128582,2
51498,BEECLAV 457MG 70ML (AMOXYCLAV),BEECLAV 457MG 70ML (AMOXYCLAV),KARURA CHEMIST II  TILL 8073490,-1.2196352,36.7128582,1
51654,CACHET TABS 100`S(CETRIZINE),CACHET TABS 100`S(CETRIZINE),EMIR HEALTH CENTER ,-1.266125,36.910522,101
51665,DUREX FEATHERLITE CONDOMS 3`S,DUREX FEATHERLITE CONDOMS 3`S,Nas Chemist,0.5206237,35.2762755,1
51844,ONECID SUSP 100ML(ANTACID),ONECID SUSP 100ML(ANTACID),MEDPLEX CHEMIST,-1.4293031,36.6872005,3
52250,BACTIZED 228MG 100ML (AMOXYCLAV) ,BACTIZED 228MG 100ML (AMOXYCLAV) ,EMIR HEALTH CENTER ,-1.266125,36.910522,1
52345,FACE MASKS SURGICAL 50`S(MEDIMAX),FACE MASKS SURGICAL 50`S(MEDIMAX),Nas Chemist,0.5206237,35.2762755,35
52352,LYSOBALM 9GM,LYSOBALM 9GM,MEDPLEX CHEMIST,-1.4293031,36.6872005,8
52412,RABETO 20MG(RABEPRAZOLE) 10S,RABETO 20MG(RABEPRAZOLE) 10S,Fast Health Pharmacy ,-1.2908275,36.7327734,20
52426,AMLODENK 5MG TABS 50`S,AMLODENK 5MG TABS 50`S,KARURA CHEMIST II  TILL 8073490,-1.2196352,36.7128582,10
52717,FERROLIC LF TABS 100`S(FERROUS+FOLIC),FERROLIC LF TABS 100`S(FERROUS+FOLIC),urit medical ,-1.1009928,37.0129877,10
53106,PARACETAMOL 60ML(TOTOMOL)PCM,PARACETAMOL 60ML(TOTOMOL)PCM,ZOLO HEALTHCARE SOLUTIONS,,,1
53338,CLOPIDOGREL 75MG 30`S(CLOPIDOWEL),CLOPIDOGREL 75MG 30`S(CLOPIDOWEL),SAMIALBA,-1.279668,36.82553,20
54388,APYTRY SYP 100ML,APYTRY SYP 100ML,EMIR HEALTH CENTER ,-1.266125,36.910522,2
54412,VITASEC FORTE(SECNIDAZOLE)2`S,VITASEC FORTE(SECNIDAZOLE)2`S,MPEKE PHARMACY,,,2
54440,ACINET 1000MG TABS 10`S,ACINET 1000MG TABS 10`S,Fast Health Pharmacy ,-1.2908275,36.7327734,10
54473,ACTIVATED CHARCOAL TABS 100`s,ACTIVATED CHARCOAL TABS 100`s,Apotek Pharmaceutical,-1.2885927,36.9504001,10
54816,BENZHEXOL 5MG * 100,BENZHEXOL 5MG * 100,Fast Health Pharmacy ,-1.2908275,36.7327734,3
55077,CEPHALEXIN 500MG 100`S (LEOCEF],CEPHALEXIN 500MG 100`S (LEOCEF],urit medical ,-1.1009928,37.0129877,93
55123,CHLORPHENIRAMINE SYRP 100ML (DAWA-CPM),CHLORPHENIRAMINE SYRP 100ML (DAWA-CPM),Fast Health Pharmacy ,-1.2908275,36.7327734,1
55174,CLARICOS SUSP 125MG/5ML 70ML,CLARICOS SUSP 125MG/5ML 70ML,MEDPLEX CHEMIST,-1.4293031,36.6872005,1
55244,CO-AMOXICLAV 457MG SUSP 70ML(MY DAWA),CO-AMOXICLAV 457MG SUSP 70ML(MY DAWA),Apotek Pharmaceutical,-1.2885927,36.9504001,2
55405,DAWASOLONE(PREDNISOLONE) SYRUP 60ML,DAWASOLONE(PREDNISOLONE) SYRUP 60ML,KARURA CHEMIST II  TILL 8073490,-1.2196352,36.7128582,2
55406,DAWAVITE SYR 100ML,DAWAVITE SYR 100ML,Fast Health Pharmacy ,-1.2908275,36.7327734,1
55551,DOLOJOINT -EXTRA TABS 30*S,DOLOJOINT -EXTRA TABS 30*S,KARURA CHEMIST II  TILL 8073490,-1.2196352,36.7128582,30
55697,ENO CALCIUM ANTACID TABS 100*S,ENO CALCIUM ANTACID TABS 100*S,Nas Chemist,0.5206237,35.2762755,3
55803,ETOFLAM GEL 30G,ETOFLAM GEL 30G,MEDPLEX CHEMIST,-1.4293031,36.6872005,1
56039,GALCET (CETRIZINE) 10MG TABS 100`S,GALCET (CETRIZINE) 10MG TABS 100`S,Nas Chemist,0.5206237,35.2762755,325
56152,GRIPE WATER (BETA) 60ML,GRIPE WATER (BETA) 60ML,Perta Chemist,-1.1079318,37.016326,1
56358,JUNIOR ZINC 100`S,JUNIOR ZINC 100`S,urit medical ,-1.1009928,37.0129877,2
56639,LYSO BALM 9G,LYSO BALM 9G,Fast Health Pharmacy ,-1.2908275,36.7327734,1
56835,MULTIDEX(MULTIVITAMIN)SYRUP 100ML,MULTIDEX(MULTIVITAMIN)SYRUP 100ML,EMIR HEALTH CENTER ,-1.266125,36.910522,1
56968,NOGLUC 112`S,NOGLUC 112`S,Apotek Pharmaceutical,-1.2885927,36.9504001,34
57315,PRAZOMED-D CAPS,PRAZOMED-D CAPS,Fast Health Pharmacy ,-1.2908275,36.7327734,9
57344,PREGNANCY TEST STRIPS,PREGNANCY TEST STRIPS,Perta Chemist,-1.1079318,37.016326,7
57585,SECNIDAZOLE 1GM TABS 2S(DAWASEC),SECNIDAZOLE 1GM TABS 2S(DAWASEC),MPEKE PHARMACY,,,1
57806,TANZOL TABS  1`S,TANZOL TABS  1`S,Apotek Pharmaceutical,-1.2885927,36.9504001,1
57864,TINIDAZOLE 500MG *4`S,TINIDAZOLE 500MG *4`S,MPEKE PHARMACY,,,2
58086,VENTOLIN EVOHALER 200 DOSE,VENTOLIN EVOHALER 200 DOSE,Apotek Pharmaceutical,-1.2885927,36.9504001,1
58153,WATER GUARD 150ML,WATER GUARD 150ML,Nas Chemist,0.5206237,35.2762755,1
61109,empa m tablets 12.5+500mg 14*s,empa m tablets 12.5+500mg 14*s,KARURA CHEMIST II  TILL 8073490,-1.2196352,36.7128582,14
63095,NORETHISTERON,NORETHIGLAX TABS 5MG,Fast Health Pharmacy ,-1.2908275,36.7327734,6
63115,SODIUM BICARBONATE,RELAX,Fast Health Pharmacy ,-1.2908275,36.7327734,3
